title,type,vendor,product,version,update,raw_cpe,cpe_id,last_modified
3Com 3CDaemon,Application,3Com,3Cdaemon,-,,cpe:2.3:a:3com:3cdaemon:-:*:*:*:*:*:*:*,BAE41D20-D4AF-4AF0-AA7D-3BD04DA402A7,2011-01-12T14:35:43.723
3Com 3CServer,Application,3Com,3Cserver,-,,cpe:2.3:a:3com:3cserver:-:*:*:*:*:*:*:*,FFADC2E2-6888-490E-98CB-6D86D2E893A6,2011-01-12T14:35:43.867
3Com 3CTftpSvc,Application,3Com,3Ctftpsvc,-,,cpe:2.3:a:3com:3ctftpsvc:-:*:*:*:*:*:*:*,70541E97-4633-4EAF-8A65-82B9A844FBF5,2011-01-12T14:35:44.163
3Com Network Supervisor,Application,3Com,3C15100D,-,,cpe:2.3:a:3com:3c15100d:-:*:*:*:*:*:*:*,78E49997-705F-4877-901D-85725D2B02DC,2011-01-12T14:35:43.020
3Com WebCache 1000,Application,3Com,3C16115-Us,-,,cpe:2.3:a:3com:3c16115-us:-:*:*:*:*:*:*:*,7E93ED40-CB5F-4507-8C9E-48725C1CB4AA,2011-01-12T14:35:43.163
3Com WebCache 3000,Application,3Com,3C16116-Us,-,,cpe:2.3:a:3com:3c16116-us:-:*:*:*:*:*:*:*,11822DF2-133C-47A5-ACFC-6814E4A63218,2011-01-12T14:35:43.443
ACT COMPASS,Application,Act,Compass,-,,cpe:2.3:a:act:compass:-:*:*:*:*:*:*:*,5CAF37C2-7741-4653-8DE8-C4D94AA7128C,2007-09-14T17:36:49.090
ActivCard ActivCard Gold CAC,Application,Activcard,Activcard Gold For Cac,-,,cpe:2.3:a:activcard:activcard_gold_for_cac:-:*:*:*:*:*:*:*,49D133F7-755D-47A2-911E-A796013B5679,2008-04-14T17:56:43.987
ActivCard Netsign CAC,Application,Saflink,Netsign Cac,-,,cpe:2.3:a:saflink:netsign_cac:-:*:*:*:*:*:*:*,7F7527D8-B67A-47BD-AB5C-937149242918,2008-04-01T13:54:15.493
ActiveState ActivePerl,Application,Activestate,Activeperl,-,,cpe:2.3:a:activestate:activeperl:-:*:*:*:*:*:*:*,BE438F25-4C13-48B2-B8E7-159412D2F5CA,2007-09-14T17:36:49.090
ActiveState ActivePython,Application,Activestate,Activepython,-,,cpe:2.3:a:activestate:activepython:-:*:*:*:*:*:*:*,EAE3801C-14C8-471B-8650-582E0D565A6D,2007-09-14T17:36:49.090
ActivIdentity ActivClient CAC,Application,Actividentity,Activclient Cac,-,,cpe:2.3:a:actividentity:activclient_cac:-:*:*:*:*:*:*:*,A4F9733C-9FD2-4B73-96CC-B24445A41BF0,2007-09-14T17:36:49.090
Adobe Acrobat,Application,Adobe,Acrobat,-,,cpe:2.3:a:adobe:acrobat:-:*:*:*:*:*:*:*,2E6C7F5E-2AA4-495F-8119-D8AEBCD9C2D6,2009-03-05T17:16:58.983
Adobe Acrobat 3D,Application,Adobe,Acrobat 3D,-,,cpe:2.3:a:adobe:acrobat_3d:-:*:*:*:*:*:*:*,7E02654A-06C3-41B1-B05D-B48AB82F14A8,2009-03-05T17:16:59.047
Adobe Acrobat Business Tools,Application,Adobe,Acrobat Business Tools,-,,cpe:2.3:a:adobe:acrobat_business_tools:-:*:*:*:*:*:*:*,29C18B93-5CD7-4000-AE04-0BCD8F79F9AC,2009-03-05T17:16:59.110
Adobe Acrobat Elements,Application,Adobe,Acrobat Elements,-,,cpe:2.3:a:adobe:acrobat_elements:-:*:*:*:*:*:*:*,D09E4B5A-E930-45C6-8D7A-E98CCE7CFA6E,2009-03-05T17:16:59.170
Adobe Acrobat Reader,Application,Adobe,Acrobat Reader,-,,cpe:2.3:a:adobe:acrobat_reader:-:*:*:*:*:*:*:*,AA40654E-56B3-42D1-9755-EF17127BDD92,2009-03-05T17:16:59.233
Adobe Adobe Content Server,Application,Adobe,Adobe Content Server,-,,cpe:2.3:a:adobe:adobe_content_server:-:*:*:*:*:*:*:*,7671AC18-9E61-484B-9DC3-2AA26BA0A357,2009-03-05T17:16:59.407
Adobe Adobe Integrated Runtime (AIR),Application,Adobe,Adobe Air,-,,cpe:2.3:a:adobe:adobe_air:-:*:*:*:*:*:*:*,3A4E6FA0-A994-47A2-8065-389C8A20AFC0,2011-12-20T18:46:09.773
Adobe Adobe PHP SDK,Application,Adobe,Adobe Php Ria Sdk,-,,cpe:2.3:a:adobe:adobe_php_ria_sdk:-:*:*:*:*:*:*:*,73D24CF5-6BF5-408B-B6D8-224FDB36CF99,2009-03-05T17:16:59.467
Adobe Breeze Licensed Server,Application,Adobe,Breeze Licensed Server,-,,cpe:2.3:a:adobe:breeze_licensed_server:-:*:*:*:*:*:*:*,6AF619DF-B38B-4B00-8D2E-BA58614304BA,2009-03-05T17:16:59.530
Adobe Captivate,Application,Adobe,Captivate,-,,cpe:2.3:a:adobe:captivate:-:*:*:*:*:*:*:*,C849FC5F-7970-4770-8A3A-416DCFDF9A45,2009-11-25T18:26:20.527
Adobe Contribute 4.1,Application,Adobe,Contribute,4.1,,cpe:2.3:a:adobe:contribute:4.1:*:*:*:*:*:*:*,6B5D4975-E447-4AB9-BA07-1D84DF0FFEFF,2009-11-25T18:26:20.637
Adobe Creative Suite,Application,Adobe,Creative Suite,-,,cpe:2.3:a:adobe:creative_suite:-:*:*:*:*:*:*:*,C3D8F123-B178-43E2-8305-2F9D83FFA28B,2009-03-05T17:16:59.843
Adobe Director,Application,Adobe,Director,-,,cpe:2.3:a:adobe:director:-:*:*:*:*:*:*:*,86DD070B-7015-4929-ADBB-63DE0FAD9677,2009-03-05T17:16:59.967
Adobe Document Server,Application,Adobe,Document Server,-,,cpe:2.3:a:adobe:document_server:-:*:*:*:*:*:*:*,697A7FD4-5471-4228-8726-E7E4FB113C21,2009-03-05T17:17:00.030
Adobe Download Manager,Application,Adobe,Download Manager,-,,cpe:2.3:a:adobe:download_manager:-:*:*:*:*:*:*:*,EA1DDF77-7A27-47F2-9C17-5EFE0C6CD66D,2009-03-05T17:17:00.093
Adobe Dreamweaver 9.0 (CS3),Application,Adobe,Dreamweaver,9.0,,cpe:2.3:a:adobe:dreamweaver:9.0:*:*:*:*:*:*:*,46F23FC8-F2EA-476B-AC7F-8C32E6A6922B,2010-08-27T13:09:19.987
Adobe Digital Editions,Application,Adobe,Digital Editions,-,,cpe:2.3:a:adobe:digital_editions:-:*:*:*:*:*:*:*,35ABA78E-20AC-4F5B-96EB-310FFAC7DDFC,2013-07-31T15:20:19.297
Adobe eLicensing,Application,Adobe,Elicensing,-,,cpe:2.3:a:adobe:elicensing:-:*:*:*:*:*:*:*,273A1B1E-C929-427C-8E95-DE6C75E3F821,2009-03-05T17:17:00.217
Adobe Fireworks 9.0,Application,Adobe,Fireworks,9.0,,cpe:2.3:a:adobe:fireworks:9.0:*:*:*:*:*:*:*,22380B49-7145-4265-9E58-3432CFD7BC9E,2009-11-25T18:26:20.933
Adobe Flash Player,Application,Adobe,Flash Player,-,,cpe:2.3:a:adobe:flash_player:-:*:*:*:*:*:*:*,0902DD43-0766-4492-8D0F-F7D1B0003D46,2009-03-05T17:17:00.280
Adobe Flex,Application,Adobe,Flex Sdk,-,,cpe:2.3:a:adobe:flex_sdk:-:*:*:*:*:*:*:*,336B0179-F81B-4541-88E3-EA5BF908C88B,2009-03-05T17:17:01.203
Adobe Form Flow Filler,Application,Adobe,Formflow Filler,-,,cpe:2.3:a:adobe:formflow_filler:-:*:*:*:*:*:*:*,A08F869D-8A83-4A8D-AD16-0DFA525A796E,2009-03-05T17:17:01.267
Adobe FrameMaker,Application,Adobe,Framemaker,-,,cpe:2.3:a:adobe:framemaker:-:*:*:*:*:*:*:*,1D9D67CB-A2E3-4CF6-ABD4-623ADDB92234,2009-03-05T17:17:01.327
Adobe GoLive,Application,Adobe,Golive,-,,cpe:2.3:a:adobe:golive:-:*:*:*:*:*:*:*,785C3366-4393-4C03-802E-81F39DB3212E,2009-03-05T17:17:01.860
Adobe Graphics Server,Application,Adobe,Graphics Server,-,,cpe:2.3:a:adobe:graphics_server:-:*:*:*:*:*:*:*,3842DC9F-D528-42A8-AA68-FBAC8DFE4A0F,2009-03-05T17:17:02.000
Adobe JRun,Application,Adobe,Jrun,-,,cpe:2.3:a:adobe:jrun:-:*:*:*:*:*:*:*,EA5B1F6E-F319-43E8-9D15-CC23CBB647B7,2009-03-05T17:17:02.813
Adobe LiveCycle Form Manager,Application,Adobe,Livecycle Form Manager,-,,cpe:2.3:a:adobe:livecycle_form_manager:-:*:*:*:*:*:*:*,FA1F2B0B-F234-4A05-8416-0C05DA69CF10,2009-11-25T18:26:23.763
Adobe LiveCycle Workflow,Application,Adobe,Livecycle Workflow,-,,cpe:2.3:a:adobe:livecycle_workflow:-:*:*:*:*:*:*:*,D242251B-E31B-4648-8616-DBC87C640E6F,2009-03-05T17:17:03.017
Adobe Macromedia Shockwave Player,Application,Adobe,Shockwave Player,-,,cpe:2.3:a:adobe:shockwave_player:-:*:*:*:*:*:*:*,D34F9057-C848-4CA3-A2B5-30D5B2E0A070,2009-03-05T17:17:03.640
Adobe Pagemaker,Application,Adobe,Pagemaker,-,,cpe:2.3:a:adobe:pagemaker:-:*:*:*:*:*:*:*,F9F5DEC1-1CE3-4ABD-B02A-D0D78F773196,2009-03-05T17:17:03.077
Adobe PhotoDeluxe,Application,Adobe,Photodeluxe,-,,cpe:2.3:a:adobe:photodeluxe:-:*:*:*:*:*:*:*,8AF8B6BF-046E-4B0E-B3A8-1801300A196C,2009-03-05T17:17:03.140
Adobe Photoshop,Application,Adobe,Photoshop,-,,cpe:2.3:a:adobe:photoshop:-:*:*:*:*:*:*:*,7C4EBF5A-113F-48EF-9CB4-B2D27426C1DF,2009-03-05T17:17:03.203
Adobe Photoshop Elements,Application,Adobe,Photoshop Elements,-,,cpe:2.3:a:adobe:photoshop_elements:-:*:*:*:*:*:*:*,B8CE7924-93D6-49E4-95A9-F5A2045C12CD,2009-03-05T17:17:03.453
Adobe RoboHelp,Application,Adobe,Robohelp,-,,cpe:2.3:a:adobe:robohelp:-:*:*:*:*:*:*:*,A7FE1362-AB6E-4674-855B-35002A83DBA0,2009-03-05T17:17:03.517
Adobe RoboHelp Server,Application,Adobe,Robohelp Server,-,,cpe:2.3:a:adobe:robohelp_server:-:*:*:*:*:*:*:*,87C7B3A3-C815-4C53-9370-A6C1807FCBAA,2009-03-05T17:17:03.577
Adobe SVG Viewer,Application,Adobe,Svg Viewer,-,,cpe:2.3:a:adobe:svg_viewer:-:*:*:*:*:*:*:*,2EA83E26-8BD2-4B92-B88B-66C630A30692,2009-03-05T17:17:03.703
Ahead Nero,Application,Nero,Nero,-,,cpe:2.3:a:nero:nero:-:*:*:*:*:*:*:*,1CBED1E1-34A3-4001-958F-2A7B30C26682,2008-04-01T14:08:29.657
Alcatel AOS,Operating System,Alcatel,Aos,-,,cpe:2.3:o:alcatel:aos:-:*:*:*:*:*:*:*,BD547F8F-278D-436B-B9AA-E6D5741C5354,2007-09-14T17:36:49.090
Alcatel-Lucent Voice Mail System,Application,Alcatel-Lucent,Voice Mail System,-,,cpe:2.3:a:alcatel-lucent:voice_mail_system:-:*:*:*:*:*:*:*,CF52BB9F-E97F-4553-84A3-6AB194F165B4,2007-09-14T17:36:49.090
Allied Telesis Allied Telesyn TFTP Server,Application,Alliedtelesyn,At-Tftp,-,,cpe:2.3:a:alliedtelesyn:at-tftp:-:*:*:*:*:*:*:*,127F3BC4-F1A2-43ED-8D3C-150AF394B2F2,2008-04-14T17:56:48.033
Altiris Carbon Copy Consumer Client,Application,Altiris,Carbon Copy,-,,cpe:2.3:a:altiris:carbon_copy:-:*:*:*:*:*:*:*,5C8E6044-B89F-47B5-9044-E8ED98AB6D4A,2008-04-01T14:08:33.000
Altiris Client Service,Application,Altiris,Client Service,-,,cpe:2.3:a:altiris:client_service:-:*:*:*:*:*:*:*,F36FA97F-9501-49B3-8A05-8ED3F79A26EC,2007-09-14T17:36:49.090
Altiris Deployment Server,Application,Altiris,Deployment Server Extension For Ibm Director,-,,cpe:2.3:a:altiris:deployment_server_extension_for_ibm_director:-:*:*:*:*:*:*:*,0A3CA5D8-E9BF-46C3-BA74-5F7466F9D26A,2008-04-01T14:08:34.437
Altiris Deployment Solution,Application,Altiris,Deployment Solution,-,,cpe:2.3:a:altiris:deployment_solution:-:*:*:*:*:*:*:*,02B06BE7-6976-4ED4-B08D-2BD10CE8842F,2007-09-14T17:36:49.090
Altiris Recovery Solution,Application,Altiris,Recovery Solution,-,,cpe:2.3:a:altiris:recovery_solution:-:*:*:*:*:*:*:*,00397187-ADBE-408B-ACAA-F8A5066B277F,2007-09-14T17:36:49.090
Altiris Server Management Suite,Application,Altiris,Server Management Suite,-,,cpe:2.3:a:altiris:server_management_suite:-:*:*:*:*:*:*:*,DBAEB6F2-E802-4ECD-9213-6F8AF4924B17,2007-09-14T17:36:49.090
AMANDA AMANDA,Application,Amanda,Amanda,-,,cpe:2.3:a:amanda:amanda:-:*:*:*:*:*:*:*,2E62A08B-038C-46CC-BE2B-A5697DB71B8F,2023-05-11T13:58:21.000
AMD chipset,Application,Amd,Catalyst Driver,-,,cpe:2.3:a:amd:catalyst_driver:-:*:*:*:*:*:*:*,25B4A6CD-0442-455C-A230-55004ACB4876,2008-04-01T14:08:35.000
AnalogX AnalogX Proxy,Application,Analogx,Proxy,-,,cpe:2.3:a:analogx:proxy:-:*:*:*:*:*:*:*,2C2D0FB0-405B-476A-A8C9-B2537DA4C090,2008-04-01T14:08:35.140
AnalogX Atomic TimeSync,Application,Analogx,Atomic Timesync,-,,cpe:2.3:a:analogx:atomic_timesync:-:*:*:*:*:*:*:*,1ACD3D78-9A89-4DA2-912D-F6B6238F8B1C,2007-09-14T17:36:49.090
AnalogX SimpleServer Shout,Application,Analogx,Simpleserver Shout,-,,cpe:2.3:a:analogx:simpleserver_shout:-:*:*:*:*:*:*:*,083E776E-17C5-444E-B0C2-0D1BE56EBF91,2007-09-14T17:36:49.090
AnalogX SimpleServer WWW,Application,Analogx,Simpleserver Www,-,,cpe:2.3:a:analogx:simpleserver_www:-:*:*:*:*:*:*:*,45DC37A4-09F8-4DB4-B094-881D9383588C,2007-09-14T17:36:49.090
ANSYS LS-DYNA,Application,Ansys,Ls-Dyna,-,,cpe:2.3:a:ansys:ls-dyna:-:*:*:*:*:*:*:*,511C26C7-F703-4EF0-A9F5-FC63EE1BBF6C,2009-11-25T18:26:24.073
ANSYS Mechanical LS-DYNA,Application,Ansys,Mechanical,-,,cpe:2.3:a:ansys:mechanical:-:*:*:*:*:*:*:*,B2BA2607-E96C-4FD6-A458-6898C9AD50B6,2009-11-25T18:26:24.467
Apache Software Foundation Apache log4net,Application,Apache,Log4Net,-,,cpe:2.3:a:apache:log4net:-:*:*:*:*:*:*:*,97A9119C-2249-4BCB-B4DF-52AB4A6EC086,2008-04-14T17:56:48.657
Apache Software Foundation Apache_test,Application,Apache,Apache Test,-,,cpe:2.3:a:apache:apache_test:-:*:*:*:*:*:*:*,8CDD397F-C0EE-499B-8B9F-E35ACA383BB2,2008-03-25T18:12:05.687
Apache Software Foundation Axis,Application,Apache,Axis,-,,cpe:2.3:a:apache:axis:-:*:*:*:*:*:*:*,D4675771-7B39-4AF7-A5DB-CD624093A186,2008-03-25T18:12:05.827
Apache Software Foundation Batik,Application,Apache,Batik,-,,cpe:2.3:a:apache:batik:-:*:*:*:*:*:*:*,F8A4F326-C78F-4357-BEFA-FEEBC9F7EC98,2008-03-25T18:12:05.983
Apache Software Foundation Cocoon,Application,Apache,Cocoon,-,,cpe:2.3:a:apache:cocoon:-:*:*:*:*:*:*:*,0CAB0166-5156-48A1-A133-005E389ABE8D,2008-03-25T18:12:06.343
Apache Software Foundation Coyote,Application,Apache,Coyote Http Connector,-,,cpe:2.3:a:apache:coyote_http_connector:-:*:*:*:*:*:*:*,160CA1AB-A636-4122-ADE4-46E5911F9A4D,2008-04-14T17:56:48.813
Apache Software Foundation Derby,Application,Apache,Derby,-,,cpe:2.3:a:apache:derby:-:*:*:*:*:*:*:*,0046FE3D-91EC-4449-B280-2A2BBE26908E,2008-03-25T18:12:06.843
Apache Software Foundation Geronimo,Application,Apache,Geronimo,-,,cpe:2.3:a:apache:geronimo:-:*:*:*:*:*:*:*,C9387365-F6DD-4D74-86F3-4827495A1577,2008-03-25T18:12:07.137
Apache Software Foundation James,Application,Apache,James,-,,cpe:2.3:a:apache:james:-:*:*:*:*:*:*:*,244C09C5-AC90-461D-B70A-D7E647CF951F,2008-03-25T18:12:07.593
Apache Software Foundation mod_auth_radius,Application,Apache,Mod Auth Radius,-,,cpe:2.3:a:apache:mod_auth_radius:-:*:*:*:*:*:*:*,3635036A-6319-4F04-BD9C-2555DF3BA130,2008-03-25T18:12:07.733
Apache Software Foundation mod_imap,Application,Apache,Mod Imap,-,,cpe:2.3:a:apache:mod_imap:-:*:*:*:*:*:*:*,F3AD4776-768A-40D3-AB5D-72F89E905F5C,2008-03-25T18:12:07.887
Apache Software Foundation mod_perl,Application,Apache,Mod Perl,-,,cpe:2.3:a:apache:mod_perl:-:*:*:*:*:*:*:*,58A2B7CF-D2D2-415C-ACCA-A48CA4DF9493,2008-03-25T18:12:07.967
Apache Software Foundation mod_python,Application,Apache,Mod Python,-,,cpe:2.3:a:apache:mod_python:-:*:*:*:*:*:*:*,A05F6455-7400-4B9A-86A1-B9722AE6A993,2008-03-25T18:12:08.420
Apache Software Foundation MyFaces Tomahawk,Application,Apache,Myfaces Tomahawk,-,,cpe:2.3:a:apache:myfaces_tomahawk:-:*:*:*:*:*:*:*,E7593629-1F99-45B0-9743-2B6FF091F185,2008-03-25T18:12:11.093
Apache Software Foundation Opentaps,Application,Apache,Opentaps,-,,cpe:2.3:a:apache:opentaps:-:*:*:*:*:*:*:*,537BBF4C-0720-4E93-B760-E21A8556E14C,2008-03-25T18:12:11.310
Apache Software Foundation SpamAssassin,Application,Apache,Spamassassin,-,,cpe:2.3:a:apache:spamassassin:-:*:*:*:*:*:*:*,12FE9D9F-8BE9-4E9E-8E46-E134C05A54A5,2008-03-25T18:12:11.467
Apache Software Foundation Struts,Application,Apache,Struts,-,,cpe:2.3:a:apache:struts:-:*:*:*:*:*:*:*,20F4DDE0-0C3A-4104-A470-54996B1ECD71,2008-03-25T18:12:12.107
Apache Software Foundation Tomcat,Application,Apache,Tomcat,-,,cpe:2.3:a:apache:tomcat:-:*:*:*:*:*:*:*,60D06B35-6FC8-4807-B511-DA0DD945EEA6,2008-03-25T18:12:12.327
Apache Software Foundation Tomcat JK Web Server Connector,Application,Apache,Tomcat Jk Web Server Connector,-,,cpe:2.3:a:apache:tomcat_jk_web_server_connector:-:*:*:*:*:*:*:*,13A268C0-73D4-4389-B501-E7F6AFFF6B23,2008-03-25T18:12:20.140
Apache Software Foundation Xerces-C++,Application,Apache,Xerces-C\+\+,-,,cpe:2.3:a:apache:xerces-c\+\+:-:*:*:*:*:*:*:*,A458D10E-8BFD-4D55-B645-0AFF86DC53E4,2023-02-05T21:10:01.860
APC Apcupsd,Application,Apc,Apcupsd,-,,cpe:2.3:a:apc:apcupsd:-:*:*:*:*:*:*:*,31711E01-392A-45B6-A070-6CC0E23D0BFB,2007-09-14T17:36:49.090
APC PowerChute,Application,Apc,Powerchute,-,,cpe:2.3:a:apc:powerchute:-:*:*:*:*:*:*:*,50D0F6F6-44E8-417F-A40D-CDEB632918CE,2007-09-14T17:36:49.090
APC PowerChute Network Shutdown,Application,Apc,Powerchute Network Shutdown,-,,cpe:2.3:a:apc:powerchute_network_shutdown:-:*:*:*:*:*:*:*,282D00DB-ADDC-4D05-AC18-BB036D047B7E,2007-09-14T17:36:49.090
Apple A_UX,Operating System,Apple,A Ux,-,,cpe:2.3:o:apple:a_ux:-:*:*:*:*:*:*:*,BCEA12D4-B57E-4001-AC6B-9D805B677705,2007-09-14T17:36:49.090
Apple AFP Server,Application,Apple,Afp Server,-,,cpe:2.3:a:apple:afp_server:-:*:*:*:*:*:*:*,99D0B790-FE98-4483-9041-F11886F6BFFC,2007-09-14T17:36:49.090
Apple Apple Installer,Application,Apple,Installer,-,,cpe:2.3:a:apple:installer:-:*:*:*:*:*:*:*,AF59B434-F81D-4C08-BBC3-31A69C60A7AF,2008-04-01T14:36:25.747
Apple WebKit,Application,Apple,Webkit,-,,cpe:2.3:a:apple:webkit:-:*:*:*:*:*:*:*,CEC0ED5A-BFEF-4AF8-AD2F-616C26A1382E,2011-03-03T22:27:18.070
Apple BOMArchiveHelper,Application,Apple,Bomarchivehelper,-,,cpe:2.3:a:apple:bomarchivehelper:-:*:*:*:*:*:*:*,60128182-0C05-4B86-9227-78869815320D,2007-09-14T17:36:49.090
Apple CFNetwork,Application,Apple,Cfnetwork,-,,cpe:2.3:a:apple:cfnetwork:-:*:*:*:*:*:*:*,C1481D5E-2E47-4394-A301-DDC5FC8D81D4,2007-09-14T17:36:49.090
Apple Claris Emailer,Application,Apple,Claris Emailer,-,,cpe:2.3:a:apple:claris_emailer:-:*:*:*:*:*:*:*,2A2B527F-9A1C-4291-846A-CDD72D555B4F,2007-09-14T17:36:49.090
Apple CoreAudio,Application,Apple,Core Audio Technologies,-,,cpe:2.3:a:apple:core_audio_technologies:-:*:*:*:*:*:*:*,D3DF8831-52CA-4B9E-864B-CCBB2015EF78,2008-04-01T14:36:27.543
Apple Darwin Streaming Server,Application,Apple,Darwin Streaming Server,-,,cpe:2.3:a:apple:darwin_streaming_server:-:*:*:*:*:*:*:*,CBCD49B2-3CEC-4F7F-ABB9-97E012FDAA04,2008-04-15T22:37:35.427
Apple Finder,Application,Apple,Finder,-,,cpe:2.3:a:apple:finder:-:*:*:*:*:*:*:*,0B19AFAE-D833-453C-89E6-7FF064D1D6DA,2008-04-01T14:36:27.730
Apple Help Viewer,Application,Apple,Help Viewer,-,,cpe:2.3:a:apple:help_viewer:-:*:*:*:*:*:*:*,D2DE17C8-0406-4A74-962A-43D91B316B03,2007-09-14T17:36:49.090
Apple iCal,Application,Apple,Ical,-,,cpe:2.3:a:apple:ical:-:*:*:*:*:*:*:*,4BAD6185-E2D2-4E15-B21F-C916DF8837F3,2007-09-14T17:36:49.090
Apple iChat,Application,Apple,Ichat,-,,cpe:2.3:a:apple:ichat:-:*:*:*:*:*:*:*,EABE50D3-DE39-4D24-AD17-436878655FFE,2007-09-14T17:36:49.090
Apple iChat AV,Application,Apple,Ichat Av,-,,cpe:2.3:a:apple:ichat_av:-:*:*:*:*:*:*:*,451ABB0D-B1C0-49C4-9C30-F5EEFF5DEC8F,2007-09-14T17:36:49.090
Apple iChat ROOMS Server,Application,Apple,Ichat Server,-,,cpe:2.3:a:apple:ichat_server:-:*:*:*:*:*:*:*,212CF8F5-29DD-4CC8-BE81-2A5189FAF0E1,2008-04-01T14:36:28.090
Apple ImageIO,Application,Apple,Imageio,-,,cpe:2.3:a:apple:imageio:-:*:*:*:*:*:*:*,E49F70BF-76FB-4C95-8C11-95236B8210AE,2007-09-14T17:36:49.090
Apple InstantMessage framework,Application,Apple,Instant Message Framework,-,,cpe:2.3:a:apple:instant_message_framework:-:*:*:*:*:*:*:*,B310A523-9699-4660-BC9C-D7796FFEC0E5,2008-04-01T14:36:28.543
Apple iPhoto,Application,Apple,Iphoto,-,,cpe:2.3:a:apple:iphoto:-:*:*:*:*:*:*:*,85D7276B-358E-40EF-8FD4-2854A621F183,2007-09-14T17:36:49.090
Apple iTunes,Application,Apple,Itunes,-,,cpe:2.3:a:apple:itunes:-:*:*:*:*:*:*:*,806786EC-E309-42B8-BE8B-223C45FF36AE,2008-04-15T22:37:35.753
Apple Keynote,Application,Apple,Keynote,-,,cpe:2.3:a:apple:keynote:-:*:*:*:*:*:*:*,DC925AAA-BF1A-43AD-BD95-735B1D45653E,2007-09-14T17:36:49.090
Apple Mac OS Runtime,Application,Apple,Mac Os Runtime For Java,-,,cpe:2.3:a:apple:mac_os_runtime_for_java:-:*:*:*:*:*:*:*,00382DEB-FD50-4C62-BC7F-67716A57364E,2008-04-01T14:36:28.997
Apple Mac OS X,Operating System,Apple,Mac Os X,-,,cpe:2.3:o:apple:mac_os_x:-:*:*:*:*:*:*:*,ECD90BE8-0300-4B62-B130-D1641099728B,2007-09-14T17:36:49.090
Apple Mac OS X Server,Operating System,Apple,Mac Os X Server,-,,cpe:2.3:o:apple:mac_os_x_server:-:*:*:*:*:*:*:*,FF174186-EEBC-4E74-BF16-8EBFDC6C78EE,2007-09-14T17:36:49.090
Apple Mail,Application,Apple,Mail,-,,cpe:2.3:a:apple:mail:-:*:*:*:*:*:*:*,12FD3F2A-1363-4575-85D1-8988B2143564,2007-09-14T17:36:49.090
Apple mDNSResponder,Application,Apple,Mdnsresponder,-,,cpe:2.3:a:apple:mdnsresponder:-:*:*:*:*:*:*:*,5A63DFC3-7590-47BF-A3F6-38D8CA0CF125,2007-09-14T17:36:49.090
Apple Minimal SLP Service Agent,Application,Apple,Mac Os Nsl Manager,-,,cpe:2.3:a:apple:mac_os_nsl_manager:-:*:*:*:*:*:*:*,8A9F4597-BDE8-4137-909B-1DF072C0CFE3,2008-04-14T17:56:50.330
Apple mod_digest_apple,Application,Apple,Apache Mod Digest Apple,-,,cpe:2.3:a:apple:apache_mod_digest_apple:-:*:*:*:*:*:*:*,CE898634-10A3-43AD-AF9E-0FC442D7EE96,2008-04-01T14:36:30.653
Apple PDFKit,Application,Apple,Pdfkit,-,,cpe:2.3:a:apple:pdfkit:-:*:*:*:*:*:*:*,C667784E-A689-4BD0-AA8F-242628FDF411,2007-09-14T17:36:49.090
Apple Personal Web Sharing,Application,Apple,Personal Web Sharing,-,,cpe:2.3:a:apple:personal_web_sharing:-:*:*:*:*:*:*:*,03904B32-332C-4F9D-9C80-6F21B6851425,2007-09-14T17:36:49.090
Apple Preview,Application,Apple,Preview,-,,cpe:2.3:a:apple:preview:-:*:*:*:*:*:*:*,40538537-159F-4D20-BE99-7D7C612B9535,2007-09-14T17:36:49.090
Apple Quartz Composer,Application,Apple,Quartz Composer,-,,cpe:2.3:a:apple:quartz_composer:-:*:*:*:*:*:*:*,C18754C9-BFE5-4C9E-84C7-8F4BF32EA26F,2007-09-14T17:36:49.090
Apple Quicktime,Application,Apple,Quicktime,-,,cpe:2.3:a:apple:quicktime:-:*:*:*:*:*:*:*,8865A85D-7A3C-49C3-ADC6-E63B2E732B7E,2011-01-12T14:35:44.457
Apple Quicktime MP3 Broadcaster,Application,Apple,Quicktime Darwin Mp3 Broadcaster,-,,cpe:2.3:a:apple:quicktime_darwin_mp3_broadcaster:-:*:*:*:*:*:*:*,B82E1663-9F06-42BB-BE07-EFA027FEBA9A,2008-04-01T14:36:31.777
Apple QuickTime PictureViewer,Application,Apple,Quicktime Pictureviewer,-,,cpe:2.3:a:apple:quicktime_pictureviewer:-:*:*:*:*:*:*:*,2608F42F-B7DF-4299-B714-D1EE2F51647F,2007-09-14T17:36:49.090
Apple Quicktime Streaming Server,Application,Apple,Quicktime Streaming Server,-,,cpe:2.3:a:apple:quicktime_streaming_server:-:*:*:*:*:*:*:*,A4E800A6-EE70-421C-B053-294FE0345D7E,2007-09-14T17:36:49.090
Apple Remote Desktop,Application,Apple,Remote Desktop,-,,cpe:2.3:a:apple:remote_desktop:-:*:*:*:*:*:*:*,1419336F-A455-4983-8938-CD13A42B925F,2007-09-14T17:36:49.090
Apple Safari,Application,Apple,Safari,-,,cpe:2.3:a:apple:safari:-:*:*:*:*:*:*:*,E29B779E-6058-4EE0-8909-88B4BB2EC3B8,2008-04-15T22:37:35.897
Apple Script Editor,Application,Apple,Applescript,-,,cpe:2.3:a:apple:applescript:-:*:*:*:*:*:*:*,EE46D64D-AF25-47F8-A34F-7A6D97D6C89A,2008-04-01T14:36:33.123
Apple Server Manager,Application,Apple,Server Manager,-,,cpe:2.3:a:apple:server_manager:-:*:*:*:*:*:*:*,939FD587-9B3B-4889-BEF9-6FC8875D10CF,2007-09-14T17:36:49.090
Apple Software Update,Application,Apple,Software Update,-,,cpe:2.3:a:apple:software_update:-:*:*:*:*:*:*:*,508DAB0B-28F1-41D5-996F-053978529833,2008-04-15T22:37:36.397
Apple Terminal,Application,Apple,Terminal,-,,cpe:2.3:a:apple:terminal:-:*:*:*:*:*:*:*,2F9B4577-FD24-4861-87E3-732F8750C8B2,2007-09-14T17:36:49.090
Apple TextEdit,Application,Apple,Textedit,-,,cpe:2.3:a:apple:textedit:-:*:*:*:*:*:*:*,EAC750AB-040A-4986-A32D-099E4311F0C3,2007-09-14T17:36:49.090
Apple WebCore,Application,Apple,Webcore,-,,cpe:2.3:a:apple:webcore:-:*:*:*:*:*:*:*,5F960A08-A031-45B9-B1F2-080757B3348F,2007-09-14T17:36:49.090
Apple Weblog Server,Application,Apple,Weblog Server,-,,cpe:2.3:a:apple:weblog_server:-:*:*:*:*:*:*:*,D35400B3-F634-4A63-BDED-77E6758579CB,2007-09-14T17:36:49.090
Apple WebObjects,Application,Apple,Webobjects,-,,cpe:2.3:a:apple:webobjects:-:*:*:*:*:*:*:*,398D4814-6DB2-4136-A57B-C2DE8CF871AF,2007-09-14T17:36:49.090
Apple Xcode Tools,Application,Apple,Xcode,-,,cpe:2.3:a:apple:xcode:-:*:*:*:*:*:*:*,AAFBB5EF-A2B4-438A-B94A-87D40CE4FECA,2008-04-01T14:36:33.670
Apple Xsan,Application,Apple,Xsan,-,,cpe:2.3:a:apple:xsan:-:*:*:*:*:*:*:*,CFC3F04E-800D-4939-B59F-2DC5D3424734,2007-09-14T17:36:49.090
Apple Xserve Lights-Out Management,Application,Apple,Xserve Lights-Out Management,-,,cpe:2.3:a:apple:xserve_lights-out_management:-:*:*:*:*:*:*:*,D74E3C9D-8966-431C-92DF-2462E814FECE,2007-09-14T17:36:49.090
Archangel Management Archangel Weblog,Application,Archangelmgt,Weblog,-,,cpe:2.3:a:archangelmgt:weblog:-:*:*:*:*:*:*:*,527BBFD5-A6AA-46F5-BA2C-203F72709FFE,2008-04-01T14:36:34.043
Asus Video Security,Application,Asus,Video Security Online,-,,cpe:2.3:a:asus:video_security_online:-:*:*:*:*:*:*:*,EEDB5F41-F70E-4BAD-8E37-91C5B75F54CE,2008-04-01T14:36:34.230
ATI Technologies Catalyst Driver,Application,Ati,Catalyst Driver,-,,cpe:2.3:a:ati:catalyst_driver:-:*:*:*:*:*:*:*,2BA27403-D504-4B0C-897E-49C204CBC375,2008-03-25T18:12:23.373
ATI Technologies Control Panel,Application,Ati,Control Panel,-,,cpe:2.3:a:ati:control_panel:-:*:*:*:*:*:*:*,0B838A05-F2C6-455A-A261-3F2739A66293,2008-03-25T18:12:23.420
ATI Technologies Software Uninstall Utility,Application,Ati,Software Uninstall Utility,-,,cpe:2.3:a:ati:software_uninstall_utility:-:*:*:*:*:*:*:*,C8346499-C0BA-4793-9D3C-DD63FF4F2AF1,2008-03-25T18:12:23.873
Autodesk Architectural Desktop,Application,Autodesk,Architectural Desktop,-,,cpe:2.3:a:autodesk:architectural_desktop:-:*:*:*:*:*:*:*,8422C01C-2222-41EF-82B7-D1DBDA0C05C7,2007-09-14T17:36:49.090
Autodesk AutoCAD,Application,Autodesk,Autocad,-,,cpe:2.3:a:autodesk:autocad:-:*:*:*:*:*:*:*,098D53A3-1702-4A7A-BD93-EC6B309FEDE1,2007-09-14T17:36:49.090
Autodesk AutoCAD Electrical,Application,Autodesk,Autocad Electrical,-,,cpe:2.3:a:autodesk:autocad_electrical:-:*:*:*:*:*:*:*,545F17A4-16F2-4C88-BD93-A35D452C12CD,2007-09-14T17:36:49.090
Autodesk AutoCAD LT,Application,Autodesk,Autocad Lt,-,,cpe:2.3:a:autodesk:autocad_lt:-:*:*:*:*:*:*:*,8541C23E-F0DB-40E3-8FB1-F4C5B7FD5D51,2007-09-14T17:36:49.090
Autodesk AutoCAD Mechanical,Application,Autodesk,Autocad Mechanical,-,,cpe:2.3:a:autodesk:autocad_mechanical:-:*:*:*:*:*:*:*,0B28D6F1-0598-4B8D-9464-BA0B6AC50F5A,2007-09-14T17:36:49.090
Autodesk Autodesk 3ds Max,Application,Autodesk,3Ds Max,-,,cpe:2.3:a:autodesk:3ds_max:-:*:*:*:*:*:*:*,8E4A3866-A09A-4A27-BBB0-114F1535F1C7,2008-04-01T14:36:35.403
Autodesk Building Civil 3D,Application,Autodesk,Autocad Civil 3D,-,,cpe:2.3:a:autodesk:autocad_civil_3d:-:*:*:*:*:*:*:*,7F5B7572-B2FD-4653-AA94-A548AD2DDEC6,2008-04-01T14:36:35.607
Autodesk Building Civil Design,Application,Autodesk,Civil Design,-,,cpe:2.3:a:autodesk:civil_design:-:*:*:*:*:*:*:*,A88306FA-5B64-4012-B28C-11236C2C643A,2008-04-01T14:36:35.873
Autodesk Building Systems,Application,Autodesk,Building Systems,-,,cpe:2.3:a:autodesk:building_systems:-:*:*:*:*:*:*:*,73083AAB-A85D-46CD-803E-1044E5FF84A6,2007-09-14T17:36:49.090
Autodesk Inventor Series,Application,Autodesk,Inventor,-,,cpe:2.3:a:autodesk:inventor:-:*:*:*:*:*:*:*,8DB2A343-DBCA-4360-A717-3F8B0459B377,2008-04-01T14:36:36.277
Autodesk Land Desktop,Application,Autodesk,Land Desktop,-,,cpe:2.3:a:autodesk:land_desktop:-:*:*:*:*:*:*:*,AED43426-936B-477E-84B1-2B025BA36447,2007-09-14T17:36:49.090
Autodesk Map 3D,Application,Autodesk,Map 3D,-,,cpe:2.3:a:autodesk:map_3d:-:*:*:*:*:*:*:*,275D905C-BA38-4913-96B0-0FF2965316E9,2007-09-14T17:36:49.090
Autodesk Raster Design,Application,Autodesk,Raster Design,-,,cpe:2.3:a:autodesk:raster_design:-:*:*:*:*:*:*:*,9591E4DD-D0AB-45B2-BA68-4BBC382E6EBD,2007-09-14T17:36:49.090
Autodesk Revit,Application,Autodesk,Revit,-,,cpe:2.3:a:autodesk:revit:-:*:*:*:*:*:*:*,A0C45E47-4ECF-44CE-BF40-1029C9787E36,2007-09-14T17:36:49.090
Autodesk Revit Structure,Application,Autodesk,Revit Structure,-,,cpe:2.3:a:autodesk:revit_structure:-:*:*:*:*:*:*:*,876D398F-C8AD-4BB1-99E3-1A60837D989D,2007-09-14T17:36:49.090
Autodesk Survey,Application,Autodesk,Survey,-,,cpe:2.3:a:autodesk:survey:-:*:*:*:*:*:*:*,762050B3-DB71-4393-9039-855EE865E5C1,2007-09-14T17:36:49.090
Autodesk Utility Design,Application,Autodesk,Utility Design,-,,cpe:2.3:a:autodesk:utility_design:-:*:*:*:*:*:*:*,631A1C8C-A099-4931-8671-16927C02D2A0,2007-09-14T17:36:49.090
Autodesk VIZ,Application,Autodesk,Viz,-,,cpe:2.3:a:autodesk:viz:-:*:*:*:*:*:*:*,04F3BD2F-65D0-4460-8142-3588BAC490D6,2007-09-14T17:36:49.090
Autonomy KeyView Export SDK,Application,Autonomy,Keyview Export Sdk,-,,cpe:2.3:a:autonomy:keyview_export_sdk:-:*:*:*:*:*:*:*,22E5CEDE-1FB9-465D-BBB2-52B010FADE96,2007-09-14T17:36:49.090
Autonomy KeyView Filter SDK,Application,Autonomy,Keyview Filter Sdk,-,,cpe:2.3:a:autonomy:keyview_filter_sdk:-:*:*:*:*:*:*:*,B02E6122-75CB-4B0C-8400-D9BCD311245C,2007-09-14T17:36:49.090
Autonomy KeyView Viewer SDK,Application,Autonomy,Keyview Viewer Sdk,-,,cpe:2.3:a:autonomy:keyview_viewer_sdk:-:*:*:*:*:*:*:*,718D33CA-F309-4825-800E-BCBAE67BDEA5,2007-09-14T17:36:49.090
Autonomy Verity K2,Application,Autonomy,Verity K2,-,,cpe:2.3:a:autonomy:verity_k2:-:*:*:*:*:*:*:*,980C3545-319A-4977-90CE-1129F8C4EBBE,2007-09-14T17:36:49.090
Avaya Argent Office,Application,Avaya,Argent Office,-,,cpe:2.3:a:avaya:argent_office:-:*:*:*:*:*:*:*,F52787DE-EC1F-474E-9FA7-C83332D8DE4B,2007-09-14T17:36:49.090
Avaya Basic Call Management System Reporting Desktop,Application,Avaya,Basic Call Management System Reporting Desktop,-,,cpe:2.3:a:avaya:basic_call_management_system_reporting_desktop:-:*:*:*:*:*:*:*,AE7BA7A6-4F42-4AF1-A13A-AF23B9467C5D,2007-09-14T17:36:49.090
Avaya CMS Server,Application,Avaya,Call Management System Server,-,,cpe:2.3:a:avaya:call_management_system_server:-:*:*:*:*:*:*:*,2B24D65C-6AC7-4E5C-83E0-EDDC74881628,2008-04-01T14:36:38.810
Avaya CMS Supervisor,Application,Avaya,Call Management System Supervisor,-,,cpe:2.3:a:avaya:call_management_system_supervisor:-:*:*:*:*:*:*:*,0A25BA63-CB02-402B-9505-1695AD0F302B,2008-04-01T14:36:39.217
Avaya Communication Manager,Application,Avaya,Communication Manager,-,,cpe:2.3:a:avaya:communication_manager:-:*:*:*:*:*:*:*,18536D52-2DA3-4A30-8555-EA167FEA0A99,2007-09-14T17:36:49.090
Avaya Computer Telephony,Application,Avaya,Computer Telephony,-,,cpe:2.3:a:avaya:computer_telephony:-:*:*:*:*:*:*:*,184B39D0-FD25-4A94-8893-9386E402789A,2007-09-14T17:36:49.090
Avaya Enterprise Manager,Application,Avaya,Enterprise Manager,-,,cpe:2.3:a:avaya:enterprise_manager:-:*:*:*:*:*:*:*,B25CEF0E-02BC-4F28-845A-450AC505073C,2007-09-14T17:36:49.090
Avaya Integrated Management,Application,Avaya,Integrated Management,-,,cpe:2.3:a:avaya:integrated_management:-:*:*:*:*:*:*:*,13CC9669-5C3A-4E96-89BC-94E2B6C62048,2007-09-14T17:36:49.090
Avaya Interaction Center,Application,Avaya,Interaction Center,-,,cpe:2.3:a:avaya:interaction_center:-:*:*:*:*:*:*:*,33D7D6FD-9250-413D-A5A8-0FFA35AC3254,2007-09-14T17:36:49.090
Avaya Interactive Response,Application,Avaya,Interactive Response,-,,cpe:2.3:a:avaya:interactive_response:-:*:*:*:*:*:*:*,35ABAA05-3565-408B-ADAC-55CDB1B54603,2007-09-14T17:36:49.090
Avaya Intuity,Application,Avaya,Intuity Audix,-,,cpe:2.3:a:avaya:intuity_audix:-:*:*:*:*:*:*:*,DC3AE814-0E8E-46A6-B28B-1807C59B6E06,2008-04-01T14:36:40.763
Avaya Intuity LX,Application,Avaya,Intuity Audix Lx,-,,cpe:2.3:a:avaya:intuity_audix_lx:-:*:*:*:*:*:*:*,F0006232-468C-4240-B6E5-3268F58424E6,2008-04-01T14:36:41.090
Avaya IP Agent,Application,Avaya,Ip Agent,-,,cpe:2.3:a:avaya:ip_agent:-:*:*:*:*:*:*:*,E008A468-228B-4F24-B63A-F8DCFE393706,2007-09-14T17:36:49.090
Avaya IP Office Phone Manager,Application,Avaya,Ip Office Phone Manager,-,,cpe:2.3:a:avaya:ip_office_phone_manager:-:*:*:*:*:*:*:*,76D662BE-CFA3-41E6-91DF-B4422AF715FB,2007-09-14T17:36:49.090
Avaya IP Softphone,Application,Avaya,Ip Soft Phone,-,,cpe:2.3:a:avaya:ip_soft_phone:-:*:*:*:*:*:*:*,406C52CA-DB11-46E9-9735-9A4FE4DCD7FE,2008-04-01T14:36:41.310
Avaya IP600 Media Servers,Application,Avaya,Ip600 Media Servers,-,,cpe:2.3:a:avaya:ip600_media_servers:-:*:*:*:*:*:*:*,B73A7ACF-DCA5-42E5-A8BE-3413B58E98F7,2007-09-14T17:36:49.090
Avaya Libsafe,Application,Avaya,Libsafe,-,,cpe:2.3:a:avaya:libsafe:-:*:*:*:*:*:*:*,317E1CB9-7186-4283-928E-8EF43F1F228F,2007-09-14T17:36:49.090
Avaya Media Server,Application,Avaya,Media Server,-,,cpe:2.3:a:avaya:media_server:-:*:*:*:*:*:*:*,86A917C7-2E2F-4B60-93F0-2DB510D9BA8E,2007-09-14T17:36:49.090
Avaya MN100,Application,Avaya,Mn100,-,,cpe:2.3:a:avaya:mn100:-:*:*:*:*:*:*:*,B9B19EC6-18BB-4460-A7D8-636B6B4F9E53,2008-04-01T14:36:41.997
Avaya Network Reporting,Application,Avaya,Network Reporting,-,,cpe:2.3:a:avaya:network_reporting:-:*:*:*:*:*:*:*,6A0B4892-46DA-4413-AD14-FBAB02E3C129,2007-09-14T17:36:49.090
Avaya Network Routing,Application,Avaya,Network Routing,-,,cpe:2.3:a:avaya:network_routing:-:*:*:*:*:*:*:*,E3D42265-61A9-43E8-A978-2B1A12944231,2008-04-01T14:36:42.170
Avaya Octel Access Server,Application,Avaya,Octelaccess Server,-,,cpe:2.3:a:avaya:octelaccess_server:-:*:*:*:*:*:*:*,2E6F83F5-C592-43A5-ADA2-6C2E5101B594,2008-04-01T14:36:42.293
Avaya one-X,Application,Avaya,One-X,-,,cpe:2.3:a:avaya:one-x:-:*:*:*:*:*:*:*,DC13DD40-93CE-4000-8E10-8239BDE98595,2007-09-14T17:36:49.090
Avaya Operational Analyst,Application,Avaya,Operational Analyst,-,,cpe:2.3:a:avaya:operational_analyst:-:*:*:*:*:*:*:*,25177AAF-C29F-453A-8C25-BC3C918B7007,2007-09-14T17:36:49.090
Avaya Predictive Dialer System,Application,Avaya,Predictive Dialer System,-,,cpe:2.3:a:avaya:predictive_dialer_system:-:*:*:*:*:*:*:*,479FB505-8CF4-4E08-A9CF-936A4236AB63,2007-09-14T17:36:49.090
Avaya SIP Enablement Services,Application,Avaya,Sip Enablement Services,-,,cpe:2.3:a:avaya:sip_enablement_services:-:*:*:*:*:*:*:*,1DE1FC46-517E-4F98-9831-3F6B0E08C016,2007-09-14T17:36:49.090
Avaya Speech Access,Application,Avaya,Speech Access,-,,cpe:2.3:a:avaya:speech_access:-:*:*:*:*:*:*:*,B01CFA75-82A6-404E-9975-C0A812DBBD0C,2007-09-14T17:36:49.090
Avaya Unified Communication Center,Application,Avaya,Unified Communication Center,-,,cpe:2.3:a:avaya:unified_communication_center:-:*:*:*:*:*:*:*,5A891E74-2D21-43E1-9E7D-45C238AA0A79,2007-09-14T17:36:49.090
Avaya Visual Vector Client,Application,Avaya,Visual Vector Client,-,,cpe:2.3:a:avaya:visual_vector_client:-:*:*:*:*:*:*:*,1410948A-C67D-4206-86C2-3CCB7424B28C,2007-09-14T17:36:49.090
Avaya VPNRemote,Application,Avaya,Vpnremote,-,,cpe:2.3:a:avaya:vpnremote:-:*:*:*:*:*:*:*,950B665B-8171-43C0-A842-F53BD5740633,2007-09-14T17:36:49.090
Avaya VSU 100,Application,Avaya,Vsu 100,-,,cpe:2.3:a:avaya:vsu_100:-:*:*:*:*:*:*:*,8180205A-0485-456F-B176-3EBA7B08A495,2007-09-14T17:36:49.090
Avaya VSU 10000,Application,Avaya,Vsu 10000,-,,cpe:2.3:a:avaya:vsu_10000:-:*:*:*:*:*:*:*,C6FB11B8-AF00-4416-BAC3-B240E1E4AB9F,2007-09-14T17:36:49.090
Avaya VSU 2000,Application,Avaya,Vsu 2000,-,,cpe:2.3:a:avaya:vsu_2000:-:*:*:*:*:*:*:*,CF4E4822-B7BA-4B73-B44E-DA9361457F1D,2007-09-14T17:36:49.090
Avaya VSU 7500,Application,Avaya,Vsu 7500,-,,cpe:2.3:a:avaya:vsu_7500:-:*:*:*:*:*:*:*,B8ED3912-7792-4A6E-8951-99B0B70F21B9,2007-09-14T17:36:49.090
Avaya Web Messenger,Application,Avaya,Web Messenger,-,,cpe:2.3:a:avaya:web_messenger:-:*:*:*:*:*:*:*,EE6AD3AE-C3C3-42C7-BB7D-06C293987BF6,2007-09-14T17:36:49.090
Avaya Wireless AP-3,Application,Avaya,Wireless Ap-3,-,,cpe:2.3:a:avaya:wireless_ap-3:-:*:*:*:*:*:*:*,9A7E3C45-8A03-4C63-9D26-B8D7CC97AA24,2007-09-14T17:36:49.090
Avaya Wireless AP-4,Application,Avaya,Wireless Ap-4,-,,cpe:2.3:a:avaya:wireless_ap-4:-:*:*:*:*:*:*:*,78BBBDE7-7B46-4B90-93FC-4098205206AF,2007-09-14T17:36:49.090
Avaya Wireless AP-5,Application,Avaya,Wireless Ap-5,-,,cpe:2.3:a:avaya:wireless_ap-5:-:*:*:*:*:*:*:*,880F9193-DB73-41BD-999A-142A59EB1EBB,2007-09-14T17:36:49.090
Avaya Wireless AP-6,Application,Avaya,Wireless Ap-6,-,,cpe:2.3:a:avaya:wireless_ap-6:-:*:*:*:*:*:*:*,1FCACF38-B791-48CE-BA3D-108B48D75A0C,2007-09-14T17:36:49.090
Avaya Wireless AP-7,Application,Avaya,Wireless Ap-7,-,,cpe:2.3:a:avaya:wireless_ap-7:-:*:*:*:*:*:*:*,54FB5272-2337-4759-B4D6-CF6CEB265A36,2007-09-14T17:36:49.090
Avaya Wireless AP-8,Application,Avaya,Wireless Ap-8,-,,cpe:2.3:a:avaya:wireless_ap-8:-:*:*:*:*:*:*:*,2534409A-6E3C-4A99-8294-130F40C2E781,2007-09-14T17:36:49.090
Avocent Corporation Avocent DS View,Application,Avocent,Dsview,-,,cpe:2.3:a:avocent:dsview:-:*:*:*:*:*:*:*,2850BAD6-3343-4E28-AEA5-2592AFB54051,2008-04-01T14:36:49.107
BEA Systems AquaLogic Enterprise Security,Application,Bea,Aqualogic Enterprise Security,-,,cpe:2.3:a:bea:aqualogic_enterprise_security:-:*:*:*:*:*:*:*,A639C592-2336-46EA-A8BE-359BD98C5BAC,2008-03-25T18:12:35.247
BEA Systems AquaLogic Service Bus,Application,Bea,Aqualogic Service Bus,-,,cpe:2.3:a:bea:aqualogic_service_bus:-:*:*:*:*:*:*:*,1DBE3E03-44ED-4E6D-9491-53528B5A1AD9,2008-03-25T18:12:36.200
BEA Systems JRockit,Application,Bea,Jrockit,-,,cpe:2.3:a:bea:jrockit:-:*:*:*:*:*:*:*,59FED71D-4FFF-4160-AFE4-79E6A84BA2F3,2008-03-25T18:12:36.733
BEA Systems Liquid Data,Application,Bea,Liquid Data,-,,cpe:2.3:a:bea:liquid_data:-:*:*:*:*:*:*:*,64A0E59E-1D90-4D89-86B3-FF9E3497E0D7,2008-03-25T18:12:36.857
BEA Systems Tuxedo,Application,Bea,Tuxedo,-,,cpe:2.3:a:bea:tuxedo:-:*:*:*:*:*:*:*,2670C148-9F8F-40A6-866A-B8CEC4DA82F7,2008-03-25T18:12:36.997
BEA Systems WebLogic Integration,Application,Bea,Weblogic Integration,-,,cpe:2.3:a:bea:weblogic_integration:-:*:*:*:*:*:*:*,95635543-B4EB-453E-B4B6-C2C226952BBA,2008-03-25T18:12:46.077
BEA Systems WebLogic Server,Application,Bea,Weblogic Server,-,,cpe:2.3:a:bea:weblogic_server:-:*:*:*:*:*:*:*,6CFE78DA-02D8-443E-8F92-3DA559239835,2008-03-25T18:12:47.827
BEA Systems WebLogic Workshop,Application,Bea,Weblogic Workshop,-,,cpe:2.3:a:bea:weblogic_workshop:-:*:*:*:*:*:*:*,0AA2EAFA-6BDF-47BE-816F-84227FC7D158,2008-03-25T18:12:56.343
Blackberry Blackberry Device Software,Application,Rim,Blackberry Software,-,,cpe:2.3:a:rim:blackberry_software:-:*:*:*:*:*:*:*,C1D71FF6-8FF5-4DF7-B976-568A7164B4CA,2008-04-01T14:37:00.700
Blue Coat Systems CacheOS,Operating System,Bluecoat,Cacheos,-,,cpe:2.3:o:bluecoat:cacheos:-:*:*:*:*:*:*:*,B6E26DDE-3367-41FA-B776-B8071FB9DDDD,2008-04-01T16:09:39.983
Blue Coat Systems K9 Web Protection,Application,Bluecoat,K9 Web Protection,-,,cpe:2.3:a:bluecoat:k9_web_protection:-:*:*:*:*:*:*:*,8655E4D7-E53A-4AF2-870D-846340F0C0EE,2008-03-25T18:12:58.593
Blue Coat Systems Reporter,Application,Bluecoat,Reporter,-,,cpe:2.3:a:bluecoat:reporter:-:*:*:*:*:*:*:*,6DD8E5AB-148C-492C-9EDE-F4F51B060486,2008-03-25T18:12:59.013
Blue Coat Systems Security Gateway OS,Operating System,Bluecoat,Security Gateway Os,-,,cpe:2.3:o:bluecoat:security_gateway_os:-:*:*:*:*:*:*:*,954795D2-976F-4C34-95EA-F3C354F09969,2008-04-01T16:09:41.467
Blue Coat Systems WebProxy,Application,Bluecoat,Webproxy,-,,cpe:2.3:a:bluecoat:webproxy:-:*:*:*:*:*:*:*,F92BEB14-6A3A-4000-A0FD-A72300563077,2008-03-25T18:12:59.577
Blue Coat Systems WinProxy,Application,Bluecoat,Winproxy,-,,cpe:2.3:a:bluecoat:winproxy:-:*:*:*:*:*:*:*,F70C9333-6467-4F19-898B-DE9230CE7E91,2008-03-25T18:13:00.623
BMC Software Guardian Angel,Application,Bmc,Guardian Angel,-,,cpe:2.3:a:bmc:guardian_angel:-:*:*:*:*:*:*:*,0A3A0C3E-6BFE-47EC-9086-C9F1139708A2,2008-03-25T18:13:00.937
BMC Software PATROL Agent,Application,Bmc,Patrol Agent,-,,cpe:2.3:a:bmc:patrol_agent:-:*:*:*:*:*:*:*,0DBDE730-5B51-4244-B804-A61DBF1F1DE0,2008-03-25T18:13:00.983
BMC Software PerformAgent,Application,Bmc,Patrol Perform Agent,-,,cpe:2.3:a:bmc:patrol_perform_agent:-:*:*:*:*:*:*:*,17C8507A-37A8-4D9D-8F5B-A95D1B7B6D60,2008-04-01T14:37:01.467
BMC Software Performance Manager,Application,Bmc,Performance Manager,-,,cpe:2.3:a:bmc:performance_manager:-:*:*:*:*:*:*:*,252D6329-0D25-4D98-B0EA-6DD54741FDF0,2008-03-25T18:13:01.827
BMC Software Remedy Action Request System,Application,Bmc,Remedy Action Request System,-,,cpe:2.3:a:bmc:remedy_action_request_system:-:*:*:*:*:*:*:*,8D8A2D20-2529-4AD6-A5E0-F909EFECBFC8,2008-03-25T18:13:01.873
BMC Software Software Control-M Agent,Application,Bmc,Software Control-M Agent,-,,cpe:2.3:a:bmc:software_control-m_agent:-:*:*:*:*:*:*:*,AEB64546-DF3D-458D-9970-6494FCC52CA3,2008-03-25T18:13:01.983
Broadcom Widcomm Bluetooth,Application,Broadcom,Widcomm Bluetooth,-,,cpe:2.3:a:broadcom:widcomm_bluetooth:-:*:*:*:*:*:*:*,43523FE6-BBAF-4754-BA93-3EF4A6CD0237,2007-09-14T17:36:49.090
businessobjects Crystal Enterprise,Application,Businessobjects,Crystal Enterprise,-,,cpe:2.3:a:businessobjects:crystal_enterprise:-:*:*:*:*:*:*:*,6AA74176-3A7B-4AF4-8017-750015890437,2007-09-14T17:36:49.090
businessobjects Crystal Enterprise Java SDK,Application,Businessobjects,Crystal Enterprise Java Sdk,-,,cpe:2.3:a:businessobjects:crystal_enterprise_java_sdk:-:*:*:*:*:*:*:*,735F6DAA-3572-4ED8-BD97-555DEC4C320A,2007-09-14T17:36:49.090
businessobjects Crystal Enterprise RAS for UNIX,Application,Businessobjects,Crystal Enterprise Ras For Unix,-,,cpe:2.3:a:businessobjects:crystal_enterprise_ras_for_unix:-:*:*:*:*:*:*:*,9327265C-A240-428C-B781-42223472A960,2007-09-14T17:36:49.090
businessobjects Crystal Reports,Application,Businessobjects,Crystal Reports,-,,cpe:2.3:a:businessobjects:crystal_reports:-:*:*:*:*:*:*:*,7AF55797-BE31-4554-971F-7D1CA75819B8,2007-09-14T17:36:49.090
businessobjects Crystal Reports Server,Application,Businessobjects,Crystal Reports Server,-,,cpe:2.3:a:businessobjects:crystal_reports_server:-:*:*:*:*:*:*:*,CFEF0821-6B13-4CF5-893B-5A762BCDC8DE,2007-09-14T17:36:49.090
businessobjects InfoView,Application,Businessobjects,Infoview,-,,cpe:2.3:a:businessobjects:infoview:-:*:*:*:*:*:*:*,89EA8D94-7668-4C6C-A124-13BED8150CCA,2007-09-14T17:36:49.090
businessobjects Report Application Server,Application,Businessobjects,Report Application Server,-,,cpe:2.3:a:businessobjects:report_application_server:-:*:*:*:*:*:*:*,CA0C870D-8827-4497-B954-68C992560C58,2007-09-14T17:36:49.090
businessobjects WebIntelligence,Application,Businessobjects,Webintelligence,-,,cpe:2.3:a:businessobjects:webintelligence:-:*:*:*:*:*:*:*,6F384CB3-4CEF-4DAE-BA99-85B1E039AF78,2007-09-14T17:36:49.090
Cabletron Spectrum Enterprise Manager,Application,Cabletron,Spectrum Enterprise Manager,-,,cpe:2.3:a:cabletron:spectrum_enterprise_manager:-:*:*:*:*:*:*:*,7EB4B35A-ACF6-4489-9B77-D763F8107F7D,2007-09-14T17:36:49.090
Canon imageRUNNER,Application,Canon,Imagerunner,-,,cpe:2.3:a:canon:imagerunner:-:*:*:*:*:*:*:*,27CFF1C9-0641-4410-8E0D-4567009EEE61,2007-09-14T17:36:49.090
CentOS,Operating System,Centos,Centos,-,,cpe:2.3:o:centos:centos:-:*:*:*:*:*:*:*,11B8D2A8-8AA2-4747-9124-74E4FB44E4E9,2010-04-19T17:13:08.790
Checkpoint Check Point Express,Application,Checkpoint,Express,-,,cpe:2.3:a:checkpoint:express:-:*:*:*:*:*:*:*,D60C33D4-3C8F-4F06-965D-9CAB2C652D34,2008-04-01T16:09:42.137
Checkpoint Connectra NGX,Application,Checkpoint,Connectra Ngx,-,,cpe:2.3:a:checkpoint:connectra_ngx:-:*:*:*:*:*:*:*,44189FE9-4981-4DE9-80D9-FA002D485520,2007-09-14T17:36:49.090
Checkpoint Firewall-1,Application,Checkpoint,Firewall-1,-,,cpe:2.3:a:checkpoint:firewall-1:-:*:*:*:*:*:*:*,E78FE6B9-CFDC-411A-9F0C-91F873208070,2007-09-14T17:36:49.090
Checkpoint Next Generation,Application,Checkpoint,Next Generation,-,,cpe:2.3:a:checkpoint:next_generation:-:*:*:*:*:*:*:*,B9542EF0-2B0F-4EF4-80F7-C8168E4CCEA8,2007-09-14T17:36:49.090
Checkpoint NG-AI,Application,Checkpoint,Ng-Ai,-,,cpe:2.3:a:checkpoint:ng-ai:-:*:*:*:*:*:*:*,68445EF9-91AF-4073-BD4C-8B2375070AFB,2007-09-14T17:36:49.090
Checkpoint Provider-1,Application,Checkpoint,Provider-1,-,,cpe:2.3:a:checkpoint:provider-1:-:*:*:*:*:*:*:*,6A4803AE-06D6-49A2-A8F0-5D3B055F2292,2007-09-14T17:36:49.090
Checkpoint SecureClient NG,Application,Checkpoint,Secureclient Ng,-,,cpe:2.3:a:checkpoint:secureclient_ng:-:*:*:*:*:*:*:*,358C3933-546C-4F1D-AE0B-D9F2B46C9E9F,2007-09-14T17:36:49.090
Checkpoint Software Secure Platform NG,Application,Checkpoint,Secure Platform Ng,-,,cpe:2.3:a:checkpoint:secure_platform_ng:-:*:*:*:*:*:*:*,31F00533-7C0E-413B-B12B-C991C8873C34,2008-04-01T16:09:44.653
Checkpoint VPN-1,Application,Checkpoint,Vpn-1,-,,cpe:2.3:a:checkpoint:vpn-1:-:*:*:*:*:*:*:*,318EE81C-6A82-414C-92C8-923346628929,2007-09-14T17:36:49.090
Checkpoint VPN-1 Firewall-1,Application,Checkpoint,Vpn-1 Firewall-1,-,,cpe:2.3:a:checkpoint:vpn-1_firewall-1:-:*:*:*:*:*:*:*,6672F90D-407F-4359-8FE2-A4F83A016DD3,2007-09-14T17:36:49.090
Checkpoint VPN-1 Firewall-1 Next Generation,Application,Checkpoint,Vpn-1 Firewall-1 Next Generation,-,,cpe:2.3:a:checkpoint:vpn-1_firewall-1_next_generation:-:*:*:*:*:*:*:*,45BBECDD-70E9-4D03-8A04-98C75CEAC245,2007-09-14T17:36:49.090
Checkpoint VPN-1 Firewall-1 VSX,Application,Checkpoint,Vpn-1 Firewall-1 Vsx,-,,cpe:2.3:a:checkpoint:vpn-1_firewall-1_vsx:-:*:*:*:*:*:*:*,F57174F4-24F1-4A3B-83C3-7B67B30DBE55,2007-09-14T17:36:49.090
Checkpoint VPN-1 SecureClient,Application,Checkpoint,Vpn-1 Secureclient,-,,cpe:2.3:a:checkpoint:vpn-1_secureclient:-:*:*:*:*:*:*:*,4216CE4C-03C0-4A1B-A620-F2B5AF695A13,2007-09-14T17:36:49.090
Checkpoint VPN-1 Software Firewall,Application,Checkpoint,Vpn-1 Firewall 1,-,,cpe:2.3:a:checkpoint:vpn-1_firewall_1:-:*:*:*:*:*:*:*,ACDAE9CE-5051-4F39-947C-E89FD957369A,2008-04-01T16:09:46.233
Checkpoint Web Intelligence,Application,Checkpoint,Web Intelligence,-,,cpe:2.3:a:checkpoint:web_intelligence:-:*:*:*:*:*:*:*,6B0CA40C-DC30-4C98-85BF-6B540ADA9BDF,2007-09-14T17:36:49.090
Checkpoint ZoneAlarm,Application,Checkpoint,Zonealarm,-,,cpe:2.3:a:checkpoint:zonealarm:-:*:*:*:*:*:*:*,C2CD1F10-689E-454F-82EE-0A193324CDF8,2007-09-14T17:36:49.090
Checkpoint ZoneAlarm Security Suite,Application,Checkpoint,Zonealarm Security Suite,-,,cpe:2.3:a:checkpoint:zonealarm_security_suite:-:*:*:*:*:*:*:*,44E70B0A-E1CC-43BF-BE5D-25EB7BEC2660,2007-09-14T17:36:49.090
CipherTrust IronMail,Application,Ciphertrust,Ironmail,-,,cpe:2.3:a:ciphertrust:ironmail:-:*:*:*:*:*:*:*,040F6989-ADDA-4681-858B-070B6FBB79DC,2007-09-14T17:36:49.090
CIS CIS WebServer,Application,Cupidsystems,Cis Webserver,-,,cpe:2.3:a:cupidsystems:cis_webserver:-:*:*:*:*:*:*:*,E1F77FF8-A9B8-4671-B551-6311353E79D2,2008-04-01T14:41:49.277
CIS Security Scoring Tool Windows NT_2000,Application,Cisecurity,Security Scoring Tool Windows Nt 2000,-,,cpe:2.3:a:cisecurity:security_scoring_tool_windows_nt_2000:-:*:*:*:*:*:*:*,AE4BC131-1065-43D6-9B28-ACB5796A7C13,2008-03-25T18:13:04.047
Cisco 2006 Wireless LAN Controllers,Application,Cisco,Wireless Lan Controllers,-,,cpe:2.3:a:cisco:wireless_lan_controllers:-:*:*:*:*:*:*:*,C15D85E3-6BA6-4115-8747-B5D2DD762814,2008-04-01T14:40:13.413
Cisco Access Registrar,Application,Cisco,Access Registrar,-,,cpe:2.3:a:cisco:access_registrar:-:*:*:*:*:*:*:*,F228B621-D303-44C5-9807-9C59E6663DE0,2007-09-14T17:36:49.090
Cisco Access Server,Application,Cisco,Access Server,-,,cpe:2.3:a:cisco:access_server:-:*:*:*:*:*:*:*,F5507D2D-9757-49FB-A095-3DDBFD95F76F,2007-09-14T17:36:49.090
Cisco AccessPath,Application,Cisco,Accesspath,-,,cpe:2.3:a:cisco:accesspath:-:*:*:*:*:*:*:*,B39EFC80-676B-4120-AEEC-EFA83922C130,2007-09-14T17:36:49.090
Cisco ACS for Windows,Application,Cisco,Acs For Windows,-,,cpe:2.3:a:cisco:acs_for_windows:-:*:*:*:*:*:*:*,82BAE87E-AB55-4FBC-BC57-9000BB66109D,2007-09-14T17:36:49.090
Cisco ACS Solution Engine,Application,Cisco,Acs Solution Engine,-,,cpe:2.3:a:cisco:acs_solution_engine:-:*:*:*:*:*:*:*,DDD7FEBB-8E03-49A2-839E-9DA1FCC1FD84,2007-09-14T17:36:49.090
Cisco Agent Desktop,Application,Cisco,Agent Desktop,-,,cpe:2.3:a:cisco:agent_desktop:-:*:*:*:*:*:*:*,B08A3CBC-4FE5-45AD-B90A-5CD7B385850F,2007-09-14T17:36:49.090
Cisco Application and Content Networking Software,Application,Cisco,Application And Content Networking Software,-,,cpe:2.3:a:cisco:application_and_content_networking_software:-:*:*:*:*:*:*:*,775C8390-AF4C-41A6-94F4-0F8AC20E1ACC,2007-09-14T17:36:49.090
Cisco BAMS,Application,Cisco,Bams,-,,cpe:2.3:a:cisco:bams:-:*:*:*:*:*:*:*,5A6D9ACC-D93E-46B7-9646-0AAB212EEFF2,2007-09-14T17:36:49.090
Cisco Catalyst 12xx supervisor software,Application,Cisco,Catalyst 12Xx Supervisor Software,-,,cpe:2.3:a:cisco:catalyst_12xx_supervisor_software:-:*:*:*:*:*:*:*,39E8BF54-2B37-4697-957A-2B2761759DDF,2007-09-14T17:36:49.090
Cisco Catalyst 29xx supervisor software,Application,Cisco,Catalyst 29Xx Supervisor Software,-,,cpe:2.3:a:cisco:catalyst_29xx_supervisor_software:-:*:*:*:*:*:*:*,A3EF592E-D27F-46AD-BD0F-0170EF3AD625,2007-09-14T17:36:49.090
Cisco Catalyst 5xxx supervisor software,Application,Cisco,Catalyst 5Xxx Supervisor Software,-,,cpe:2.3:a:cisco:catalyst_5xxx_supervisor_software:-:*:*:*:*:*:*:*,6797FD88-CE7C-4248-96B5-CD3CCED0E29B,2007-09-14T17:36:49.090
Cisco Catalyst 6000 Intrusion Detection System Module,Application,Cisco,Catalyst 6000 Intrusion Detection System Module,-,,cpe:2.3:a:cisco:catalyst_6000_intrusion_detection_system_module:-:*:*:*:*:*:*:*,F7B8FA06-1ADD-4EA7-A5D9-5728B05E2DEF,2007-09-14T17:36:49.090
Cisco CatOS,Operating System,Cisco,Catos,-,,cpe:2.3:o:cisco:catos:-:*:*:*:*:*:*:*,0584EAFC-5837-453C-A17C-0ED06EE6BF8A,2007-09-14T17:36:49.090
Cisco Cisco Broadband Operating System,Operating System,Cisco,Broadband Operating System,-,,cpe:2.3:o:cisco:broadband_operating_system:-:*:*:*:*:*:*:*,F702A393-F8B1-4F31-8F4B-E758CF5195EA,2008-04-01T14:40:36.570
Cisco Cisco Network Access Control,Operating System,Cisco,Network Access Control,-,,cpe:2.3:o:cisco:network_access_control:-:*:*:*:*:*:*:*,E7EFED3B-AE04-4853-A437-4BC77A66978B,2008-04-01T14:40:51.133
Cisco Secure Desktop,Application,Cisco,Secure Desktop,-,,cpe:2.3:a:cisco:secure_desktop:-:*:*:*:*:*:*:*,B239CBAB-E9DF-498C-A822-D84C6BB4D4EB,2010-04-16T16:51:11.250
Cisco CiscoSecure ACS,Application,Cisco,Ciscosecure Acs,-,,cpe:2.3:a:cisco:ciscosecure_acs:-:*:*:*:*:*:*:*,ED2AD44C-ABC5-4BE8-BE8B-649EBA5256C0,2007-09-14T17:36:49.090
Cisco CiscoWorks,Application,Cisco,Ciscoworks,-,,cpe:2.3:a:cisco:ciscoworks:-:*:*:*:*:*:*:*,189B60C4-0FEA-4957-AFB0-D50059B8908A,2007-09-14T17:36:49.090
Cisco CiscoWorks 1105 Hosting Solution Engine,Operating System,Cisco,Ciscoworks 1105 Hosting Solution Engine,-,,cpe:2.3:o:cisco:ciscoworks_1105_hosting_solution_engine:-:*:*:*:*:*:*:*,8045787A-B113-44E8-B804-D61FA43CAF76,2007-09-14T17:36:49.090
Cisco CiscoWorks 1105 Wireless LAN Solution Engine,Operating System,Cisco,Ciscoworks 1105 Wireless Lan Solution Engine,-,,cpe:2.3:o:cisco:ciscoworks_1105_wireless_lan_solution_engine:-:*:*:*:*:*:*:*,345B523C-62A8-4266-B4C0-F816D05ABF6E,2007-09-14T17:36:49.090
Cisco CiscoWorks 2000 Service Management Solution,Application,Cisco,Ciscoworks 2000 Service Management Solution,-,,cpe:2.3:a:cisco:ciscoworks_2000_service_management_solution:-:*:*:*:*:*:*:*,095DBA4C-6181-47A1-AD02-CB1896BB5DB4,2008-04-01T14:41:06.290
Cisco CiscoWorks Access Control List Manager,Application,Cisco,Ciscoworks Access Control List Manager,-,,cpe:2.3:a:cisco:ciscoworks_access_control_list_manager:-:*:*:*:*:*:*:*,059B0030-CE83-43DA-B364-22F1966298E5,2008-04-01T14:41:06.557
Cisco CiscoWorks Common Management Foundation,Application,Cisco,Ciscoworks Common Management Foundation,-,,cpe:2.3:a:cisco:ciscoworks_common_management_foundation:-:*:*:*:*:*:*:*,0AB44856-CFEB-4BDD-8052-A7914AD9CEEE,2008-04-01T14:41:07.133
Cisco CiscoWorks Common Services,Application,Cisco,Ciscoworks Common Services,-,,cpe:2.3:a:cisco:ciscoworks_common_services:-:*:*:*:*:*:*:*,E3465726-440A-424E-B7BE-D619F501BF2A,2008-04-01T14:41:07.853
Cisco CiscoWorks LMS,Application,Cisco,Ciscoworks Lms,-,,cpe:2.3:a:cisco:ciscoworks_lms:-:*:*:*:*:*:*:*,38A52863-6905-468C-BAD0-4FDE87D78082,2008-04-01T14:41:08.290
Cisco CiscoWorks Management Center for IDS Sensors,Application,Cisco,Ciscoworks Management Center For Ids Sensors,-,,cpe:2.3:a:cisco:ciscoworks_management_center_for_ids_sensors:-:*:*:*:*:*:*:*,259DCAEA-2DF5-41B9-9C19-881FE030DADC,2007-09-14T17:36:49.090
Cisco CiscoWorks Management Center for IPS Sensors,Application,Cisco,Ciscoworks Management Center For Ips Sensors,-,,cpe:2.3:a:cisco:ciscoworks_management_center_for_ips_sensors:-:*:*:*:*:*:*:*,32D6E96F-0893-49B8-A35C-C15BD2DF21A8,2007-09-14T17:36:49.090
Cisco CiscoWorks Monitoring Center for Security,Application,Cisco,Ciscoworks Monitoring Center For Security,-,,cpe:2.3:a:cisco:ciscoworks_monitoring_center_for_security:-:*:*:*:*:*:*:*,D8B51E7D-5251-4408-85A9-C90725568251,2007-09-14T17:36:49.090
Cisco CiscoWorks VPN_Security Management Solution,Application,Cisco,Ciscoworks Vpn Security Management Solution,-,,cpe:2.3:a:cisco:ciscoworks_vpn_security_management_solution:-:*:*:*:*:*:*:*,62376240-A407-47BC-909E-D067D9D52A68,2008-04-01T14:41:08.870
Cisco CiscoWorks Windows,Application,Cisco,Ciscoworks Windows,-,,cpe:2.3:a:cisco:ciscoworks_windows:-:*:*:*:*:*:*:*,B1B39324-DF9B-4EC4-9C60-49145901BA73,2008-04-01T14:41:09.133
Cisco CiscoWorks Windows_WUG,Operating System,Cisco,Ciscoworks Windows Wug,-,,cpe:2.3:o:cisco:ciscoworks_windows_wug:-:*:*:*:*:*:*:*,136368E2-6EA9-4A2A-9A52-2620EA4A6962,2007-09-14T17:36:49.090
Cisco CNS Network Registrar,Application,Cisco,Cns Network Registrar,-,,cpe:2.3:a:cisco:cns_network_registrar:-:*:*:*:*:*:*:*,6F459350-A1FE-4906-99F1-1064C0548DB3,2007-09-14T17:36:49.090
Cisco Conference Connection,Operating System,Cisco,Conference Connection,-,,cpe:2.3:o:cisco:conference_connection:-:*:*:*:*:*:*:*,E9F62349-5D4C-494A-9A39-31F93595661A,2007-09-14T17:36:49.090
Cisco Content Distribution Manager,Application,Cisco,Content Distribution Manager,-,,cpe:2.3:a:cisco:content_distribution_manager:-:*:*:*:*:*:*:*,4D55EAAF-EBF4-4010-90A0-6B144B6D159F,2007-09-14T17:36:49.090
Cisco E-Mail Manager,Application,Cisco,E-Mail Manager,-,,cpe:2.3:a:cisco:e-mail_manager:-:*:*:*:*:*:*:*,6C2167EF-A11C-434A-8B09-CE8726A1D779,2007-09-14T17:36:49.090
Cisco Emergency Responder,Application,Cisco,Emergency Responder,-,,cpe:2.3:a:cisco:emergency_responder:-:*:*:*:*:*:*:*,CF797F55-0113-4817-A8DD-53A2B69C080E,2007-09-14T17:36:49.090
Cisco Ethernet Subscriber Solution Engine,Operating System,Cisco,Ethernet Subscriber Solution Engine,-,,cpe:2.3:o:cisco:ethernet_subscriber_solution_engine:-:*:*:*:*:*:*:*,141986DC-C151-4591-8B9B-2A04DA8B5862,2007-09-14T17:36:49.090
Cisco HSRP,Application,Cisco,Hsrp,-,,cpe:2.3:a:cisco:hsrp:-:*:*:*:*:*:*:*,1D34C5BA-186E-48C0-9187-B626E6E8AA39,2008-04-01T14:41:21.103
Cisco iCDN,Application,Cisco,Icdn,-,,cpe:2.3:a:cisco:icdn:-:*:*:*:*:*:*:*,A7FAE1EB-E499-4EBC-B5E3-CE70266955CD,2007-09-14T17:36:49.090
Cisco IDS Device Manager,Application,Cisco,Ids Device Manager,-,,cpe:2.3:a:cisco:ids_device_manager:-:*:*:*:*:*:*:*,AB722F41-1362-4030-9180-A8804830A2E8,2007-09-14T17:36:49.090
Cisco Intelligent Contact Manager,Application,Cisco,Intelligent Contact Manager,-,,cpe:2.3:a:cisco:intelligent_contact_manager:-:*:*:*:*:*:*:*,54918331-1D75-482D-80C0-32CBF1D85760,2007-09-14T17:36:49.090
Cisco IOS XR for CRS-1,Operating System,Cisco,Ios Xr For Crs-1,-,,cpe:2.3:o:cisco:ios_xr_for_crs-1:-:*:*:*:*:*:*:*,0244D244-03B2-41A8-AD16-1523A5E9E355,2008-04-01T14:41:26.247
Cisco IOS XR for PRP,Operating System,Cisco,Ios Xr For Prp,-,,cpe:2.3:o:cisco:ios_xr_for_prp:-:*:*:*:*:*:*:*,6F40A23A-0B8A-4916-AAAB-ECD3B66A991E,2008-04-01T14:41:26.730
Cisco IOS_XR,Operating System,Cisco,Ios Xr,-,,cpe:2.3:o:cisco:ios_xr:-:*:*:*:*:*:*:*,F1F83599-B832-496D-B2B2-B8C03AE125F8,2007-09-14T17:36:49.090
Cisco IP Call Center Express Enhanced,Application,Cisco,Ip Call Center Express Enhanced,-,,cpe:2.3:a:cisco:ip_call_center_express_enhanced:-:*:*:*:*:*:*:*,BFF62333-8C9E-42EB-8DD1-A7B89D6A82D0,2007-09-14T17:36:49.090
Cisco IP Call Center Express Standard,Application,Cisco,Ip Call Center Express Standard,-,,cpe:2.3:a:cisco:ip_call_center_express_standard:-:*:*:*:*:*:*:*,0BF1352E-0C66-4A3D-8EF9-2C3222AD9AAD,2007-09-14T17:36:49.090
Cisco IP Communicator,Application,Cisco,Ip Communicator,-,,cpe:2.3:a:cisco:ip_communicator:-:*:*:*:*:*:*:*,109231E7-5633-48D1-BFB5-63FD710633DE,2007-09-14T17:36:49.090
Cisco IP Contact Center Enterprise,Application,Cisco,Ip Contact Center Enterprise,-,,cpe:2.3:a:cisco:ip_contact_center_enterprise:-:*:*:*:*:*:*:*,CE47C452-CB87-4AB5-BDB2-9A88E3DC9651,2007-09-14T17:36:49.090
Cisco IP Contact Center Express,Application,Cisco,Ip Contact Center Express,-,,cpe:2.3:a:cisco:ip_contact_center_express:-:*:*:*:*:*:*:*,5A1AD104-BCEA-4291-BEA8-B658F43FE97B,2007-09-14T17:36:49.090
Cisco IP Contact Center Hosted,Application,Cisco,Ip Contact Center Hosted,-,,cpe:2.3:a:cisco:ip_contact_center_hosted:-:*:*:*:*:*:*:*,D996ACE6-576D-4416-8F15-A045BD7D6E52,2007-09-14T17:36:49.090
Cisco IP Interactive Voice Response,Application,Cisco,Ip Interactive Voice Response,-,,cpe:2.3:a:cisco:ip_interactive_voice_response:-:*:*:*:*:*:*:*,646D7277-9CA1-4394-9615-81E1672AF23E,2007-09-14T17:36:49.090
Cisco iSCSI,Application,Cisco,Iscsi,-,,cpe:2.3:a:cisco:iscsi:-:*:*:*:*:*:*:*,6DE46B8B-E82C-4341-A2C3-9C4A3F1473F4,2007-09-14T17:36:49.090
Cisco LEAP,Application,Cisco,Leap,-,,cpe:2.3:a:cisco:leap:-:*:*:*:*:*:*:*,56302F2C-6496-42F9-97DB-5624755AFCCC,2007-09-14T17:36:49.090
Cisco MeetingPlace,Application,Cisco,Meetingplace,-,,cpe:2.3:a:cisco:meetingplace:-:*:*:*:*:*:*:*,2971F76D-8518-423C-812B-909FDDE7BBDB,2007-09-14T17:36:49.090
Cisco MeetingPlace Express,Application,Cisco,Meetingplace Express,-,,cpe:2.3:a:cisco:meetingplace_express:-:*:*:*:*:*:*:*,93D141D0-474D-4F18-A492-6049BC3A15BC,2007-09-14T17:36:49.090
Cisco MeetingPlace Web Confrencing,Application,Cisco,Meetingplace Web Confrencing,-,,cpe:2.3:a:cisco:meetingplace_web_confrencing:-:*:*:*:*:*:*:*,D13186AB-2E3E-4740-97BA-0E41214A64DD,2007-09-14T17:36:49.090
Cisco Netflow Collection Engine,Application,Cisco,Netflow Collection Engine,-,,cpe:2.3:a:cisco:netflow_collection_engine:-:*:*:*:*:*:*:*,32A47675-8BF1-437B-AFF8-34EE094C3BC6,2007-09-14T17:36:49.090
Cisco Okena Stormwatch,Application,Cisco,Okena Stormwatch,-,,cpe:2.3:a:cisco:okena_stormwatch:-:*:*:*:*:*:*:*,C40AF0F9-5E93-43CB-AF2B-7B7A4C72A215,2007-09-14T17:36:49.090
Cisco ONS 15454 MSPP,Operating System,Cisco,Ons 15454 Mspp,-,,cpe:2.3:o:cisco:ons_15454_mspp:-:*:*:*:*:*:*:*,772737B2-253D-4857-893E-508F8B3BEAF2,2008-04-15T22:29:48.113
Cisco ONS 15454 MSTP,Operating System,Cisco,Ons 15454 Mstp,-,,cpe:2.3:o:cisco:ons_15454_mstp:-:*:*:*:*:*:*:*,FCAF6FE2-0706-4E00-9F48-DECE03F78258,2008-04-15T22:29:48.347
Cisco ONS 15454E Optical Transport Platform,Operating System,Cisco,Ons 15454E Optical Transport Platform,-,,cpe:2.3:o:cisco:ons_15454e_optical_transport_platform:-:*:*:*:*:*:*:*,67BF11B2-A539-44B8-8876-2480360B4600,2008-04-15T22:29:54.943
Cisco Personal Assistant,Application,Cisco,Personal Assistant,-,,cpe:2.3:a:cisco:personal_assistant:-:*:*:*:*:*:*:*,ED33D143-E94E-4169-A220-5D605DD1FE83,2007-09-14T17:36:49.090
Cisco PGW 2200,Application,Cisco,Pgw 2200,-,,cpe:2.3:a:cisco:pgw_2200:-:*:*:*:*:*:*:*,DEC9C0C2-AD8E-4FF2-8D48-00C123D22556,2007-09-14T17:36:49.090
Cisco PIX Firewall Manager,Application,Cisco,Pix Firewall Manager,-,,cpe:2.3:a:cisco:pix_firewall_manager:-:*:*:*:*:*:*:*,DD1A8072-73C9-4367-87EC-496DEB61339D,2007-09-14T17:36:49.090
Cisco PIX Private Link,Application,Cisco,Pix Private Link,-,,cpe:2.3:a:cisco:pix_private_link:-:*:*:*:*:*:*:*,76086A4E-75E4-4F9C-9E49-EC15B4D070C9,2007-09-14T17:36:49.090
Cisco PIX_ASA IDS,Application,Cisco,Pix Asa Ids,-,,cpe:2.3:a:cisco:pix_asa_ids:-:*:*:*:*:*:*:*,CD0792FF-0EA7-442C-825D-357DEA064921,2007-09-14T17:36:49.090
Cisco Remote Monitoring Suite Option,Application,Cisco,Remote Monitoring Suite Option,-,,cpe:2.3:a:cisco:remote_monitoring_suite_option:-:*:*:*:*:*:*:*,DAA2D074-2CD2-455D-933C-63DFC68C726C,2007-09-14T17:36:49.090
Cisco Resource Manager,Application,Cisco,Resource Manager,-,,cpe:2.3:a:cisco:resource_manager:-:*:*:*:*:*:*:*,4C08199D-AC01-4ADA-BB4C-6192E58B39EB,2007-09-14T17:36:49.090
Cisco Resource Manager Essentials,Application,Cisco,Resource Manager Essentials,-,,cpe:2.3:a:cisco:resource_manager_essentials:-:*:*:*:*:*:*:*,FDD78402-9E13-4FA5-B7B8-6250E514545A,2007-09-14T17:36:49.090
Cisco Router Web Setup,Application,Cisco,Router Web Setup,-,,cpe:2.3:a:cisco:router_web_setup:-:*:*:*:*:*:*:*,2B5995EE-4506-4361-BCEE-0534E62235DA,2008-04-01T14:41:36.417
Cisco SC2200,Application,Cisco,Sc2200,-,,cpe:2.3:a:cisco:sc2200:-:*:*:*:*:*:*:*,7D76F956-CB75-46BB-AD63-C803A5261AF0,2007-09-14T17:36:49.090
Cisco Secure ACS,Application,Cisco,Secure Acs,-,,cpe:2.3:a:cisco:secure_acs:-:*:*:*:*:*:*:*,171F4C10-7449-4C1D-AF72-A16841BF90BF,2007-09-14T17:36:49.090
Cisco Secure ACS for Unix,Application,Cisco,Secure Acs For Unix,-,,cpe:2.3:a:cisco:secure_acs_for_unix:-:*:*:*:*:*:*:*,5910C791-5FA6-425C-ADDD-3F97BEB2340D,2007-09-14T17:36:49.090
Cisco Secure ACS for Windows NT,Application,Cisco,Secure Acs For Windows Nt,-,,cpe:2.3:a:cisco:secure_acs_for_windows_nt:-:*:*:*:*:*:*:*,D05988CF-1AB8-4323-ADCF-2B694E4354C8,2007-09-14T17:36:49.090
Cisco Secure ACS for Windows Server,Application,Cisco,Secure Acs For Windows Server,-,,cpe:2.3:a:cisco:secure_acs_for_windows_server:-:*:*:*:*:*:*:*,4F919E9F-B9E9-44CA-BB1E-BAA5054D2841,2007-09-14T17:36:49.090
Cisco Secure ACS Solution Engine,Application,Cisco,Secure Acs Solution Engine,-,,cpe:2.3:a:cisco:secure_acs_solution_engine:-:*:*:*:*:*:*:*,272605D3-A65D-476E-BBD6-066F47F4894C,2007-09-14T17:36:49.090
Cisco Secure Intrusion Detection System,Application,Cisco,Secure Intrusion Detection System,-,,cpe:2.3:a:cisco:secure_intrusion_detection_system:-:*:*:*:*:*:*:*,38A58535-CBA4-4683-8906-50D4B681FF34,2007-09-14T17:36:49.090
Cisco Secure Services Client,Application,Cisco,Secure Services Client,-,,cpe:2.3:a:cisco:secure_services_client:-:*:*:*:*:*:*:*,BEB9CCD1-5B83-45B4-95F2-1F95145BACBF,2007-09-14T17:36:49.090
Cisco Security Agent,Application,Cisco,Security Agent,-,,cpe:2.3:a:cisco:security_agent:-:*:*:*:*:*:*:*,7AD16E17-01C3-4915-BB9D-EF6A2B33DE8E,2007-09-14T17:36:49.090
Cisco Security Agent Management Center,Application,Cisco,Security Agent Management Center,-,,cpe:2.3:a:cisco:security_agent_management_center:-:*:*:*:*:*:*:*,D374168E-FE87-4CF9-A161-132EF2E01A6B,2007-09-14T17:36:49.090
Cisco Subscriber Edge Services Manger (SESM),Application,Cisco,Subscriber Edge Services Manager,-,,cpe:2.3:a:cisco:subscriber_edge_services_manager:-:*:*:*:*:*:*:*,60F63289-E081-464E-B535-10A89515E359,2009-04-13T16:45:43.093
Cisco Support Tools,Application,Cisco,Support Tools,-,,cpe:2.3:a:cisco:support_tools:-:*:*:*:*:*:*:*,96842E86-80F9-430F-9F13-22B1D2886521,2007-09-14T17:36:49.090
Cisco tac_plus,Application,Cisco,Tac Plus,-,,cpe:2.3:a:cisco:tac_plus:-:*:*:*:*:*:*:*,89F0AF1F-4CA4-4C51-BEE1-8E31AF2F6FC4,2007-09-14T17:36:49.090
Cisco TFTP server,Application,Cisco,Tftp Server,-,,cpe:2.3:a:cisco:tftp_server:-:*:*:*:*:*:*:*,066DB9BD-A3FD-43F2-A7BF-4D2FA456BD68,2007-09-14T17:36:49.090
Cisco Threat Response,Application,Cisco,Threat Response,-,,cpe:2.3:a:cisco:threat_response:-:*:*:*:*:*:*:*,F7AAE035-EB9F-4B0B-AAAF-0B366A16FAC7,2007-09-14T17:36:49.090
Cisco Transport Controller,Application,Cisco,Transport Controller,-,,cpe:2.3:a:cisco:transport_controller:-:*:*:*:*:*:*:*,B855352B-F12B-4ECD-BFED-DDF8556A1C0E,2007-09-14T17:36:49.090
Cisco Trust Agent,Application,Cisco,Trust Agent,-,,cpe:2.3:a:cisco:trust_agent:-:*:*:*:*:*:*:*,ACB1E9F0-33D0-4E4E-8068-8A7BB3CA0494,2007-09-14T17:36:49.090
Cisco Unified CallManager,Application,Cisco,Unified Callmanager,-,,cpe:2.3:a:cisco:unified_callmanager:-:*:*:*:*:*:*:*,FB5DDD85-14F9-4965-AADA-787F51A68755,2007-09-14T17:36:49.090
Cisco Unified Communications Manager,Application,Cisco,Unified Communications Manager,-,,cpe:2.3:a:cisco:unified_communications_manager:-:*:*:*:*:*:*:*,622F3B91-05A1-4489-A1E4-B05C8949FFC6,2007-09-14T17:36:49.090
Cisco Unified Contact Center Enterprise,Application,Cisco,Unified Contact Center Enterprise,-,,cpe:2.3:a:cisco:unified_contact_center_enterprise:-:*:*:*:*:*:*:*,7E059401-3072-4484-B1A2-5F49E6C786BB,2007-09-14T17:36:49.090
Cisco Unified Contact Center Hosted,Application,Cisco,Unified Contact Center Hosted,-,,cpe:2.3:a:cisco:unified_contact_center_hosted:-:*:*:*:*:*:*:*,945D4CE4-A8A7-435A-AEB1-AEC1E4209D77,2007-09-14T17:36:49.090
Cisco Unified MeetingPlace,Application,Cisco,Unified Meetingplace,-,,cpe:2.3:a:cisco:unified_meetingplace:-:*:*:*:*:*:*:*,B5BD50B5-6D2C-42AA-8216-906A14CBE174,2007-09-14T17:36:49.090
Cisco Unified MeetingPlace Express,Application,Cisco,Unified Meetingplace Express,-,,cpe:2.3:a:cisco:unified_meetingplace_express:-:*:*:*:*:*:*:*,19391C5E-D9CA-45A3-A91D-2EF9BAF460D6,2007-09-14T17:36:49.090
Cisco Unified Personal Communicator,Application,Cisco,Unified Personal Communicator,-,,cpe:2.3:a:cisco:unified_personal_communicator:-:*:*:*:*:*:*:*,11DAE6F8-01FB-4B86-B227-26843120613C,2007-09-14T17:36:49.090
Cisco Unified Presence Server,Application,Cisco,Unified Presence Server,-,,cpe:2.3:a:cisco:unified_presence_server:-:*:*:*:*:*:*:*,23740A46-B4B3-47E1-B9BB-FC3CE78B6AA3,2007-09-14T17:36:49.090
Cisco Unified Video Advantage,Application,Cisco,Unified Video Advantage,-,,cpe:2.3:a:cisco:unified_video_advantage:-:*:*:*:*:*:*:*,1FB0BD72-8737-4F54-810B-6C7057241A72,2007-09-14T17:36:49.090
Cisco Unified Videoconferencing,Application,Cisco,Unified Videoconferencing,-,,cpe:2.3:a:cisco:unified_videoconferencing:-:*:*:*:*:*:*:*,D0DBAFE7-0193-4DE1-8F28-241911CCE018,2007-09-14T17:36:49.090
Cisco Unified Videoconferencing Manager,Application,Cisco,Unified Videoconferencing Manager,-,,cpe:2.3:a:cisco:unified_videoconferencing_manager:-:*:*:*:*:*:*:*,A5ADCEE1-591B-4226-B47A-EA45414AAF06,2007-09-14T17:36:49.090
Cisco User Registration Tool,Application,Cisco,User Registration Tool,-,,cpe:2.3:a:cisco:user_registration_tool:-:*:*:*:*:*:*:*,47A30FB4-6E7E-4750-AE76-E3B749CB1679,2007-09-14T17:36:49.090
Cisco Virtual Central Office,Application,Cisco,Virtual Central Office,-,,cpe:2.3:a:cisco:virtual_central_office:-:*:*:*:*:*:*:*,4868F6E0-CD2A-405E-8293-7E238487CC36,2007-09-14T17:36:49.090
Cisco VPN 3002 Hardware Client,Application,Cisco,Vpn 3002 Hardware Client,-,,cpe:2.3:a:cisco:vpn_3002_hardware_client:-:*:*:*:*:*:*:*,1CD67624-DC02-440C-BAF1-A6ED67D796AD,2007-09-14T17:36:49.090
Cisco VPN 5000 Client,Application,Cisco,Vpn 5000 Client,-,,cpe:2.3:a:cisco:vpn_5000_client:-:*:*:*:*:*:*:*,290E0F9B-C952-4AD8-A8EB-348ADF48DE15,2007-09-14T17:36:49.090
Cisco VPN Client,Application,Cisco,Vpn Client,-,,cpe:2.3:a:cisco:vpn_client:-:*:*:*:*:*:*:*,067ACDB4-97F4-4670-9D9C-720A4DE9D39C,2007-09-14T17:36:49.090
Cisco VSC3000,Application,Cisco,Vsc3000,-,,cpe:2.3:a:cisco:vsc3000:-:*:*:*:*:*:*:*,5C933940-EAE5-486D-92EA-5C15430DB285,2007-09-14T17:36:49.090
Cisco VSPT,Application,Cisco,Vspt,-,,cpe:2.3:a:cisco:vspt:-:*:*:*:*:*:*:*,AE955121-D988-4FD2-A826-48AA86750B27,2007-09-14T17:36:49.090
Cisco WAN Manager,Application,Cisco,Wan Manager,-,,cpe:2.3:a:cisco:wan_manager:-:*:*:*:*:*:*:*,B591DACA-85FA-4E85-BC7F-676476A762BD,2007-09-14T17:36:49.090
Cisco Web Collaboration Option,Application,Cisco,Web Collaboration Option,-,,cpe:2.3:a:cisco:web_collaboration_option:-:*:*:*:*:*:*:*,C1106713-B89A-4FB8-B83F-955919A73BE3,2007-09-14T17:36:49.090
Cisco WebNS,Application,Cisco,Webns,-,,cpe:2.3:a:cisco:webns:-:*:*:*:*:*:*:*,F274E648-C9F9-461E-8BC8-D68ED46D9CAB,2007-09-14T17:36:49.090
Cisco Wide Area Application Services (WAAS),Application,Cisco,Wide Area Application Services,-,,cpe:2.3:a:cisco:wide_area_application_services:-:*:*:*:*:*:*:*,FF67B9D5-93E9-4CC5-8B13-A37629286D80,2008-06-17T17:50:37.437
Cisco Wireless LAN Solution Engine,Application,Cisco,Wireless Lan Solution Engine,-,,cpe:2.3:a:cisco:wireless_lan_solution_engine:-:*:*:*:*:*:*:*,01FE7EE4-3987-4F21-A688-FA8B92169D7D,2007-09-14T17:36:49.090
Citadel Citadel_UX,Application,Citadel,Ux,-,,cpe:2.3:a:citadel:ux:-:*:*:*:*:*:*:*,A6FE16B6-BB19-4700-9F84-47C14DAE9CBE,2008-04-01T14:41:49.683
Citadel Hercules,Application,Citadel,Hercules,-,,cpe:2.3:a:citadel:hercules:-:*:*:*:*:*:*:*,21C22C78-37FC-46EF-A7FE-733245BBD327,2007-09-14T17:36:49.090
Citadel WebCit,Application,Citadel,Webcit,-,,cpe:2.3:a:citadel:webcit:-:*:*:*:*:*:*:*,6633F18B-443E-43C3-993E-31949A842F79,2007-09-14T17:36:49.090
Citrix Access Essentials,Application,Citrix,Access Essentials,-,,cpe:2.3:a:citrix:access_essentials:-:*:*:*:*:*:*:*,B1506CDF-3B82-48EC-9F1A-F5C807554D8D,2007-09-14T17:36:49.090
Citrix Access Gateway,Application,Citrix,Access Gateway,-,,cpe:2.3:a:citrix:access_gateway:-:*:*:*:*:*:*:*,E2CDAA12-854B-48B6-A640-D036CE0C3C18,2007-09-14T17:36:49.090
Citrix Citrix Metaframe Secure Access Manager,Application,Citrix,Metaframe Secure Access Manager,-,,cpe:2.3:a:citrix:metaframe_secure_access_manager:-:*:*:*:*:*:*:*,10286CA4-2857-4D10-B790-D1ACF7317E9D,2008-04-01T16:09:49.560
Citrix Citrix Program Neighborhood Client,Application,Citrix,Program Neighborhood Client,-,,cpe:2.3:a:citrix:program_neighborhood_client:-:*:*:*:*:*:*:*,AF14FA42-AFDE-4235-94F4-F7BE7E91DD0A,2008-04-01T16:09:51.373
Citrix Endpoint Analysis Client,Application,Citrix,Endpoint Analysis Client,-,,cpe:2.3:a:citrix:endpoint_analysis_client:-:*:*:*:*:*:*:*,5B23B49B-1A69-4240-A0D8-B787B3D7BA5D,2007-09-14T17:36:49.090
Citrix ICA Client,Application,Citrix,Ica Client,-,,cpe:2.3:a:citrix:ica_client:-:*:*:*:*:*:*:*,6694045F-3E7B-466F-9FE7-3A10B3473D36,2007-09-14T17:36:49.090
Citrix ICA Program Neighborhood Client,Application,Citrix,Ica Program Neighborhood Client,-,,cpe:2.3:a:citrix:ica_program_neighborhood_client:-:*:*:*:*:*:*:*,AC3DE8A7-F9CC-4250-B1A8-3E1F073A4FAD,2007-09-14T17:36:49.090
Citrix ICA Web Client,Application,Citrix,Ica Web Client,-,,cpe:2.3:a:citrix:ica_web_client:-:*:*:*:*:*:*:*,958E7099-92EB-43D1-B401-9DAF1914F7C7,2007-09-14T17:36:49.090
Citrix MetaFrame,Application,Citrix,Metaframe,-,,cpe:2.3:a:citrix:metaframe:-:*:*:*:*:*:*:*,6BD60795-D2C6-4F81-A038-753B6B73B70E,2007-09-14T17:36:49.090
Citrix MetaFrame Conferencing Manager,Application,Citrix,Metaframe Conferencing Manager,-,,cpe:2.3:a:citrix:metaframe_conferencing_manager:-:*:*:*:*:*:*:*,ACF14D76-31C4-4614-B5AA-6F01FCF5A8A9,2007-09-14T17:36:49.090
Citrix Metaframe Password Manager,Application,Citrix,Metaframe Password Manager,-,,cpe:2.3:a:citrix:metaframe_password_manager:-:*:*:*:*:*:*:*,350E17B6-A088-4D66-A6CA-57825B6EFA6D,2007-09-14T17:36:49.090
Citrix MetaFrame Presentation Server,Application,Citrix,Metaframe Presentation Server,-,,cpe:2.3:a:citrix:metaframe_presentation_server:-:*:*:*:*:*:*:*,758944FD-824C-4FBF-8A82-2C11C4B229DD,2007-09-14T17:36:49.090
Citrix Nfuse,Application,Citrix,Nfuse,-,,cpe:2.3:a:citrix:nfuse:-:*:*:*:*:*:*:*,6AB20B83-A748-49C2-9FBF-A87D42206B85,2007-09-14T17:36:49.090
Citrix Presentation Server,Application,Citrix,Presentation Server,-,,cpe:2.3:a:citrix:presentation_server:-:*:*:*:*:*:*:*,CEB5344B-5725-4BD5-9DE2-768E9FC2F114,2007-09-14T17:36:49.090
Citrix Presentation Server Client,Application,Citrix,Presentation Server Client,-,,cpe:2.3:a:citrix:presentation_server_client:-:*:*:*:*:*:*:*,859BC057-2316-42D8-A8D5-F28E4FE24FF3,2007-09-14T17:36:49.090
Citrix Secure Gateway,Application,Citrix,Secure Gateway,-,,cpe:2.3:a:citrix:secure_gateway:-:*:*:*:*:*:*:*,49DC10D5-5EA4-4CF2-B5FA-99FAF97621CF,2007-09-14T17:36:49.090
Citrix Web Interface,Application,Citrix,Web Interface,-,,cpe:2.3:a:citrix:web_interface:-:*:*:*:*:*:*:*,308F61D7-4DB4-45D5-9996-EB88447D0595,2007-09-14T17:36:49.090
Citrix WinFrame,Application,Citrix,Winframe,-,,cpe:2.3:a:citrix:winframe:-:*:*:*:*:*:*:*,7626962A-C493-4B26-9E38-D45460A52584,2007-09-14T17:36:49.090
CleverEye CleverEye,Application,Nrgglobal,Clevereye,-,,cpe:2.3:a:nrgglobal:clevereye:-:*:*:*:*:*:*:*,93F84401-8FF9-4918-B0C6-212624173AD7,2008-04-01T14:41:50.323
CMS Made Simple CMS Made Simple,Application,Cmsmadesimple,Cms Made Simple,-,,cpe:2.3:a:cmsmadesimple:cms_made_simple:-:*:*:*:*:*:*:*,7F3E1980-1850-45F5-8328-12CB51704BD7,2008-04-01T14:41:50.543
CMScout CMScout,Application,Cmscout,Cmscout,-,,cpe:2.3:a:cmscout:cmscout:-:*:*:*:*:*:*:*,DA733942-D3E4-47C0-904B-B597A62EE7BF,2007-09-14T17:36:49.090
CMSDevelopment Business Card Web Builder,Application,Cmsdevelopment,Business Card Web Builder,-,,cpe:2.3:a:cmsdevelopment:business_card_web_builder:-:*:*:*:*:*:*:*,6CE44C34-1D5B-4EB7-AA3A-03BB2DB29053,2007-09-14T17:36:49.090
Cognos Series 7,Application,Cognos,Series 7,-,,cpe:2.3:a:cognos:series_7:-:*:*:*:*:*:*:*,DE742D37-A738-4173-B747-722DD09D78B3,2007-09-14T17:36:49.090
Cognos Ticket Server,Application,Cognos,Ticket Server,-,,cpe:2.3:a:cognos:ticket_server:-:*:*:*:*:*:*:*,D159634D-36FD-4EBD-A620-A07CFEEF0C8E,2007-09-14T17:36:49.090
Cognos Windows Common Logon Server,Application,Cognos,Windows Common Logon Server,-,,cpe:2.3:a:cognos:windows_common_logon_server:-:*:*:*:*:*:*:*,4AC8111C-FEA7-49C9-B533-3FBC5C644561,2007-09-14T17:36:49.090
CommPower XML Portal CP-XP,Application,Commpower,Xml Portal Cp-Xp,-,,cpe:2.3:a:commpower:xml_portal_cp-xp:-:*:*:*:*:*:*:*,7AA14C09-FF17-490B-868A-CA6B3F128DBA,2007-09-14T17:36:49.090
CommVault Galaxy,Application,Commvault,Galaxy,-,,cpe:2.3:a:commvault:galaxy:-:*:*:*:*:*:*:*,3F8027D7-F3A3-4D0B-9F7C-B632A8BBA6BE,2007-09-14T17:36:49.090
Compaq ACMS,Application,Compaq,Acms,-,,cpe:2.3:a:compaq:acms:-:*:*:*:*:*:*:*,A56A36AF-84C4-4739-847A-EFABD7434F7D,2007-09-14T17:36:49.090
Compaq Armada Insight Manager,Application,Compaq,Armada Insight Manager,-,,cpe:2.3:a:compaq:armada_insight_manager:-:*:*:*:*:*:*:*,C1B66FEF-4546-4B09-886A-89130AE0686D,2007-09-14T17:36:49.090
Compaq Compaq Foundation Agents,Application,Compaq,Foundation Agents,-,,cpe:2.3:a:compaq:foundation_agents:-:*:*:*:*:*:*:*,1C46D52A-B315-4109-88A4-0FADEF86545B,2008-04-01T16:09:53.593
Compaq CompaqHTTPServer,Application,Compaq,Compaqhttpserver,-,,cpe:2.3:a:compaq:compaqhttpserver:-:*:*:*:*:*:*:*,04905089-2EB2-4036-A3E2-EFBCCC251F44,2007-09-14T17:36:49.090
Compaq Enterprise Volume Manager_Command Scripter,Application,Compaq,Enterprise Volume Manager Command Scripter,-,,cpe:2.3:a:compaq:enterprise_volume_manager_command_scripter:-:*:*:*:*:*:*:*,1E27627C-BC1A-486B-8014-89638C8778ED,2007-09-14T17:36:49.090
Compaq Insight Management Agent,Application,Compaq,Insight Management Agent,-,,cpe:2.3:a:compaq:insight_management_agent:-:*:*:*:*:*:*:*,5B21C19F-1EBB-4EAD-BDBC-611FF894C031,2007-09-14T17:36:49.090
Compaq Insight Management Desktop Web Agents,Application,Compaq,Insight Management Desktop Web Agent,-,,cpe:2.3:a:compaq:insight_management_desktop_web_agent:-:*:*:*:*:*:*:*,EA37A8A3-4B88-43F2-A699-82321D2D62F4,2008-04-01T16:09:54.153
Compaq Insight Manager,Application,Compaq,Insight Manager,-,,cpe:2.3:a:compaq:insight_manager:-:*:*:*:*:*:*:*,8AF8802F-153D-4611-8A9D-BEDEE3A9B247,2007-09-14T17:36:49.090
Compaq Insight Manager LC,Application,Compaq,Insight Manager Lc,-,,cpe:2.3:a:compaq:insight_manager_lc:-:*:*:*:*:*:*:*,023DC1CD-1B1F-472C-BC15-9E3C8182B998,2007-09-14T17:36:49.090
Compaq Insight Manager XE,Application,Compaq,Insight Manager Xe,-,,cpe:2.3:a:compaq:insight_manager_xe:-:*:*:*:*:*:*:*,D0D670B6-B2F9-465E-BAB3-F9734EF93CAA,2007-09-14T17:36:49.090
Compaq Intelligent Cluster Administrator,Application,Compaq,Intelligent Cluster Administrator,-,,cpe:2.3:a:compaq:intelligent_cluster_administrator:-:*:*:*:*:*:*:*,75E7187B-D3EE-46FE-B2EC-70759EC42E53,2007-09-14T17:36:49.090
Compaq Management Agents,Application,Compaq,Management Agents,-,,cpe:2.3:a:compaq:management_agents:-:*:*:*:*:*:*:*,A2677133-2F47-4D40-B0E8-B10ABB1E0455,2007-09-14T17:36:49.090
Compaq Management Agents for Servers,Application,Compaq,Management Agents For Servers,-,,cpe:2.3:a:compaq:management_agents_for_servers:-:*:*:*:*:*:*:*,B6363DAF-66A5-4564-84E6-6140B4CDACEE,2007-09-14T17:36:49.090
Compaq Open SAN Manager,Application,Compaq,Open San Manager,-,,cpe:2.3:a:compaq:open_san_manager:-:*:*:*:*:*:*:*,2345A124-FE9F-4B56-A2C5-A072CB70A180,2007-09-14T17:36:49.090
Compaq Power Management,Application,Compaq,Power Management,-,,cpe:2.3:a:compaq:power_management:-:*:*:*:*:*:*:*,D5904BB3-2467-4F96-91F0-0A85DFD6E12C,2007-09-14T17:36:49.090
Compaq SANWorks Resource Monitor,Application,Compaq,Sanworks Resource Monitor,-,,cpe:2.3:a:compaq:sanworks_resource_monitor:-:*:*:*:*:*:*:*,FD7C9A1F-732E-43AC-B8B1-B71FBB377C2C,2007-09-14T17:36:49.090
Compaq SmartStart,Application,Compaq,Smartstart,-,,cpe:2.3:a:compaq:smartstart:-:*:*:*:*:*:*:*,A3D5AE7E-8579-4438-B411-2EBE31C16105,2007-09-14T17:36:49.090
Compaq Storage Allocation Reporter,Application,Compaq,Storage Allocation Reporter,-,,cpe:2.3:a:compaq:storage_allocation_reporter:-:*:*:*:*:*:*:*,87A39C24-BD8D-4AAE-AF5C-CD5432B541B6,2007-09-14T17:36:49.090
Compaq Survey Utility,Application,Compaq,Survey Utility,-,,cpe:2.3:a:compaq:survey_utility:-:*:*:*:*:*:*:*,FD40D075-8E2E-4CC5-9319-D6BAD57C4B68,2007-09-14T17:36:49.090
Compaq System Healthcheck,Application,Compaq,System Healthcheck,-,,cpe:2.3:a:compaq:system_healthcheck:-:*:*:*:*:*:*:*,6C09CEE5-B873-42B6-BEE1-CD3288524E6E,2007-09-14T17:36:49.090
Compaq Tru64,Operating System,Compaq,Tru64,-,,cpe:2.3:o:compaq:tru64:-:*:*:*:*:*:*:*,09DAF983-04AA-4C24-A67C-D2C12C370A29,2007-09-14T17:36:49.090
Compaq TruCluster,Application,Compaq,Trucluster,-,,cpe:2.3:a:compaq:trucluster:-:*:*:*:*:*:*:*,88C31782-E32A-412D-BF60-A2BF404040C5,2007-09-14T17:36:49.090
Compaq Version Control Agent,Application,Compaq,Version Control Agent,-,,cpe:2.3:a:compaq:version_control_agent:-:*:*:*:*:*:*:*,2D0BEC28-C20F-42D5-8895-AA4925B9BDA1,2007-09-14T17:36:49.090
Compaq Web-Enabled Management,Application,Compaq,Web-Enabled Management,-,,cpe:2.3:a:compaq:web-enabled_management:-:*:*:*:*:*:*:*,D6F9CCA6-E118-4856-832E-7D9F712998DD,2007-09-14T17:36:49.090
Computer Associates Unicenter NSM,Application,Ca,Unicenter Nsm,-,,cpe:2.3:a:ca:unicenter_nsm:-:*:*:*:*:*:*:*,6C961725-832A-41C7-97A9-38A9C893202D,2021-04-09T19:03:31.357
Computer Associates Unicenter Web Services Distributed Management,Application,Ca,Unicenter Web Services Distributed Management,-,,cpe:2.3:a:ca:unicenter_web_services_distributed_management:-:*:*:*:*:*:*:*,0FB6CB43-582A-48E5-A769-A700173483F9,2008-03-25T19:15:17.337
Computer Associates Vet Antivirus,Application,Ca,Vet Antivirus,-,,cpe:2.3:a:ca:vet_antivirus:-:*:*:*:*:*:*:*,3270F627-1976-461C-9447-C6BDC7F6902B,2008-03-25T19:15:17.553
Concord Communications eHealth Console,Application,Concord,Ehealth Console,-,,cpe:2.3:a:concord:ehealth_console:-:*:*:*:*:*:*:*,2816BE8C-D434-4227-A2F2-FCF1F733C627,2008-03-25T19:15:18.240
Concord Communications eHealth TrapExploder,Application,Concord,Ehealth Trapexploder,-,,cpe:2.3:a:concord:ehealth_trapexploder:-:*:*:*:*:*:*:*,69ED3046-33CC-4F99-A35E-8F733B036AC7,2008-03-25T19:15:18.943
Conectiva ecommerce,Application,Conectiva,Ecommerce,-,,cpe:2.3:a:conectiva:ecommerce:-:*:*:*:*:*:*:*,5426E143-AFB9-4384-8753-DBAF6A4A13D3,2007-09-14T17:36:49.090
Core-Street Certificate Validation Software,Application,Corestreet,Certificate Validation Software,-,,cpe:2.3:a:corestreet:certificate_validation_software:-:*:*:*:*:*:*:*,2B075517-7749-49E6-8B44-48500FED62C0,2008-03-25T19:15:19.273
Corel ActiveCGM Browser,Application,Corel,Activecgm Browser,-,,cpe:2.3:a:corel:activecgm_browser:-:*:*:*:*:*:*:*,DDC5138A-FD68-4DFE-BFC1-59A1D410ED6A,2007-09-14T17:36:49.090
Corel CorelDraw,Application,Corel,Coreldraw,-,,cpe:2.3:a:corel:coreldraw:-:*:*:*:*:*:*:*,C4AE0C98-3B2C-42B3-BF23-A25C0ABDA06F,2007-09-14T17:36:49.090
Corel Linux,Operating System,Corel,Linux,-,,cpe:2.3:o:corel:linux:-:*:*:*:*:*:*:*,379F0AD2-3860-4AEE-9F25-4DE42F6D3150,2007-09-14T17:36:49.090
Corel Paint Shop Pro Photo,Application,Corel,Paint Shop Pro,-,,cpe:2.3:a:corel:paint_shop_pro:-:*:*:*:*:*:*:*,46EAEAF2-4C19-4F7D-8924-28256CD8D488,2008-04-01T14:41:55.403
Corel WordPerfect,Application,Corel,Wordperfect,-,,cpe:2.3:a:corel:wordperfect:-:*:*:*:*:*:*:*,2BC0F669-426D-4F04-9D2C-CF692EA92587,2007-09-14T17:36:49.090
Cray UNICOS,Operating System,Cray,Unicos,-,,cpe:2.3:o:cray:unicos:-:*:*:*:*:*:*:*,48482DCF-74E2-4398-9646-9F81C59D3D92,2007-09-14T17:36:49.090
Cray UNICOS_lc,Operating System,Cray,Unicos Lc,-,,cpe:2.3:o:cray:unicos_lc:-:*:*:*:*:*:*:*,646D528A-D371-4278-AB32-D0BE3DE4BED6,2007-09-14T17:36:49.090
Cray UNICOS_mk,Operating System,Cray,Unicos Mk,-,,cpe:2.3:o:cray:unicos_mk:-:*:*:*:*:*:*:*,5B148035-76C9-4C57-82CA-B980CA15442B,2007-09-14T17:36:49.090
CTB-McGraw Hill TABE-PC,Application,Ctb,Tabe-Pc,-,,cpe:2.3:a:ctb:tabe-pc:-:*:*:*:*:*:*:*,518F3AF0-9676-4ED4-B47A-DEE1F187205D,2008-03-25T19:15:19.913
Data Dynamics ActiveBar,Application,Datadynamics,Activebar,-,,cpe:2.3:a:datadynamics:activebar:-:*:*:*:*:*:*:*,C4E45C5B-541F-4F42-96EC-AC5C152CBF18,2008-03-25T19:15:20.193
Data Dynamics ActiveReports,Application,Datadynamics,Activereports,-,,cpe:2.3:a:datadynamics:activereports:-:*:*:*:*:*:*:*,9AB473BE-4215-4A53-899D-22130E818855,2008-03-25T19:15:20.320
DataDirect Technologies DataDirect Connect ODBC,Application,Datadirect,Datadirect Connect Odbc,-,,cpe:2.3:a:datadirect:datadirect_connect_odbc:-:*:*:*:*:*:*:*,2D774248-A0F9-4802-9872-BD9FDE4FF340,2008-03-25T19:15:20.913
DataWatch Monarch Pro,Application,Datawatch,Monarch Pro,-,,cpe:2.3:a:datawatch:monarch_pro:-:*:*:*:*:*:*:*,DBE71A9B-9760-4757-8CA1-6445289DB263,2007-09-14T17:36:49.090
Debian amaya,Application,Debian,Amaya,-,,cpe:2.3:a:debian:amaya:-:*:*:*:*:*:*:*,A6EF3384-685B-4AE5-BD7D-B149316DEF08,2007-09-14T17:36:49.090
Debian Apache,Application,Debian,Apache,-,,cpe:2.3:a:debian:apache:-:*:*:*:*:*:*:*,C8D361BD-6264-453A-97DB-61D64F721169,2007-09-14T17:36:49.090
Debian apt-cacher,Application,Debian,Apt-Cacher,-,,cpe:2.3:a:debian:apt-cacher:-:*:*:*:*:*:*:*,65BF131F-96BF-463F-97ED-9D826607F1C2,2007-09-14T17:36:49.090
Debian apt-setup,Application,Debian,Apt-Setup,-,,cpe:2.3:a:debian:apt-setup:-:*:*:*:*:*:*:*,3331DA19-215F-4224-A18E-F1F8B0D011A0,2007-09-14T17:36:49.090
Debian backupninja,Application,Debian,Backupninja,-,,cpe:2.3:a:debian:backupninja:-:*:*:*:*:*:*:*,CCA876A4-36FC-45DC-8496-143D7C84ADA5,2007-09-14T17:36:49.090
Debian base-config,Application,Debian,Base-Config,-,,cpe:2.3:a:debian:base-config:-:*:*:*:*:*:*:*,94440EB0-83DD-413A-9096-C04B25BDE603,2007-09-14T17:36:49.090
Debian bsmtpd,Application,Debian,Bsmtpd,-,,cpe:2.3:a:debian:bsmtpd:-:*:*:*:*:*:*:*,8A38BA22-2F43-46A0-BAF0-F634E32F81A6,2007-09-14T17:36:49.090
Debian Linux,Operating System,Debian,Debian Linux,-,,cpe:2.3:o:debian:debian_linux:-:*:*:*:*:*:*:*,A7F9D0DB-02A9-4CB9-B88E-A7FF21BD0037,2009-09-17T18:05:11.483
Debian Debian Linux qpopper,Application,Debian,Qpopper,-,,cpe:2.3:a:debian:qpopper:-:*:*:*:*:*:*:*,DF1BE626-78F9-454C-8658-B695D67CC9BD,2008-04-01T14:41:57.323
Debian Debian ppxp,Application,Debian,Ppxp,-,,cpe:2.3:a:debian:ppxp:-:*:*:*:*:*:*:*,6DE87AB1-44DB-47C0-A25C-E602C7F4F973,2008-04-01T14:41:57.620
Debian debmake,Application,Debian,Debmake,-,,cpe:2.3:a:debian:debmake:-:*:*:*:*:*:*:*,E8AEAE04-DF00-4489-AF48-C54F96B294CE,2007-09-14T17:36:49.090
Debian Elvis tiny,Application,Debian,Elvis Tiny,-,,cpe:2.3:a:debian:elvis_tiny:-:*:*:*:*:*:*:*,29BB493E-1C36-4A0C-A6A3-DC95A65F639E,2007-09-14T17:36:49.090
Debian FSP,Application,Debian,Fsp,-,,cpe:2.3:a:debian:fsp:-:*:*:*:*:*:*:*,639592A0-FB99-45D7-9CDC-F6C5DAD8AF5D,2007-09-14T17:36:49.090
Debian gfax,Application,Debian,Gfax,-,,cpe:2.3:a:debian:gfax:-:*:*:*:*:*:*:*,46AB0B30-E098-42FC-92CF-90F8C919ED96,2007-09-14T17:36:49.090
Debian Internet Message,Application,Debian,Internet Message,-,,cpe:2.3:a:debian:internet_message:-:*:*:*:*:*:*:*,434CB0EC-4B70-45A4-843F-41C327530BD5,2007-09-14T17:36:49.090
Debian kernel-patch-vserver,Application,Debian,Kernel-Patch-Vserver,-,,cpe:2.3:a:debian:kernel-patch-vserver:-:*:*:*:*:*:*:*,AEB62349-959F-4386-BBA5-35C09FC812CE,2007-09-14T17:36:49.090
Debian libmail-audit-perl,Application,Debian,Libmail-Audit-Perl,-,,cpe:2.3:a:debian:libmail-audit-perl:-:*:*:*:*:*:*:*,AFE3D80C-CFF9-4724-AE71-AA9C1FCB1F51,2007-09-14T17:36:49.090
Debian lintian,Application,Debian,Lintian,-,,cpe:2.3:a:debian:lintian:-:*:*:*:*:*:*:*,3179EC8C-E5B9-4F5A-A890-112C6AAEA8A7,2007-09-14T17:36:49.090
Debian mime-support,Application,Debian,Mime-Support,-,,cpe:2.3:a:debian:mime-support:-:*:*:*:*:*:*:*,E77A3D10-DE33-4CD7-9EA3-5787609026CE,2007-09-14T17:36:49.090
Debian MIT Kerberos,Application,Debian,Mit Kerberos,-,,cpe:2.3:a:debian:mit_kerberos:-:*:*:*:*:*:*:*,91EB7783-59C5-43C4-9058-EE58F3C8C3A2,2007-09-14T17:36:49.090
Debian MIT OpenAFS,Application,Debian,Mit Openafs,-,,cpe:2.3:a:debian:mit_openafs:-:*:*:*:*:*:*:*,5B35BAD4-85D1-4089-BAED-1EDACC9AF9D4,2007-09-14T17:36:49.090
Debian NetKit,Application,Debian,Netkit,-,,cpe:2.3:a:debian:netkit:-:*:*:*:*:*:*:*,AC55F77C-4015-404F-AAD8-3A77B480DC11,2007-09-14T17:36:49.090
Debian netstd,Application,Debian,Netstd,-,,cpe:2.3:a:debian:netstd:-:*:*:*:*:*:*:*,3A13B56C-8328-4B2E-945B-50EF58498F3A,2007-09-14T17:36:49.090
Debian reportbug,Application,Debian,Reportbug,-,,cpe:2.3:a:debian:reportbug:-:*:*:*:*:*:*:*,64D7D6BC-EF31-41C9-B231-39DB465A4D08,2007-09-14T17:36:49.090
Debian sgml-tools,Application,Debian,Sgml-Tools,-,,cpe:2.3:a:debian:sgml-tools:-:*:*:*:*:*:*:*,A156694F-D838-4D66-B5D7-88C9367F5CB8,2007-09-14T17:36:49.090
Debian shadow,Application,Debian,Shadow,-,,cpe:2.3:a:debian:shadow:-:*:*:*:*:*:*:*,11DE0412-97D8-4ABC-9807-101628A40DBE,2007-09-14T17:36:49.090
Debian sympa,Application,Debian,Sympa,-,,cpe:2.3:a:debian:sympa:-:*:*:*:*:*:*:*,060C813C-0D27-44A7-AA1A-F009B01F729A,2007-09-14T17:36:49.090
Debian tetex-bin,Application,Debian,Tetex-Bin,-,,cpe:2.3:a:debian:tetex-bin:-:*:*:*:*:*:*:*,D7F51901-171C-4041-BB17-B60CCF36F092,2007-09-14T17:36:49.090
Debian toolchain-source,Application,Debian,Toolchain-Source,-,,cpe:2.3:a:debian:toolchain-source:-:*:*:*:*:*:*:*,7F1D3B3A-B11D-478E-8833-EEEB26CB993F,2007-09-14T17:36:49.090
Dell OpenManage,Application,Dell,Openmanage,-,,cpe:2.3:a:dell:openmanage:-:*:*:*:*:*:*:*,C94C5DA1-54F7-47EC-8338-9DC7BA09801E,2007-09-14T17:36:49.090
Dell Openmanage CD,Application,Dell,Openmanage Cd,-,,cpe:2.3:a:dell:openmanage_cd:-:*:*:*:*:*:*:*,97C011E7-5C57-486F-A943-19C9DA685793,2007-09-14T17:36:49.090
Dell TrueMobile 1300 WLAN Mini-PCI Card Util TrayApplet,Application,Dell,Truemobile 1300 Wlan Mini-Pci Card Util Trayapplet,-,,cpe:2.3:a:dell:truemobile_1300_wlan_mini-pci_card_util_trayapplet:-:*:*:*:*:*:*:*,F25D7BA1-563B-4C05-B892-7B33C82FCDA3,2007-09-14T17:36:49.090
Delrina Form Flow,Application,Delrina,Form Flow,-,,cpe:2.3:a:delrina:form_flow:-:*:*:*:*:*:*:*,93997FCC-2EB2-47FE-9EA8-BF13BAF28595,2007-09-14T17:36:49.090
DiGi DiGi WWW Server,Application,Digi,Www Server,-,,cpe:2.3:a:digi:www_server:-:*:*:*:*:*:*:*,9A47E5E7-E9E3-4260-ACE7-B73BC2D03769,2008-04-01T14:41:59.090
Digital Juice Juicer,Application,Digitaljuice,Juicer,-,,cpe:2.3:a:digitaljuice:juicer:-:*:*:*:*:*:*:*,79693A2F-4126-4F9B-A5AE-1204E850BA8D,2008-03-25T19:15:22.367
Distributive Management DataDrill,Application,Distributive,Datadrill,-,,cpe:2.3:a:distributive:datadrill:-:*:*:*:*:*:*:*,111B143A-2F2A-4723-84E1-34325681BCA6,2008-03-25T19:15:22.537
DivX Web Player,Application,Divx,Divx Web Player,-,,cpe:2.3:a:divx:divx_web_player:-:*:*:*:*:*:*:*,8281B11A-F7BC-4332-81D7-7092F73C5D3C,2011-03-04T17:47:06.483
EMC Connectix Manager,Application,Emc,Connectrix Manager,-,,cpe:2.3:a:emc:connectrix_manager:-:*:*:*:*:*:*:*,9B6007DC-367B-47F0-8CF4-242075DE26A0,2008-04-01T14:41:59.450
EMC ControlCenter,Application,Emc,Controlcenter,-,,cpe:2.3:a:emc:controlcenter:-:*:*:*:*:*:*:*,BB848303-24B4-4C06-8AC1-3F7B505EA44C,2007-09-14T17:36:49.090
EMC Navisphere Manager,Application,Emc,Navisphere Manager,-,,cpe:2.3:a:emc:navisphere_manager:-:*:*:*:*:*:*:*,F8A0AF9C-799E-4722-9A8A-720B9ABAA533,2007-09-14T17:36:49.090
EMC NetWorker,Application,Emc,Networker,-,,cpe:2.3:a:emc:networker:-:*:*:*:*:*:*:*,C690FA7B-7EBD-4DC1-B186-B6DC20908175,2007-09-14T17:36:49.090
EMC PowerPath,Application,Emc,Powerpath,-,,cpe:2.3:a:emc:powerpath:-:*:*:*:*:*:*:*,79BC62D8-9541-4BF8-9FA2-9A6C3FD84189,2007-09-14T17:36:49.090
EMC Solutions Enabler,Application,Emc,Solutions Enabler,-,,cpe:2.3:a:emc:solutions_enabler:-:*:*:*:*:*:*:*,75FD9441-87D1-46C3-91EF-77D2B283AAC2,2007-09-14T17:36:49.090
EMC Symmetrix 8530,Application,Emc,Symmetrix 8530,-,,cpe:2.3:a:emc:symmetrix_8530:-:*:*:*:*:*:*:*,FC14FDD3-4E3C-469F-B0AA-F6790B7CF6E0,2007-09-14T17:36:49.090
EMC VMware,Application,Emc,Vmware,-,,cpe:2.3:a:emc:vmware:-:*:*:*:*:*:*:*,60BA6C0F-0384-4A39-BDCC-F9AE17546106,2007-09-14T17:36:49.090
EMC Corporation eRoom,Application,Emc,Eroom,-,,cpe:2.3:a:emc:eroom:-:*:*:*:*:*:*:*,EFBA62EC-44FA-445C-84DA-C5C101F71B82,2008-03-25T19:15:23.240
EMC Corporation Legato NetWorker,Application,Emc,Legato Networker,-,,cpe:2.3:a:emc:legato_networker:-:*:*:*:*:*:*:*,7FDE6C04-07B2-42E8-82F1-284023A63E9C,2008-03-25T19:15:23.693
EMC Corporation Retrospect,Application,Emc,Retrospect,-,,cpe:2.3:a:emc:retrospect:-:*:*:*:*:*:*:*,51029AF3-EC8D-43BE-8A84-79A837432C53,2008-03-25T19:15:24.600
EMC Corporation Retrospect Client,Application,Emc,Retrospect Client,-,,cpe:2.3:a:emc:retrospect_client:-:*:*:*:*:*:*:*,A89B7F71-4A1B-4CB5-B625-BC2B92A6077F,2008-03-25T19:15:24.960
Engarde Guardian Digital WebTool,Application,Engardelinux,Guardian Digital Webtool,-,,cpe:2.3:a:engardelinux:guardian_digital_webtool:-:*:*:*:*:*:*:*,08E11A28-C26B-46A7-9C70-103FF299E3AD,2008-03-25T19:15:25.413
Engarde Secure Community,Operating System,Engardelinux,Secure Community,-,,cpe:2.3:o:engardelinux:secure_community:-:*:*:*:*:*:*:*,972EC99F-BD5C-4364-959A-799BB8D8328A,2008-04-01T14:42:01.683
Engarde Secure Linux,Operating System,Engardelinux,Secure Linux,-,,cpe:2.3:o:engardelinux:secure_linux:-:*:*:*:*:*:*:*,569EB168-E2C0-4F2D-8D61-30ADFFFCB9C9,2008-03-25T19:15:25.633
Engarde Secure Professional,Operating System,Engardelinux,Secure Professional,-,,cpe:2.3:o:engardelinux:secure_professional:-:*:*:*:*:*:*:*,ADDBDCFE-2ADA-4B71-80EE-869420A460DF,2008-04-01T14:42:01.950
Enterasys NetSight Console,Application,Enterasys,Netsight Console,-,,cpe:2.3:a:enterasys:netsight_console:-:*:*:*:*:*:*:*,763B9103-A36C-4B6B-ADAA-46B8C74BA065,2007-09-14T17:36:49.090
Enterasys NetSight Inventory Manager,Application,Enterasys,Netsight Inventory Manager,-,,cpe:2.3:a:enterasys:netsight_inventory_manager:-:*:*:*:*:*:*:*,351A4CE5-FD66-48F6-9460-F17F6FABEBEE,2007-09-14T17:36:49.090
Entercept Security Technologies Entercept Agent,Application,Mcafee,Entercept Agent,-,,cpe:2.3:a:mcafee:entercept_agent:-:*:*:*:*:*:*:*,44DCD4F7-A350-4794-AE14-94CAE539C11D,2008-04-01T15:03:47.507
ESRI ArcGIS,Application,Esri,Arcgis,-,,cpe:2.3:a:esri:arcgis:-:*:*:*:*:*:*:*,AD25AB07-0A7F-4157-8447-D48B58D05D98,2024-10-10T16:12:43.507
ESRI ArcGIS 3D Analyst,Application,Esri,Arcgis 3D Analyst,-,,cpe:2.3:a:esri:arcgis_3d_analyst:-:*:*:*:*:*:*:*,6805871C-F921-4138-AD07-81DA4D65595E,2024-05-21T14:22:19.573
ESRI ArcGIS ArcSDE,Application,Esri,Arcgis Arcsde,-,,cpe:2.3:a:esri:arcgis_arcsde:-:*:*:*:*:*:*:*,5DC32212-5F60-4492-ACBE-5C0C4CF8C9A2,2024-05-21T14:18:43.110
ESRI ArcGIS Spatial Analyst,Application,Esri,Arcgis Spatial Analyst,-,,cpe:2.3:a:esri:arcgis_spatial_analyst:-:*:*:*:*:*:*:*,F84E3A81-2FE8-4944-A253-30F97F4553E9,2024-05-21T11:51:18.437
ESRI ArcInfo Workstation,Application,Esri,Arcinfo Workstation,-,,cpe:2.3:a:esri:arcinfo_workstation:-:*:*:*:*:*:*:*,558C9A8F-EA29-4EC7-92E1-0C9BC48410A8,2007-09-14T17:36:49.090
ESRI ArcPad,Application,Esri,Arcpad,-,,cpe:2.3:a:esri:arcpad:-:*:*:*:*:*:*:*,D795BFBE-DD16-494D-A765-A8DB39845FD0,2007-09-14T17:36:49.090
ESRI ArcSDE,Application,Esri,Arcsde,-,,cpe:2.3:a:esri:arcsde:-:*:*:*:*:*:*:*,7A48EAB7-993E-4452-A6F5-0700715CFC70,2007-09-14T17:36:49.090
ESRI ArcView,Application,Esri,Arcview,-,,cpe:2.3:a:esri:arcview:-:*:*:*:*:*:*:*,883AF309-42C0-4222-BED5-956484390795,2007-09-14T17:36:49.090
Extreme Networks ExtremeWare XOS,Operating System,Extremenetworks,Extremeware Xos,-,,cpe:2.3:o:extremenetworks:extremeware_xos:-:*:*:*:*:*:*:*,D49620A4-95DD-471A-958A-4F87DE717660,2008-03-25T19:15:27.287
F5 iControl Service Manager,Application,F5,Icontrol Service Manager,-,,cpe:2.3:a:f5:icontrol_service_manager:-:*:*:*:*:*:*:*,E4122A01-049B-49FD-AA84-97906F2A69D2,2007-09-14T17:36:49.090
F5 Networks 3 DNS,Application,F5,3 Dns,-,,cpe:2.3:a:f5:3_dns:-:*:*:*:*:*:*:*,28DEF087-A345-4D1E-B9FD-694893D60AE8,2008-03-25T19:15:28.133
F5 Networks Big-IP Local Traffic Manager (LTM),Application,F5,Big-Ip Local Traffic Manager,-,,cpe:2.3:a:f5:big-ip_local_traffic_manager:-:*:*:*:*:*:*:*,9C3A11B3-8CFB-493C-81B9-FC12E1D28E4B,2012-07-10T17:21:20.073
Famatech Advanced Port Scanner,Application,Famatech,Advanced Port Scanner,-,,cpe:2.3:a:famatech:advanced_port_scanner:-:*:*:*:*:*:*:*,AA8F51A9-E0EC-446B-828A-44FED0D8937C,2007-09-14T17:36:49.090
Fedora Core,Operating System,Fedoraproject,Fedora Core,-,,cpe:2.3:o:fedoraproject:fedora_core:-:*:*:*:*:*:*:*,DCF1CC26-5F11-460B-81D3-8888AB4792B1,2022-02-03T17:19:40.583
Firaxis Games Sid Meiers Civilization Chronicles,Application,Firaxis,Sid Meiers Civilization Chronicles,-,,cpe:2.3:a:firaxis:sid_meiers_civilization_chronicles:-:*:*:*:*:*:*:*,D619237D-2F0F-4237-B7E2-B04D85B6322A,2008-03-25T19:15:28.663
Firaxis Games Sid Meiers Civilization III,Application,Firaxis,Sid Meiers Civilization Iii,-,,cpe:2.3:a:firaxis:sid_meiers_civilization_iii:-:*:*:*:*:*:*:*,1C9AF0BE-87AF-4A01-A82B-A5FE04BF2EF6,2008-03-25T19:15:28.710
Firaxis Games Sid Meiers Civilization IV,Application,Firaxis,Sid Meiers Civilization Iv,-,,cpe:2.3:a:firaxis:sid_meiers_civilization_iv:-:*:*:*:*:*:*:*,7A75290F-B8F5-42D1-82EC-FA89CC489ED2,2008-03-25T19:15:28.757
Firaxis Games Sid Meiers Civilization IV Warlords,Application,Firaxis,Sid Meiers Civilization Iv Warlords,-,,cpe:2.3:a:firaxis:sid_meiers_civilization_iv_warlords:-:*:*:*:*:*:*:*,282D0DE5-BEEA-4872-9F68-2708093168CA,2008-03-25T19:15:28.850
Firebird Firebird,Application,Firebirdsql,Firebird,-,,cpe:2.3:a:firebirdsql:firebird:-:*:*:*:*:*:*:*,2AC9E4F5-C881-4A5C-9929-323E8DE904FC,2008-03-25T19:15:29.070
FreeBSD AIDE,Application,Freebsd,Aide,-,,cpe:2.3:a:freebsd:aide:-:*:*:*:*:*:*:*,4F063157-C389-49D2-AF36-31F728C3448E,2007-09-14T17:36:49.090
FreeBSD fetch,Application,Freebsd,Fetch,-,,cpe:2.3:a:freebsd:fetch:-:*:*:*:*:*:*:*,389777D8-315C-41E4-897B-D130C2B5BF5C,2007-09-14T17:36:49.090
FreeBSD,Operating System,Freebsd,Freebsd,-,,cpe:2.3:o:freebsd:freebsd:-:*:*:*:*:*:*:*,E968E61D-EBB9-4069-9887-4481A129B8F5,2009-06-09T01:40:25.733
FreeBSD Heimdal Port,Application,Freebsd,Heimdal,-,,cpe:2.3:a:freebsd:heimdal:-:*:*:*:*:*:*:*,CE25DF70-9A04-48DA-B0CC-DB7167D9A664,2008-04-01T15:03:52.663
FreeBSD ja-xklock,Application,Freebsd,Ja-Xklock,-,,cpe:2.3:a:freebsd:ja-xklock:-:*:*:*:*:*:*:*,082950B4-B389-4FD4-AC1D-7256E0467435,2007-09-14T17:36:49.090
FreeBSD libarchive,Application,Freebsd,Libarchive,-,,cpe:2.3:a:freebsd:libarchive:-:*:*:*:*:*:*:*,2AD42955-9373-4BF5-9F6D-2A8E08751696,2007-09-14T17:36:49.090
FrontRange GoldMine,Application,Frontrange,Goldmine,-,,cpe:2.3:a:frontrange:goldmine:-:*:*:*:*:*:*:*,85E160F5-9EF0-40F6-A362-F7796D0E7AE5,2008-04-01T15:03:53.007
FrontRange Heat,Application,Frontrange,Heat,-,,cpe:2.3:a:frontrange:heat:-:*:*:*:*:*:*:*,F833BB41-2EDE-4840-BFA2-533B4AD1D016,2007-09-14T17:36:49.090
FrontRange iHEAT,Application,Frontrange,Iheat,-,,cpe:2.3:a:frontrange:iheat:-:*:*:*:*:*:*:*,BFFEC7CB-2CEC-4F9B-B0DB-6645CA8E1FB3,2008-04-01T15:03:53.273
Gentoo app-crypt_pinentry,Application,Gentoo,App-Crypt Pinentry,-,,cpe:2.3:a:gentoo:app-crypt_pinentry:-:*:*:*:*:*:*:*,60F318BA-68FE-4661-B390-6280AABDE840,2007-09-14T17:36:49.090
Gentoo File 4.20,Application,Gentoo,File,4.20,,cpe:2.3:a:gentoo:file:4.20:*:*:*:*:*:*:*,6AC1C311-D7BE-4972-8680-73A5F16F1569,2008-04-01T15:03:53.633
Gentoo Gentoo Linux eix,Application,Gentoo,Linux Eix,-,,cpe:2.3:a:gentoo:linux_eix:-:*:*:*:*:*:*:*,2A97A4F1-7A26-47E4-A051-66657D4EF32B,2008-04-01T15:03:53.757
Gentoo Gentoo Linux webapp-config,Application,Gentoo,Linux Webapp-Config,-,,cpe:2.3:a:gentoo:linux_webapp-config:-:*:*:*:*:*:*:*,DDC633F5-7A79-4BF1-BEEA-346274992DBA,2008-04-01T15:03:53.993
Gentoo Gentoo Security,Application,Gentoo,Security,-,,cpe:2.3:a:gentoo:security:-:*:*:*:*:*:*:*,84D3D30B-2B0D-4228-9449-7D3D54715AAE,2008-04-01T15:03:54.163
Gentoo glibc,Application,Gentoo,Glibc,-,,cpe:2.3:a:gentoo:glibc:-:*:*:*:*:*:*:*,14EF818A-D64D-4754-AA8C-B7E6B184EB83,2007-09-14T17:36:49.090
Gentoo Linux,Operating System,Gentoo,Linux,-,,cpe:2.3:o:gentoo:linux:-:*:*:*:*:*:*:*,F5F6C088-4B2E-4194-96AD-B70453A329FA,2007-09-14T17:36:49.090
Gentoo media-libs_jpeg,Application,Gentoo,Media-Libs Jpeg,-,,cpe:2.3:a:gentoo:media-libs_jpeg:-:*:*:*:*:*:*:*,2418AC25-5EF4-43F9-906F-42182D35DAB6,2007-09-14T17:36:49.090
Gentoo mirrorselect,Application,Gentoo,Mirrorselect,-,,cpe:2.3:a:gentoo:mirrorselect:-:*:*:*:*:*:*:*,6904CDAF-9E2E-4667-8980-28336B40AC32,2007-09-14T17:36:49.090
Gentoo NVClock,Application,Gentoo,Nvclock,-,,cpe:2.3:a:gentoo:nvclock:-:*:*:*:*:*:*:*,8F155899-8B98-4CA5-BB64-96179C422DC1,2007-09-14T17:36:49.090
Gentoo NView,Application,Gentoo,Nview,-,,cpe:2.3:a:gentoo:nview:-:*:*:*:*:*:*:*,506D1A7D-6970-4BC6-8AFD-981EFE3323D2,2007-09-14T17:36:49.090
Gentoo poppassd_pam,Application,Gentoo,Poppassd Pam,-,,cpe:2.3:a:gentoo:poppassd_pam:-:*:*:*:*:*:*:*,B4B76583-9564-4814-B535-DCB2FD2C87A8,2007-09-14T17:36:49.090
Gentoo Qt-UnixODBC,Application,Gentoo,Qt-Unixodbc,-,,cpe:2.3:a:gentoo:qt-unixodbc:-:*:*:*:*:*:*:*,4CBDA72F-C94B-49D5-9AE9-024DBF0D77C6,2007-09-14T17:36:49.090
Gentoo Rootkit Hunter,Application,Gentoo,Rootkit Hunter,-,,cpe:2.3:a:gentoo:rootkit_hunter:-:*:*:*:*:*:*:*,5CDD714E-9A24-4792-B205-CF4A38C11C62,2007-09-14T17:36:49.090
Gentoo webmin,Application,Gentoo,Webmin,-,,cpe:2.3:a:gentoo:webmin:-:*:*:*:*:*:*:*,0201B3C8-6479-41D6-9A43-70D791F59720,2007-09-14T17:36:49.090
Gentoo XnView,Application,Gentoo,Xnview,-,,cpe:2.3:a:gentoo:xnview:-:*:*:*:*:*:*:*,983CA5D9-C5B8-47FD-ACFF-C44E250F63A3,2007-09-14T17:36:49.090
GNOME gnome-terminal,Application,Gnome,Gnome-Terminal,-,,cpe:2.3:a:gnome:gnome-terminal:-:*:*:*:*:*:*:*,21C9EBEC-4F19-4DD6-85BB-319AF0FAB280,2010-08-09T22:08:02.957
GNU a2ps,Application,Gnu,A2Ps,-,,cpe:2.3:a:gnu:a2ps:-:*:*:*:*:*:*:*,C5317105-9DF7-4796-8D44-7A50A50A7D50,2007-09-14T17:36:49.090
GNU Anubis,Application,Gnu,Anubis,-,,cpe:2.3:a:gnu:anubis:-:*:*:*:*:*:*:*,7B5C29EB-B3F1-49F6-BC14-3FFBCD3D8A78,2007-09-14T17:36:49.090
GNU Aspell,Application,Gnu,Aspell,-,,cpe:2.3:a:gnu:aspell:-:*:*:*:*:*:*:*,0E4D5943-4D8B-4675-B649-7AD6C4F4C8C8,2007-09-14T17:36:49.090
GNU Binutils,Application,Gnu,Binutils,-,,cpe:2.3:a:gnu:binutils:-:*:*:*:*:*:*:*,398CF607-07C7-4C20-8830-7C42BF7BD833,2022-08-03T16:05:23.000
GNU Cfengine,Application,Gnu,Cfengine,-,,cpe:2.3:a:gnu:cfengine:-:*:*:*:*:*:*:*,A3B52473-F41D-42D4-A73E-067B4D6514D3,2007-09-14T17:36:49.090
GNU Chess,Application,Gnu,Chess,-,,cpe:2.3:a:gnu:chess:-:*:*:*:*:*:*:*,378D6706-34B3-4EC5-84ED-17B8A5DD5388,2007-09-14T17:36:49.090
GNU Coreutils,Application,Gnu,Coreutils,-,,cpe:2.3:a:gnu:coreutils:-:*:*:*:*:*:*:*,AC96DA0C-D4B0-4EB0-944E-AA4EB2039ACF,2007-09-14T17:36:49.090
GNU cpio,Application,Gnu,Cpio,-,,cpe:2.3:a:gnu:cpio:-:*:*:*:*:*:*:*,544BA886-AADD-425D-8322-F1645CCBD5F0,2007-09-14T17:36:49.090
GNU DataDisplay Debugger,Application,Gnu,Data Display Debugger,-,,cpe:2.3:a:gnu:data_display_debugger:-:*:*:*:*:*:*:*,9104D0D8-EF18-4CA3-8593-792E1FF14856,2008-04-01T15:03:55.367
GNU Ed,Application,Gnu,Ed,-,,cpe:2.3:a:gnu:ed:-:*:*:*:*:*:*:*,B4DEE85D-0ACD-49D0-A51E-4E4BAE41C3C2,2007-09-14T17:36:49.090
GNU Emacs,Application,Gnu,Emacs,-,,cpe:2.3:a:gnu:emacs:-:*:*:*:*:*:*:*,EAD735E4-4513-4781-9EC4-093CB3C50A03,2007-09-14T17:36:49.090
GNU Enscript,Application,Gnu,Enscript,-,,cpe:2.3:a:gnu:enscript:-:*:*:*:*:*:*:*,0D7D1AFB-43EA-4D71-A702-9590922AEEC0,2007-09-14T17:36:49.090
GNU Fileutils,Application,Gnu,Fileutils,-,,cpe:2.3:a:gnu:fileutils:-:*:*:*:*:*:*:*,478DA075-4031-4256-9459-590D80A000EC,2007-09-14T17:36:49.090
GNU findutils,Application,Gnu,Findutils,-,,cpe:2.3:a:gnu:findutils:-:*:*:*:*:*:*:*,667283D4-64A1-4984-AFCF-C9FCE2CC634F,2007-09-14T17:36:49.090
GNU Finger Service,Application,Gnu,Finger Service,-,,cpe:2.3:a:gnu:finger_service:-:*:*:*:*:*:*:*,57873E07-652A-489C-A788-F8058CF863AC,2007-09-14T17:36:49.090
GNU Fingerd,Application,Gnu,Fingerd,-,,cpe:2.3:a:gnu:fingerd:-:*:*:*:*:*:*:*,45FA295F-9764-49BC-B114-7CC5CB86D892,2007-09-14T17:36:49.090
GNU flim,Application,Gnu,Flim,-,,cpe:2.3:a:gnu:flim:-:*:*:*:*:*:*:*,3156649C-61FE-4BD2-BB7B-A32B8A4BFD35,2007-09-14T17:36:49.090
GNU g++,Application,Gnu,G\+\+,-,,cpe:2.3:a:gnu:g\+\+:-:*:*:*:*:*:*:*,C21FDE6F-2F43-4DB7-85D4-68D157461F70,2008-06-17T17:50:37.530
GNU gcc,Application,Gnu,Gcc,-,,cpe:2.3:a:gnu:gcc:-:*:*:*:*:*:*:*,A91756D8-75C2-4407-BBBA-F1EA27EC1AF3,2007-09-14T17:36:49.090
GNU gettext,Application,Gnu,Gettext,-,,cpe:2.3:a:gnu:gettext:-:*:*:*:*:*:*:*,0F789E90-FDDB-4489-9F41-5A129766741B,2007-09-14T17:36:49.090
GNU glibc,Application,Gnu,Glibc,-,,cpe:2.3:a:gnu:glibc:-:*:*:*:*:*:*:*,D25EAAF1-AAE0-4D9B-870D-E3F87482CAF8,2023-12-06T13:11:12.803
GNU GNATS,Application,Gnu,Gnats,-,,cpe:2.3:a:gnu:gnats:-:*:*:*:*:*:*:*,876F3B93-2DC9-4463-A7AF-E07E0A74000C,2007-09-14T17:36:49.090
GNU GDB (GNU Debugger),Application,Gnu,Gdb,-,,cpe:2.3:a:gnu:gdb:-:*:*:*:*:*:*:*,694064CE-AB34-412B-82FB-BD3570EDC3D2,2022-08-09T13:38:20.867
GNU GNU Flash Player,Application,Gnu,Flash Player,-,,cpe:2.3:a:gnu:flash_player:-:*:*:*:*:*:*:*,A9343A22-9337-4F88-8B8B-26F01D09B799,2008-04-01T15:03:57.587
GNU GNU Privacy Guard,Application,Gnu,Privacy Guard,-,,cpe:2.3:a:gnu:privacy_guard:-:*:*:*:*:*:*:*,9AFD542E-E1BF-4B84-AEDD-F8DDD5F2B873,2008-04-01T15:03:57.913
GNU gnubiff,Application,Gnu,Gnubiff,-,,cpe:2.3:a:gnu:gnubiff:-:*:*:*:*:*:*:*,DC80EA2D-E2AD-47C5-9A30-6629FEF87254,2007-09-14T17:36:49.090
GNU GNUMail,Application,Gnu,Gnumail,-,,cpe:2.3:a:gnu:gnumail:-:*:*:*:*:*:*:*,41F7D87B-FE0F-426B-ABB6-4D9641F8E6EF,2007-09-14T17:36:49.090
GNU GNUmeric,Application,Gnu,Gnumeric,-,,cpe:2.3:a:gnu:gnumeric:-:*:*:*:*:*:*:*,F25AF25F-DED1-48A4-97B7-47F2F3BD5A8F,2007-09-14T17:36:49.090
GNU GNUMP3D,Application,Gnu,Gnump3D,-,,cpe:2.3:a:gnu:gnump3d:-:*:*:*:*:*:*:*,0B7D6333-F2A0-426A-B4B9-47B5A8211E9C,2007-09-14T17:36:49.090
GNU GnuTLS,Application,Gnu,Gnutls,-,,cpe:2.3:a:gnu:gnutls:-:*:*:*:*:*:*:*,CE176840-73CC-49B1-B8FF-B72F6BC7AD73,2007-09-14T17:36:49.090
GNU GPGME,Application,Gnu,Gpgme,-,,cpe:2.3:a:gnu:gpgme:-:*:*:*:*:*:*:*,2A7B3C66-1A34-4211-913C-5C89F1D45D66,2007-09-14T17:36:49.090
GNU Groff,Application,Gnu,Groff,-,,cpe:2.3:a:gnu:groff:-:*:*:*:*:*:*:*,67EB0AF1-987D-4D20-B16D-1CC4D2DAD1FF,2007-09-14T17:36:49.090
GNU gv,Application,Gnu,Gv,-,,cpe:2.3:a:gnu:gv:-:*:*:*:*:*:*:*,9A9C87CA-2143-4FCD-A816-0D864BEEA927,2007-09-14T17:36:49.090
GNU Gzip,Application,Gnu,Gzip,-,,cpe:2.3:a:gnu:gzip:-:*:*:*:*:*:*:*,304AD45B-E72D-46CE-9C8D-413BA161E5D9,2023-06-06T19:01:39.340
GNU IceWeasel,Application,Gnu,Iceweasel,-,,cpe:2.3:a:gnu:iceweasel:-:*:*:*:*:*:*:*,84C435C4-5A6B-497F-AC04-0ECBB4AAB7A2,2007-09-14T17:36:49.090
GNU inet,Application,Gnu,Inet,-,,cpe:2.3:a:gnu:inet:-:*:*:*:*:*:*:*,A58F2E09-8519-402D-AF09-BB45100B354E,2007-09-14T17:36:49.090
GNU InetUtils,Application,Gnu,Inetutils,-,,cpe:2.3:a:gnu:inetutils:-:*:*:*:*:*:*:*,2084B058-9F38-40DC-91D8-39918DE81ED9,2007-09-14T17:36:49.090
GNU Ksymoops,Application,Gnu,Ksymoops,-,,cpe:2.3:a:gnu:ksymoops:-:*:*:*:*:*:*:*,4B73EE64-2518-4964-AF66-3F5F923B032C,2007-09-14T17:36:49.090
GNU less,Application,Gnu,Less,-,,cpe:2.3:a:gnu:less:-:*:*:*:*:*:*:*,1DFD9511-EE6A-4160-9737-0D8FAD64E3BA,2007-09-14T17:36:49.090
GNU libtool,Application,Gnu,Libtool,-,,cpe:2.3:a:gnu:libtool:-:*:*:*:*:*:*:*,9D722951-7822-4CB8-A878-D3B6140E4D9E,2007-09-14T17:36:49.090
GNU libtool-ltdl,Application,Gnu,Libtool-Ltdl,-,,cpe:2.3:a:gnu:libtool-ltdl:-:*:*:*:*:*:*:*,0822729F-AF8C-4401-8F9C-01BCD61D2283,2007-09-14T17:36:49.090
GNU lsh,Application,Gnu,Lsh,-,,cpe:2.3:a:gnu:lsh:-:*:*:*:*:*:*:*,FD95927A-3D70-4EB9-8CA1-D6E317B85CC7,2007-09-14T17:36:49.090
GNU Mailman,Application,Gnu,Mailman,-,,cpe:2.3:a:gnu:mailman:-:*:*:*:*:*:*:*,4666D120-8943-4B0A-AD20-BE12B3FF8A39,2007-09-14T17:36:49.090
GNU Mailutils,Application,Gnu,Mailutils,-,,cpe:2.3:a:gnu:mailutils:-:*:*:*:*:*:*:*,2089992B-9C5A-4F88-9DEA-5269FB3AAB6F,2007-09-14T17:36:49.090
GNU make,Application,Gnu,Make,-,,cpe:2.3:a:gnu:make:-:*:*:*:*:*:*:*,8F53FB1F-1E01-4E46-B1E9-47CAE42EC9FE,2007-09-14T17:36:49.090
GNU phpBook,Application,Gnu,Phpbook,-,,cpe:2.3:a:gnu:phpbook:-:*:*:*:*:*:*:*,A7D48E7A-920F-416A-A198-75770DCE4F63,2007-09-14T17:36:49.090
GNU queue,Application,Gnu,Queue,-,,cpe:2.3:a:gnu:queue:-:*:*:*:*:*:*:*,8C3C9C0A-E557-4D9F-85C7-33AE710D5F21,2007-09-14T17:36:49.090
GNU Radius,Application,Gnu,Radius,-,,cpe:2.3:a:gnu:radius:-:*:*:*:*:*:*:*,31FE1C57-4C19-48AF-9900-2A651D84BD59,2007-09-14T17:36:49.090
GNU screen,Application,Gnu,Screen,-,,cpe:2.3:a:gnu:screen:-:*:*:*:*:*:*:*,D15EACFC-7207-4A8E-9C8D-53FC56F620BA,2007-09-14T17:36:49.090
GNU Sharutils,Application,Gnu,Sharutils,-,,cpe:2.3:a:gnu:sharutils:-:*:*:*:*:*:*:*,0B52C9AF-A3C7-4688-8605-3CE6EE03EED1,2007-09-14T17:36:49.090
GNU tar,Application,Gnu,Tar,-,,cpe:2.3:a:gnu:tar:-:*:*:*:*:*:*:*,EFC53546-B22A-4231-959A-5F00D345B64B,2007-09-14T17:36:49.090
GNU texinfo,Application,Gnu,Texinfo,-,,cpe:2.3:a:gnu:texinfo:-:*:*:*:*:*:*:*,62AC81ED-4577-4C44-A5EF-4FE3A1C37F26,2007-09-14T17:36:49.090
GNU userv,Application,Gnu,Userv,-,,cpe:2.3:a:gnu:userv:-:*:*:*:*:*:*:*,89614FDA-CEA9-45C8-8558-F4FDFB02C3E5,2007-09-14T17:36:49.090
GNU wget,Application,Gnu,Wget,-,,cpe:2.3:a:gnu:wget:-:*:*:*:*:*:*:*,D69FB663-B35A-4FA0-9784-8C5871B6DA20,2007-09-14T17:36:49.090
GNU XEmacs,Application,Gnu,Xemacs,-,,cpe:2.3:a:gnu:xemacs:-:*:*:*:*:*:*:*,8BC02B24-3194-4D7D-A702-15B2F2EE6600,2007-09-14T17:36:49.090
GNU Zebra,Application,Gnu,Zebra,-,,cpe:2.3:a:gnu:zebra:-:*:*:*:*:*:*:*,185076C8-79F3-4B0E-9F29-655D241DEB75,2007-09-14T17:36:49.090
Google Google API Search,Application,Google,Api Search,-,,cpe:2.3:a:google:api_search:-:*:*:*:*:*:*:*,E4E333C0-E877-4FF9-A15F-49E7EFABE762,2008-04-01T16:10:00.547
Google Google Custom Search Engine,Application,Google,Custom Search Engine,-,,cpe:2.3:a:google:custom_search_engine:-:*:*:*:*:*:*:*,4137A1F0-73AF-4E7E-B273-A11629A573E3,2008-04-01T16:10:00.733
Google Google Desktop,Application,Google,Desktop,-,,cpe:2.3:a:google:desktop:-:*:*:*:*:*:*:*,F83727D7-98A4-4E95-9944-F7FFBF8D4135,2008-04-01T16:10:00.873
Google Earth,Application,Google,Earth,-,,cpe:2.3:a:google:earth:-:*:*:*:*:*:*:*,1035E7ED-6672-46D3-AE6A-583B436DA4BB,2010-08-27T13:23:10.987
Google Google Talk,Application,Google,Talk,-,,cpe:2.3:a:google:talk:-:*:*:*:*:*:*:*,6094214B-DB82-4EE1-BC4F-3F9FD62B74E9,2008-04-01T16:10:01.200
Google Google Toolbar,Application,Google,Toolbar,-,,cpe:2.3:a:google:toolbar:-:*:*:*:*:*:*:*,5B5A345C-EF03-4623-85CF-3535977937E0,2008-04-01T16:10:01.717
Google Google Web Toolkit,Application,Google,Web Toolkit,-,,cpe:2.3:a:google:web_toolkit:-:*:*:*:*:*:*:*,12F1A998-D66A-4276-BFF4-0902D111D31F,2008-04-01T16:10:03.047
Google Urchin,Application,Google,Urchin,-,,cpe:2.3:a:google:urchin:-:*:*:*:*:*:*:*,0AC6718A-0B4C-43DC-A372-EF6B33B3F8DC,2007-09-14T17:36:49.090
Gpg4win,Application,Gpg4Win,Gpg4Win,-,,cpe:2.3:a:gpg4win:gpg4win:-:*:*:*:*:*:*:*,B54EF921-F5A9-47F7-B98F-B4C217E60CD1,2011-03-04T17:47:06.280
GraphicsMagick,Application,Graphicsmagick,Graphicsmagick,-,,cpe:2.3:a:graphicsmagick:graphicsmagick:-:*:*:*:*:*:*:*,CC26C32D-154C-4FED-BF50-24F5551ECB85,2011-03-04T17:47:05.563
Harris Interplex IntraLink_IP,Application,Harris,Intraplex Intralink-Ip,-,,cpe:2.3:a:harris:intraplex_intralink-ip:-:*:*:*:*:*:*:*,050F7ADA-CCB5-4513-B412-2EC8651AB947,2008-04-01T15:04:03.273
Harris STAT Guardian VMS,Application,Harris,Stat Guardian Vms,-,,cpe:2.3:a:harris:stat_guardian_vms:-:*:*:*:*:*:*:*,EDAB4993-11A6-4DC4-92CF-D9FC457ED8AC,2007-09-14T17:36:49.090
Harris STAT Scanner,Application,Harris,Stat Scanner,-,,cpe:2.3:a:harris:stat_scanner:-:*:*:*:*:*:*:*,3905E9C1-9E8B-41EA-9F2F-414EDEBAA9AB,2007-09-14T17:36:49.090
HP Apollo Domain OS,Operating System,Hp,Apollo Domain Os,-,,cpe:2.3:o:hp:apollo_domain_os:-:*:*:*:*:*:*:*,3C2D96DB-5AA5-495F-9BCF-66698BA5FCCE,2007-09-14T17:36:49.090
HP Aserver,Application,Hp,Aserver,-,,cpe:2.3:a:hp:aserver:-:*:*:*:*:*:*:*,0AA09F02-1E56-41F9-9797-9ACA13F53E60,2008-04-01T16:10:04.453
HP ChaiVM,Application,Hp,Chaivm,-,,cpe:2.3:a:hp:chaivm:-:*:*:*:*:*:*:*,93073AA9-2929-4085-94D6-D276031F4A26,2007-09-14T17:36:49.090
HP CIFS_9000 Server,Application,Hp,Cifs-9000 Server,-,,cpe:2.3:a:hp:cifs-9000_server:-:*:*:*:*:*:*:*,4DAB5951-37C1-43A3-A859-52C615EBB30F,2008-04-01T16:10:04.873
HP Cluster Object Manager,Application,Hp,Cluster Object Manager,-,,cpe:2.3:a:hp:cluster_object_manager:-:*:*:*:*:*:*:*,8861A352-887C-477B-896E-25EED9C32BC2,2007-09-14T17:36:49.090
HP DECnet_OSI,Application,Hp,Decnet Osi,-,,cpe:2.3:a:hp:decnet_osi:-:*:*:*:*:*:*:*,FB836DB8-94CA-4918-AFFA-0005B505B250,2007-09-14T17:36:49.090
HP DESMS,Application,Hp,Desms,-,,cpe:2.3:a:hp:desms:-:*:*:*:*:*:*:*,F2395830-15A2-440E-A0A2-4D55198EB3A5,2007-09-14T17:36:49.090
HP dtmail,Application,Hp,Dtmail,-,,cpe:2.3:a:hp:dtmail:-:*:*:*:*:*:*:*,703613F3-0E7E-4006-BF7E-5D3676BA43A2,2007-09-14T17:36:49.090
HP EVA 3000 Array Control Software,Application,Hp,Eva 3000 Array Control Software,-,,cpe:2.3:a:hp:eva_3000_array_control_software:-:*:*:*:*:*:*:*,5A5AF77F-8D25-4CAA-9667-9804238FB2B5,2008-04-15T22:37:41.613
HP Help and Support Center,Application,Hp,Help And Support Center,-,,cpe:2.3:a:hp:help_and_support_center:-:*:*:*:*:*:*:*,42D13603-1BBC-4437-8542-AAF844833011,2007-09-14T17:36:49.090
HP HP Application Server,Application,Hp,Application Server,-,,cpe:2.3:a:hp:application_server:-:*:*:*:*:*:*:*,55EA41D0-AC24-4A55-8B6B-4FD407C7F324,2008-04-01T16:10:13.577
HP HP FTP Print Server,Application,Hp,Ftp Print Server,-,,cpe:2.3:a:hp:ftp_print_server:-:*:*:*:*:*:*:*,BAA2805C-B5CE-4E6C-B9C2-AFC5FEF539A5,2008-04-01T16:10:13.843
HP-UX family of operating systems,Operating System,Hp,Hp-Ux,-,,cpe:2.3:o:hp:hp-ux:-:*:*:*:*:*:*:*,35E65921-949D-4684-B006-72395C0BA5DF,2008-04-15T22:37:40.757
HP hpsockd,Application,Hp,Hpsockd,-,,cpe:2.3:a:hp:hpsockd:-:*:*:*:*:*:*:*,3344037B-C9C3-4015-9C2E-28DB39681546,2007-09-14T17:36:49.090
HP HTTP Server,Application,Hp,Http Server,-,,cpe:2.3:a:hp:http_server:-:*:*:*:*:*:*:*,E69179F8-B418-40F5-9B4E-7A9921A02C73,2007-09-14T17:36:49.090
HP Insight Management Suite,Application,Hp,Insight Management Suite,-,,cpe:2.3:a:hp:insight_management_suite:-:*:*:*:*:*:*:*,FCC9B27D-1927-4578-BBBF-4F29E78696DA,2007-09-14T17:36:49.090
HP Instant Support,Application,Hp,Instant Support,-,,cpe:2.3:a:hp:instant_support:-:*:*:*:*:*:*:*,E950E20D-7F47-4E9C-BFE0-8874709164FB,2007-09-14T17:36:49.090
HP Instant TopTools,Application,Hp,Instant Toptools,-,,cpe:2.3:a:hp:instant_toptools:-:*:*:*:*:*:*:*,B204BE89-1378-4F84-B5D6-FE56D0DC27DD,2007-09-14T17:36:49.090
HP Java JRE_JDK,Application,Hp,Java Jre-Jdk,-,,cpe:2.3:a:hp:java_jre-jdk:-:*:*:*:*:*:*:*,F3AEBFDF-0D3A-4EFD-B944-E9D74C592FC5,2008-04-01T16:10:23.920
HP JetAdmin,Application,Hp,Jetadmin,-,,cpe:2.3:a:hp:jetadmin:-:*:*:*:*:*:*:*,EF93CA15-E312-4D1E-B8FF-2B89D2237327,2007-09-14T17:36:49.090
HP JFS,Application,Hp,Jfs,-,,cpe:2.3:a:hp:jfs:-:*:*:*:*:*:*:*,8E934813-B11F-416B-ABF8-C5BEBC679F71,2007-09-14T17:36:49.090
HP LDAP-UX Integration,Application,Hp,Ldap-Ux Integration,-,,cpe:2.3:a:hp:ldap-ux_integration:-:*:*:*:*:*:*:*,E121BADF-8FC7-4A5E-9512-CB27A05F5A5E,2007-09-14T17:36:49.090
HP Mercury LoadRunner Agent,Application,Hp,Mercury Loadrunner Agent,-,,cpe:2.3:a:hp:mercury_loadrunner_agent:-:*:*:*:*:*:*:*,10EFEBD4-10C7-43FA-8F00-E0A597277C6D,2007-09-14T17:36:49.090
HP Mercury Monitor over Firewall,Application,Hp,Mercury Monitor Over Firewall,-,,cpe:2.3:a:hp:mercury_monitor_over_firewall:-:*:*:*:*:*:*:*,471636A1-7207-43E3-AC43-3FCEC918120F,2007-09-14T17:36:49.090
HP Mercury Performance Center Agent,Application,Hp,Mercury Performance Center Agent,-,,cpe:2.3:a:hp:mercury_performance_center_agent:-:*:*:*:*:*:*:*,5AC8A046-E11B-4BF7-85E3-47EEDCD26D7C,2007-09-14T17:36:49.090
HP Mercury Quality Center,Application,Hp,Mercury Quality Center,-,,cpe:2.3:a:hp:mercury_quality_center:-:*:*:*:*:*:*:*,3E2BC67D-2DA7-4F55-8BB9-432D64F17A61,2007-09-14T17:36:49.090
HP Network Node Manager Remote Console,Application,Hp,Network Node Manager,-,,cpe:2.3:a:hp:network_node_manager:-:*:*:*:*:*:*:*,58FA7127-875D-475D-A69C-3FCB698290AE,2008-04-01T16:10:36.970
HP NonStop SeeView Server Gateway,Application,Hp,Nonstop Seeview Server Gateway,-,,cpe:2.3:a:hp:nonstop_seeview_server_gateway:-:*:*:*:*:*:*:*,9CE9D21B-54A8-4E18-97D6-EFCFA7373F48,2007-09-14T17:36:49.090
HP OmniBackII,Application,Hp,Omniback Ii,-,,cpe:2.3:a:hp:omniback_ii:-:*:*:*:*:*:*:*,D8D0B6D3-E5FE-4657-A6FE-0FDE6A89B4AD,2008-04-01T16:10:39.250
HP OpenMail,Application,Hp,Openmail,-,,cpe:2.3:a:hp:openmail:-:*:*:*:*:*:*:*,A6779971-B584-4DF5-8AA3-6213E3B7DA4D,2007-09-14T17:36:49.090
HP OpenView,Application,Hp,Openview,-,,cpe:2.3:a:hp:openview:-:*:*:*:*:*:*:*,C811FA60-FE90-474C-AA1C-9DE07A4C27CE,2007-09-14T17:36:49.090
HP OpenView Client Configuraton Manager,Application,Hp,Openview Client Configuraton Manager,-,,cpe:2.3:a:hp:openview_client_configuraton_manager:-:*:*:*:*:*:*:*,A04F46D0-B789-487E-B693-C98600CF697F,2007-09-14T17:36:49.090
HP OpenView Emanate SNMP Agent,Application,Hp,Openview Emanate Snmp Agent,-,,cpe:2.3:a:hp:openview_emanate_snmp_agent:-:*:*:*:*:*:*:*,925D7E6A-B5FE-4CCA-BB8C-61FD6C2CE63A,2007-09-14T17:36:49.090
HP OpenView Event Correlation Services,Application,Hp,Openview Event Correlation Services,-,,cpe:2.3:a:hp:openview_event_correlation_services:-:*:*:*:*:*:*:*,4AD2341E-BDF4-4F69-BBAD-1CEFEBEA3038,2007-09-14T17:36:49.090
HP OpenView Network Node Manager,Application,Hp,Openview Network Node Manager,-,,cpe:2.3:a:hp:openview_network_node_manager:-:*:*:*:*:*:*:*,38D9CA1C-C853-475F-8D4A-8D356B700AF7,2007-09-14T17:36:49.090
HP OpenView OmniBack II,Application,Hp,Openview Omniback Ii,-,,cpe:2.3:a:hp:openview_omniback_ii:-:*:*:*:*:*:*:*,DE216DF5-3B41-4ACD-8AAF-7F4AD41D0766,2007-09-14T17:36:49.090
HP OpenView Operations,Application,Hp,Openview Operations,-,,cpe:2.3:a:hp:openview_operations:-:*:*:*:*:*:*:*,37C87B9E-58C0-4CD5-A2BA-BC5BF24FDE4F,2007-09-14T17:36:49.090
HP OpenView Radia Management Portal,Application,Hp,Openview Radia Management Portal,-,,cpe:2.3:a:hp:openview_radia_management_portal:-:*:*:*:*:*:*:*,226DDACA-F76B-407D-ADF7-B8CBE6899767,2007-09-14T17:36:49.090
HP OpenView Select Access,Application,Hp,Openview Select Access,-,,cpe:2.3:a:hp:openview_select_access:-:*:*:*:*:*:*:*,E129F257-C1FF-49CA-943B-676B94C051B0,2007-09-14T17:36:49.090
HP OpenView Storage Data Protector,Application,Hp,Openview Storage Data Protector,-,,cpe:2.3:a:hp:openview_storage_data_protector:-:*:*:*:*:*:*:*,1BE61F3C-BE2B-450A-A1B3-D87B95D21BE3,2007-09-14T17:36:49.090
HP OpenView Storage Management Appliance Software,Application,Hp,Openview Storage Management Appliance,-,,cpe:2.3:a:hp:openview_storage_management_appliance:-:*:*:*:*:*:*:*,4D46D3EC-FD38-411B-A967-6A31DCAB6FF1,2008-04-15T22:37:41.677
HP OpenVMS Secure Web Server,Application,Hp,Openvms Secure Web Server,-,,cpe:2.3:a:hp:openvms_secure_web_server:-:*:*:*:*:*:*:*,8CDBD403-E93B-46F1-8878-FB24FECAA89A,2008-04-15T22:37:41.740
HP Oracle for OpenView,Application,Hp,Oracle For Openview,-,,cpe:2.3:a:hp:oracle_for_openview:-:*:*:*:*:*:*:*,78B213D9-4A0F-4D9C-8CB7-2523B753E0AE,2007-09-14T17:36:49.090
HP PML Driver HPZ12,Application,Hp,Pml Driver Hpz12,-,,cpe:2.3:a:hp:pml_driver_hpz12:-:*:*:*:*:*:*:*,391952A7-EAB4-46C4-8D55-A90D9843670F,2007-09-14T17:36:49.090
HP Portable File System,Application,Hp,Portable File System,-,,cpe:2.3:a:hp:portable_file_system:-:*:*:*:*:*:*:*,A5EBA7F3-3657-48BC-B0E8-757C96A61E36,2007-09-14T17:36:49.090
HP Power Manager Remote Agent,Application,Hp,Power Manager Remote Agent,-,,cpe:2.3:a:hp:power_manager_remote_agent:-:*:*:*:*:*:*:*,EB220FD5-748F-49DE-AA8C-2F1A853A25A7,2007-09-14T17:36:49.090
HP Praesidium Webproxy,Application,Hp,Praesidium Webproxy,-,,cpe:2.3:a:hp:praesidium_webproxy:-:*:*:*:*:*:*:*,F7D59B9F-9103-41C1-BBEB-E5940358FD59,2007-09-14T17:36:49.090
HP Process Resource Manager,Application,Hp,Process Resource Manager,-,,cpe:2.3:a:hp:process_resource_manager:-:*:*:*:*:*:*:*,B157676D-267D-4600-B11F-6FAF7E58B6D0,2007-09-14T17:36:49.090
HP ProLiant Integrated Lights Out,Application,Hp,Proliant Integrated Lights Out,-,,cpe:2.3:a:hp:proliant_integrated_lights_out:-:*:*:*:*:*:*:*,7B4326D9-5C5D-478F-9391-D5CE1AFEC691,2007-09-14T17:36:49.090
HP Radia Notify Daemon,Application,Hp,Radia Notify Daemon,-,,cpe:2.3:a:hp:radia_notify_daemon:-:*:*:*:*:*:*:*,9E1C1A60-AFDF-4F21-94D9-078EDA0DECEC,2007-09-14T17:36:49.090
HP SANworks,Application,Hp,Sanworks,-,,cpe:2.3:a:hp:sanworks:-:*:*:*:*:*:*:*,6C7DD0D6-4DB8-4AE7-BF44-11A40253543E,2008-04-15T22:37:41.817
HP Scanjet Utilities,Application,Hp,Scanjet Utilities,-,,cpe:2.3:a:hp:scanjet_utilities:-:*:*:*:*:*:*:*,87E045F2-D88B-48C4-A26A-BB43AF4186BE,2008-04-15T22:37:41.910
HP Secure Web Console,Application,Hp,Secure Web Console,-,,cpe:2.3:a:hp:secure_web_console:-:*:*:*:*:*:*:*,01F51BEC-78C7-4910-8328-77B8D69ED767,2007-09-14T17:36:49.090
HP sendmail,Application,Hp,Sendmail,-,,cpe:2.3:a:hp:sendmail:-:*:*:*:*:*:*:*,F2CAC9D2-0F87-433C-9D9E-9C99D347D56A,2007-09-14T17:36:49.090
HP Serviceguard,Application,Hp,Serviceguard,-,,cpe:2.3:a:hp:serviceguard:-:*:*:*:*:*:*:*,14057F96-7848-42B9-B5DC-7ACF82B83937,2007-09-14T17:36:49.090
HP Shared Trace Service,Application,Hp,Shared Trace Service,-,,cpe:2.3:a:hp:shared_trace_service:-:*:*:*:*:*:*:*,9D8DE374-43EF-47E6-B7F1-975FAB3E0878,2007-09-14T17:36:49.090
HP Storage Operations Manager EVA 5000,Application,Hp,Storage Operations Manager Eva 5000,-,,cpe:2.3:a:hp:storage_operations_manager_eva_5000:-:*:*:*:*:*:*:*,C4C4AC50-F33D-4AA7-9EF9-BA7254B1CC92,2008-04-15T22:37:41.957
HP Storage Suite,Application,Hp,Storage Suite,-,,cpe:2.3:a:hp:storage_suite:-:*:*:*:*:*:*:*,96E0EFD0-4B11-479F-8F59-664B0F48F85D,2007-09-14T17:36:49.090
HP Support Tools Manager,Application,Hp,Support Tools Manager,-,,cpe:2.3:a:hp:support_tools_manager:-:*:*:*:*:*:*:*,532DFF9A-82F2-4AB4-9797-99207E9E0F4A,2007-09-14T17:36:49.090
HP System Management Homepage,Application,Hp,System Management Homepage,-,,cpe:2.3:a:hp:system_management_homepage:-:*:*:*:*:*:*:*,C1706A83-34A8-4F9B-B1FE-9C52389D2594,2007-09-14T17:36:49.090
HP Systems Insight Manager,Application,Hp,Systems Insight Manager,-,,cpe:2.3:a:hp:systems_insight_manager:-:*:*:*:*:*:*:*,EFA5A2A3-E9AF-4782-B8AC-F2546845BE8F,2007-09-14T17:36:49.090
HP Tru64,Operating System,Hp,Tru64,-,,cpe:2.3:o:hp:tru64:-:*:*:*:*:*:*:*,9028B1B1-85BE-4637-BF66-156E55421D1A,2007-09-14T17:36:49.090
HP Tru64 UNIX Compaq Secure Web Server,Application,Hp,Secure Web Server For Tru64,-,,cpe:2.3:a:hp:secure_web_server_for_tru64:-:*:*:*:*:*:*:*,A1BAACD8-7C3E-4D5B-B3E1-E77913767278,2008-04-01T16:11:03.690
HP Version Control Agent,Application,Hp,Version Control Agent,-,,cpe:2.3:a:hp:version_control_agent:-:*:*:*:*:*:*:*,1824E61D-CED5-45FB-B51D-80AEA2A9A13F,2007-09-14T17:36:49.090
HP Version Control Repository Manager,Application,Hp,Version Control Repository Manager,-,,cpe:2.3:a:hp:version_control_repository_manager:-:*:*:*:*:*:*:*,B4146B61-B64B-4656-8810-AA6717A7DBC9,2007-09-14T17:36:49.090
HP VirtualVault,Application,Hp,Virtualvault,-,,cpe:2.3:a:hp:virtualvault:-:*:*:*:*:*:*:*,7395F992-BE65-419C-9CF3-35FFB12DCF55,2008-04-15T22:37:42.270
HP Visualize Conference ftp,Application,Hp,Visualize Conference Ftp,-,,cpe:2.3:a:hp:visualize_conference_ftp:-:*:*:*:*:*:*:*,8EF5BE01-1168-497D-B571-DA0BAE1E7AAE,2007-09-14T17:36:49.090
HP VVOS,Operating System,Hp,Vvos,-,,cpe:2.3:o:hp:vvos:-:*:*:*:*:*:*:*,80907219-84EA-41F5-8240-2B1A8263BD37,2007-09-14T17:36:49.090
HP WBEM,Application,Hp,Wbem,-,,cpe:2.3:a:hp:wbem:-:*:*:*:*:*:*:*,3006FD32-CAB0-4B85-901C-053945FA2B39,2007-09-14T17:36:49.090
HP Web Jetadmin,Application,Hp,Web Jetadmin,-,,cpe:2.3:a:hp:web_jetadmin:-:*:*:*:*:*:*:*,0F0FB48A-523F-48B9-8745-9E97018CB35B,2008-04-15T22:37:42.350
HP WEBES Service Tools,Application,Hp,Webes Service Tools,-,,cpe:2.3:a:hp:webes_service_tools:-:*:*:*:*:*:*:*,3065F0FF-9EB7-4351-B008-F8EE4AB94226,2007-09-14T17:36:49.090
HP Webmin-Based Admin,Application,Hp,Webmin-Based Admin,-,,cpe:2.3:a:hp:webmin-based_admin:-:*:*:*:*:*:*:*,0C796B71-F33A-4A50-8714-A89E2BF6535E,2008-04-15T22:37:42.410
HP Webproxy,Application,Hp,Webproxy,-,,cpe:2.3:a:hp:webproxy:-:*:*:*:*:*:*:*,25EDE30B-333B-42AD-877B-F204C7EB80FB,2008-04-15T22:37:42.490
HP Workload Manager,Application,Hp,Workload Manager,-,,cpe:2.3:a:hp:workload_manager:-:*:*:*:*:*:*:*,1E771055-E672-41E8-B582-88BABF76EAA0,2007-09-14T17:36:49.090
Hummingbird Component Deployment,Application,Hummingbird,Component Deployment,-,,cpe:2.3:a:hummingbird:component_deployment:-:*:*:*:*:*:*:*,4D3312C0-FEB2-4727-9E43-1FFF6EEF2EC5,2007-09-14T17:36:49.090
Hummingbird Connectivity,Application,Hummingbird,Connectivity,-,,cpe:2.3:a:hummingbird:connectivity:-:*:*:*:*:*:*:*,9A34AE6E-63CF-4AA9-BEA2-73318331F90B,2007-09-14T17:36:49.090
Hummingbird CyberDOCS,Application,Hummingbird,Cyberdocs,-,,cpe:2.3:a:hummingbird:cyberdocs:-:*:*:*:*:*:*:*,F88297C9-BD0E-4E18-A9FD-078F83891840,2007-09-14T17:36:49.090
Hummingbird DM,Application,Hummingbird,Dm,-,,cpe:2.3:a:hummingbird:dm:-:*:*:*:*:*:*:*,BFAB5D52-92CE-4267-AD10-5FC693762543,2007-09-14T17:36:49.090
Hummingbird DOCS Admin Tools,Application,Hummingbird,Docs Admin Tools,-,,cpe:2.3:a:hummingbird:docs_admin_tools:-:*:*:*:*:*:*:*,2608FD2A-EB6A-45E5-9888-D3EF08D58CAC,2007-09-14T17:36:49.090
Hummingbird DOCSfusion Server,Application,Hummingbird,Docs Fusion Server,-,,cpe:2.3:a:hummingbird:docs_fusion_server:-:*:*:*:*:*:*:*,F895DD9D-CBF9-437B-8A35-2EEBD559D913,2008-04-01T15:04:03.680
Hummingbird Exceed,Application,Hummingbird,Exceed,-,,cpe:2.3:a:hummingbird:exceed:-:*:*:*:*:*:*:*,5E3BA005-F92E-4F5D-AD80-9A8CB6E990B1,2007-09-14T17:36:49.090
Hummingbird Exceed onDemand Client,Application,Hummingbird,Exceed On Demand Client,-,,cpe:2.3:a:hummingbird:exceed_on_demand_client:-:*:*:*:*:*:*:*,ED1862E8-369D-41BF-BB73-DEAB55ADBAD6,2008-04-01T15:04:03.853
Hummingbird Hummingbird Collaboration,Application,Hummingbird,Collaboration,-,,cpe:2.3:a:hummingbird:collaboration:-:*:*:*:*:*:*:*,C46B9B64-BD30-4DAC-A488-5A47A96773C8,2008-04-01T15:04:04.133
Hummingbird Hummingbird Enterprise Collaboration,Application,Hummingbird,Enterprise Collaboration,-,,cpe:2.3:a:hummingbird:enterprise_collaboration:-:*:*:*:*:*:*:*,9525A61F-215B-4E7C-936C-E2124B69299E,2008-04-01T15:04:04.947
IBM 5L AIX,Application,Ibm,Aix 5L,-,,cpe:2.3:a:ibm:aix_5l:-:*:*:*:*:*:*:*,873F77C5-51EA-4EB6-85A6-6EF74D4EF46D,2008-04-01T15:04:05.227
IBM acpRunner,Application,Ibm,Acprunner,-,,cpe:2.3:a:ibm:acprunner:-:*:*:*:*:*:*:*,133E12E5-1088-4603-955F-F8018CEE828F,2007-09-14T17:36:49.090
IBM AIX,Operating System,Ibm,Aix,-,,cpe:2.3:o:ibm:aix:-:*:*:*:*:*:*:*,EBDF9F05-78EC-4F9B-80FA-0E064CA12CFE,2007-09-14T17:36:49.090
IBM AIX eNetwork Firewall,Application,Ibm,Aix Enetwork Firewall,-,,cpe:2.3:a:ibm:aix_enetwork_firewall:-:*:*:*:*:*:*:*,FC0C32C9-1C0B-4E83-BBFF-76AF73F0A7F3,2007-09-14T17:36:49.090
IBM AIX Parallel Systems Support Programs,Application,Ibm,Aix Parallel Systems Support Programs,-,,cpe:2.3:a:ibm:aix_parallel_systems_support_programs:-:*:*:*:*:*:*:*,B9C41DE3-B2C1-40E8-AA39-851691F3D578,2007-09-14T17:36:49.090
IBM AIX SNMP,Application,Ibm,Aix Snmp,-,,cpe:2.3:a:ibm:aix_snmp:-:*:*:*:*:*:*:*,C3EE7822-B26A-46DF-B011-E84D1B692F3A,2007-09-14T17:36:49.090
IBM alphaWorks TFTP Server,Application,Ibm,Alphaworks Tftp Server,-,,cpe:2.3:a:ibm:alphaworks_tftp_server:-:*:*:*:*:*:*:*,4A098287-15E0-47DC-8B41-83F118885155,2007-09-14T17:36:49.090
IBM AS400 Firewall,Application,Ibm,As400 Firewall,-,,cpe:2.3:a:ibm:as400_firewall:-:*:*:*:*:*:*:*,D883E60D-998A-4D2C-8E47-4D58D11E4845,2008-04-01T15:04:06.023
IBM autofs,Application,Ibm,Autofs,-,,cpe:2.3:a:ibm:autofs:-:*:*:*:*:*:*:*,915C728A-AC1C-40C1-B6D3-094361EB9CF6,2007-09-14T17:36:49.090
IBM Client Access,Application,Ibm,Client Access,-,,cpe:2.3:a:ibm:client_access:-:*:*:*:*:*:*:*,DE2343AE-C22A-410E-9B0C-6DAB22BF7A21,2007-09-14T17:36:49.090
IBM Client Security Password Manager,Application,Ibm,Client Security Password Manager,-,,cpe:2.3:a:ibm:client_security_password_manager:-:*:*:*:*:*:*:*,E34408E7-95DB-4812-9179-E8D94934E462,2007-09-14T17:36:49.090
IBM Cloudscape,Application,Ibm,Cloudscape,-,,cpe:2.3:a:ibm:cloudscape:-:*:*:*:*:*:*:*,FB348AF9-FAB3-4C25-8E5F-28422FE4E6CA,2007-09-14T17:36:49.090
IBM DB2,Application,Ibm,Db2,-,,cpe:2.3:a:ibm:db2:-:*:*:*:*:*:*:*,705C192A-BE1F-4EA6-BFF5-FE745BE3C5E5,2007-09-14T17:36:49.090
IBM DB2 Content Manager,Application,Ibm,Db2 Content Manager,-,,cpe:2.3:a:ibm:db2_content_manager:-:*:*:*:*:*:*:*,387528F4-D371-400D-9BA4-4419350FCF47,2007-09-14T17:36:49.090
IBM DB2 Universal Database,Application,Ibm,Db2 Universal Database,-,,cpe:2.3:a:ibm:db2_universal_database:-:*:*:*:*:*:*:*,7528339A-ED1E-45B2-96B0-35A05EB8CFBA,2007-09-14T17:36:49.090
IBM Director,Application,Ibm,Director,-,,cpe:2.3:a:ibm:director:-:*:*:*:*:*:*:*,F773761C-7340-4462-9CB8-42925074A93A,2007-09-14T17:36:49.090
IBM Director Agent,Application,Ibm,Director Agent,-,,cpe:2.3:a:ibm:director_agent:-:*:*:*:*:*:*:*,6773739A-A10B-47E3-9A61-031854065EBA,2007-09-14T17:36:49.090
IBM eGatherer,Application,Ibm,Egatherer,-,,cpe:2.3:a:ibm:egatherer:-:*:*:*:*:*:*:*,E0F4CEF3-4737-450D-9624-A775A8F90C05,2007-09-14T17:36:49.090
IBM GINA,Application,Ibm,Gina,-,,cpe:2.3:a:ibm:gina:-:*:*:*:*:*:*:*,442DC9D5-D51A-4864-965E-49B56DDB5F7E,2007-09-14T17:36:49.090
IBM HACMP,Application,Ibm,Hacmp,-,,cpe:2.3:a:ibm:hacmp:-:*:*:*:*:*:*:*,0475C6A5-6590-4DF4-95E6-966B4116B83B,2007-09-14T17:36:49.090
IBM Hardware Management Console,Application,Ibm,Hardware Management Console,-,,cpe:2.3:a:ibm:hardware_management_console:-:*:*:*:*:*:*:*,381691DD-DB59-4583-A1AA-B7157CF5D3C2,2007-09-14T17:36:49.090
IBM HomePagePrint,Application,Ibm,Homepageprint,-,,cpe:2.3:a:ibm:homepageprint:-:*:*:*:*:*:*:*,3E427BF9-DE35-4476-B455-54BE9B3D8B06,2007-09-14T17:36:49.090
IBM HSLCTF,Application,Ibm,High Availability Cluster Multiprocessing,-,,cpe:2.3:a:ibm:high_availability_cluster_multiprocessing:-:*:*:*:*:*:*:*,FD807F51-D012-4EEE-AC98-E5ADF0A73D76,2008-04-01T16:39:14.843
IBM i5OS,Operating System,Ibm,I5Os,-,,cpe:2.3:o:ibm:i5os:-:*:*:*:*:*:*:*,5421A5AF-BA5D-4668-970C-3C3B4384C0D7,2007-09-14T17:36:49.090
IBM IBM HTTP Server,Application,Ibm,Http Server,-,,cpe:2.3:a:ibm:http_server:-:*:*:*:*:*:*:*,CAB422A9-637C-4D2E-8A8B-92D866052AD7,2008-04-01T16:39:15.343
IBM IBMHSSSB,Application,Ibm,Ibmhsssb,-,,cpe:2.3:a:ibm:ibmhsssb:-:*:*:*:*:*:*:*,951CCD8A-1BAD-4CD5-BEE8-C4BDCF1E8CB6,2007-09-14T17:36:49.090
IBM Informix,Application,Ibm,Informix,-,,cpe:2.3:a:ibm:informix:-:*:*:*:*:*:*:*,92DB5C3D-D79E-43EE-B01F-9DF1EE6F1166,2007-09-14T17:36:49.090
IBM Informix Client Software Development Kit,Application,Ibm,Informix Client Sdk,-,,cpe:2.3:a:ibm:informix_client_sdk:-:*:*:*:*:*:*:*,2F20A6FE-7DE6-41C0-AB0A-C31A88AB26F5,2008-04-01T16:39:17.140
IBM Informix Dynamic Database Server,Application,Ibm,Informix Dynamic Database Server,-,,cpe:2.3:a:ibm:informix_dynamic_database_server:-:*:*:*:*:*:*:*,A6B57641-1F96-44FB-9EFF-554D27EC3AB4,2007-09-14T17:36:49.090
IBM Informix Dynamic Server,Application,Ibm,Informix Dynamic Server,-,,cpe:2.3:a:ibm:informix_dynamic_server:-:*:*:*:*:*:*:*,B0084EFD-CAED-41C6-AF81-9140B7356116,2007-09-14T17:36:49.090
IBM Informix Extended Parallel Server,Application,Ibm,Informix Extended Parallel Server,-,,cpe:2.3:a:ibm:informix_extended_parallel_server:-:*:*:*:*:*:*:*,7A9575B6-4EFC-420D-850D-18CC227EFCE1,2007-09-14T17:36:49.090
IBM Informix I-Connect,Application,Ibm,Informix I-Connect,-,,cpe:2.3:a:ibm:informix_i-connect:-:*:*:*:*:*:*:*,1DE8B653-3DF4-4FF2-B035-332DD97DEFF5,2007-09-14T17:36:49.090
IBM Informix Web DataBlade,Application,Ibm,Informix Web Datablade,-,,cpe:2.3:a:ibm:informix_web_datablade:-:*:*:*:*:*:*:*,8BC14D11-C323-491F-B6A9-7D1B7072F922,2007-09-14T17:36:49.090
IBM Inventory Scout,Application,Ibm,Inventory Scout,-,,cpe:2.3:a:ibm:inventory_scout:-:*:*:*:*:*:*:*,6289FD1F-DE64-428F-9126-77898D8BB6E2,2007-09-14T17:36:49.090
IBM Linux on Power,Operating System,Ibm,Linux On Power,-,,cpe:2.3:o:ibm:linux_on_power:-:*:*:*:*:*:*:*,849D8EB4-E0C5-431C-B0C5-C391170D6453,2007-09-14T17:36:49.090
IBM Lotus cc Mail,Application,Ibm,Lotus Cc Mail,-,,cpe:2.3:a:ibm:lotus_cc_mail:-:*:*:*:*:*:*:*,9BEEC12E-2DD8-48EE-B985-864A721E57B9,2007-09-14T17:36:49.090
IBM Lotus Domino,Application,Ibm,Lotus Domino,-,,cpe:2.3:a:ibm:lotus_domino:-:*:*:*:*:*:*:*,12EDDF29-B258-4834-A405-DD73CC071A0A,2007-09-14T17:36:49.090
IBM Lotus Domino Enterprise Server,Application,Ibm,Lotus Domino Enterprise Server,-,,cpe:2.3:a:ibm:lotus_domino_enterprise_server:-:*:*:*:*:*:*:*,8A0E5ECF-167E-4A2D-80BD-E5C68A8F4D26,2007-09-14T17:36:49.090
IBM Lotus Domino iNotes Client,Application,Ibm,Lotus Domino Inotes Client,-,,cpe:2.3:a:ibm:lotus_domino_inotes_client:-:*:*:*:*:*:*:*,8E140C46-AFB1-4E79-9148-66FE621E0742,2007-09-14T17:36:49.090
IBM Lotus Domino Mail Server,Application,Ibm,Lotus Domino Mail Server,-,,cpe:2.3:a:ibm:lotus_domino_mail_server:-:*:*:*:*:*:*:*,CE2C593A-42DB-436C-B45C-F539E639C300,2007-09-14T17:36:49.090
IBM Lotus Domino R5,Application,Ibm,Lotus Domino R5,-,,cpe:2.3:a:ibm:lotus_domino_r5:-:*:*:*:*:*:*:*,2F58DE7B-F0FA-451F-BB3C-C8BC05AF32F2,2007-09-14T17:36:49.090
IBM Lotus Domino Server,Application,Ibm,Lotus Domino Server,-,,cpe:2.3:a:ibm:lotus_domino_server:-:*:*:*:*:*:*:*,48460FE8-6C16-4225-9A7B-5E0CAB04E735,2007-09-14T17:36:49.090
IBM Lotus Domino Web Access,Application,Ibm,Lotus Domino Web Access,-,,cpe:2.3:a:ibm:lotus_domino_web_access:-:*:*:*:*:*:*:*,96ADD753-7DC5-4BF2-B98B-F4BAF362BC3A,2007-09-14T17:36:49.090
IBM Lotus Domino Web Server,Application,Ibm,Lotus Domino Web Server,-,,cpe:2.3:a:ibm:lotus_domino_web_server:-:*:*:*:*:*:*:*,3DDB0AD1-5E92-49F6-B34C-A9AEC172CCDF,2007-09-14T17:36:49.090
IBM Lotus Notes,Application,Ibm,Lotus Notes,-,,cpe:2.3:a:ibm:lotus_notes:-:*:*:*:*:*:*:*,0796AF89-53CB-41CC-9F0E-ACDEFA991A5D,2007-09-14T17:36:49.090
IBM Lotus Notes Client,Application,Ibm,Lotus Notes Client,-,,cpe:2.3:a:ibm:lotus_notes_client:-:*:*:*:*:*:*:*,86CE3B16-BDB8-4FE6-8CFF-805A1B6708F8,2007-09-14T17:36:49.090
IBM Lotus Notes R5,Application,Ibm,Lotus Notes R5,-,,cpe:2.3:a:ibm:lotus_notes_r5:-:*:*:*:*:*:*:*,D4EE311B-43AA-47DE-8782-52C5C3ADD05A,2007-09-14T17:36:49.090
IBM Lotus Notes Sametime,Application,Ibm,Lotus Notes Sametime,-,,cpe:2.3:a:ibm:lotus_notes_sametime:-:*:*:*:*:*:*:*,EC60A97B-84D2-40A7-A5EF-141DA51EA8A4,2007-09-14T17:36:49.090
IBM Lotus Sametime Server,Application,Ibm,Lotus Sametime Server,-,,cpe:2.3:a:ibm:lotus_sametime_server:-:*:*:*:*:*:*:*,2298E6F1-16E9-4225-BE85-F5BAF17FCA34,2007-09-14T17:36:49.090
IBM Lotus SmartSuite,Operating System,Ibm,Lotus Smartsuite,-,,cpe:2.3:o:ibm:lotus_smartsuite:-:*:*:*:*:*:*:*,43374DA6-CA45-482B-AAFE-443357F7F3A1,2007-09-14T17:36:49.090
IBM Navio NC Browser,Application,Ibm,Navio Nc Browser,-,,cpe:2.3:a:ibm:navio_nc_browser:-:*:*:*:*:*:*:*,00D94412-462E-4D92-A5B7-9E1D2D720AE9,2007-09-14T17:36:49.090
IBM Net.Commerce,Application,Ibm,Net.Commerce,-,,cpe:2.3:a:ibm:net.commerce:-:*:*:*:*:*:*:*,0BFB995B-6B9B-4CA6-A261-9AA7D2AE0BF3,2007-09-14T17:36:49.090
IBM Net.Commerce Hosting Server,Application,Ibm,Net.Commerce Hosting Server,-,,cpe:2.3:a:ibm:net.commerce_hosting_server:-:*:*:*:*:*:*:*,C3593AB4-1160-4A24-A639-F79AD4BD1D80,2007-09-14T17:36:49.090
IBM Net.Commerce Pro,Application,Ibm,Net.Commerce Pro,-,,cpe:2.3:a:ibm:net.commerce_pro:-:*:*:*:*:*:*:*,24677FF2-F474-4471-8377-325A6350BEC1,2007-09-14T17:36:49.090
IBM Net.Commerce Start,Application,Ibm,Net.Commerce Start,-,,cpe:2.3:a:ibm:net.commerce_start:-:*:*:*:*:*:*:*,799B0BBB-6693-4DE5-8D86-94BADED2D1B6,2007-09-14T17:36:49.090
IBM Net.Data,Application,Ibm,Net.Data,-,,cpe:2.3:a:ibm:net.data:-:*:*:*:*:*:*:*,431D3584-F67E-4052-AC51-0023A9493269,2007-09-14T17:36:49.090
IBM Netfinity Remote Control,Application,Ibm,Netfinity Remote Control,-,,cpe:2.3:a:ibm:netfinity_remote_control:-:*:*:*:*:*:*:*,B6ED2461-4408-43BC-9C4C-38FA78978C61,2007-09-14T17:36:49.090
IBM Network Appliance Data ONTAP,Application,Ibm,Network Appliance Data Ontap,-,,cpe:2.3:a:ibm:network_appliance_data_ontap:-:*:*:*:*:*:*:*,BC57577D-5C10-497A-B204-1E832B4F0353,2007-09-14T17:36:49.090
IBM Network Station Manager,Application,Ibm,Network Station Manager,-,,cpe:2.3:a:ibm:network_station_manager:-:*:*:*:*:*:*:*,B0CA6FEA-0BF7-4BB1-AEFC-E8403A3854AD,2007-09-14T17:36:49.090
IBM OS_2 FTP Server,Application,Ibm,Os2 Ftp Server,-,,cpe:2.3:a:ibm:os2_ftp_server:-:*:*:*:*:*:*:*,2763CCE2-6A2E-46D7-8E66-D6D50A52086E,2008-04-01T16:39:21.060
IBM OS_400,Operating System,Ibm,Os 400,-,,cpe:2.3:o:ibm:os_400:-:*:*:*:*:*:*:*,591B064A-15AE-4E33-B7F7-3FD1CC487724,2007-09-14T17:36:49.090
IBM OS2,Operating System,Ibm,Os2,-,,cpe:2.3:o:ibm:os2:-:*:*:*:*:*:*:*,101F5F11-127D-4E5D-B64B-27201F0ED114,2007-09-14T17:36:49.090
IBM Parallel Environment,Application,Ibm,Parallel Environment,-,,cpe:2.3:a:ibm:parallel_environment:-:*:*:*:*:*:*:*,4A4798B3-DB89-4D4B-9B07-E73F6E1E1F11,2007-09-14T17:36:49.090
IBM Rational ClearQuest,Application,Ibm,Rational Clearquest,-,,cpe:2.3:a:ibm:rational_clearquest:-:*:*:*:*:*:*:*,42F0096C-67E4-4612-8B27-6B17056BDF9F,2007-09-14T17:36:49.090
IBM SecureWay,Application,Ibm,Secureway,-,,cpe:2.3:a:ibm:secureway:-:*:*:*:*:*:*:*,35D56C5B-52AB-4932-B8E6-15511254B5C8,2007-09-14T17:36:49.090
IBM Secureway Firewall,Application,Ibm,Secureway Firewall,-,,cpe:2.3:a:ibm:secureway_firewall:-:*:*:*:*:*:*:*,D1E535F3-3D07-46AC-BEAA-8DBAE0F88E3B,2007-09-14T17:36:49.090
IBM System Data Repository,Application,Ibm,System Data Repository,-,,cpe:2.3:a:ibm:system_data_repository:-:*:*:*:*:*:*:*,C8A80D28-5D05-44ED-B883-946EAEE0D4C7,2007-09-14T17:36:49.090
IBM Tivoli Access Manager for e-business,Application,Ibm,Tivoli Access Manager For E-Business,-,,cpe:2.3:a:ibm:tivoli_access_manager_for_e-business:-:*:*:*:*:*:*:*,22E4B504-32D9-4931-9EBE-3898308954C4,2007-09-14T17:36:49.090
IBM Tivoli Access Manager Identity Manager Solution,Application,Ibm,Tivoli Access Manager Identity Manager Solution,-,,cpe:2.3:a:ibm:tivoli_access_manager_identity_manager_solution:-:*:*:*:*:*:*:*,3E4EC018-32ED-4226-A57D-AA8ADD5C6ED6,2007-09-14T17:36:49.090
IBM Tivoli Business Service Manager,Application,Ibm,Tivoli Business Service Manager,-,,cpe:2.3:a:ibm:tivoli_business_service_manager:-:*:*:*:*:*:*:*,6CA60160-F997-41D7-81B1-72CA3698918F,2007-09-14T17:36:49.090
IBM Tivoli Business Systems Manager,Application,Ibm,Tivoli Business Systems Manager,-,,cpe:2.3:a:ibm:tivoli_business_systems_manager:-:*:*:*:*:*:*:*,E02C7B10-2BA1-4ADD-8319-2EFC4C4D93ED,2007-09-14T17:36:49.090
IBM Tivoli Configuration Manager,Application,Ibm,Tivoli Configuration Manager,-,,cpe:2.3:a:ibm:tivoli_configuration_manager:-:*:*:*:*:*:*:*,D10C3C18-FAE3-4AEC-9E01-9C87FEA1F43F,2007-09-14T17:36:49.090
IBM Tivoli Configuration Manager for ATM,Application,Ibm,Tivoli Configuration Manager For Atm,-,,cpe:2.3:a:ibm:tivoli_configuration_manager_for_atm:-:*:*:*:*:*:*:*,2EF06F0B-EE9C-402A-A5D4-4A7B0018B003,2007-09-14T17:36:49.090
IBM Tivoli Enterprise Console,Application,Ibm,Tivoli Enterprise Console,-,,cpe:2.3:a:ibm:tivoli_enterprise_console:-:*:*:*:*:*:*:*,B246CB91-CFD1-44F8-9563-BCDBE6EB90F2,2007-09-14T17:36:49.090
IBM Tivoli Firewall Toolbox,Application,Ibm,Tivoli Firewall Toolbox,-,,cpe:2.3:a:ibm:tivoli_firewall_toolbox:-:*:*:*:*:*:*:*,D2DA863B-8814-4F97-B301-E98D8C8DF43C,2007-09-14T17:36:49.090
IBM Tivoli Identity Manager,Application,Ibm,Tivoli Identity Manager,-,,cpe:2.3:a:ibm:tivoli_identity_manager:-:*:*:*:*:*:*:*,81B79DD4-16A6-4709-8D10-D47B7446C35B,2007-09-14T17:36:49.090
IBM Tivoli Management Framework,Application,Ibm,Tivoli Management Framework,-,,cpe:2.3:a:ibm:tivoli_management_framework:-:*:*:*:*:*:*:*,E200B863-C4BF-4E10-8F4B-AF1D2E4BF1A0,2007-09-14T17:36:49.090
IBM Tivoli Monitoring Express,Application,Ibm,Tivoli Monitoring Express,-,,cpe:2.3:a:ibm:tivoli_monitoring_express:-:*:*:*:*:*:*:*,C283BE2E-CBEA-4E0C-BADB-A6A26189F487,2007-09-14T17:36:49.090
IBM Tivoli Netview OS_380,Application,Ibm,Tivoli Netview Os 380,-,,cpe:2.3:a:ibm:tivoli_netview_os_380:-:*:*:*:*:*:*:*,D6D395BA-22C4-436F-A72D-34F8C863DDEF,2008-04-01T16:39:22.813
IBM Tivoli Netview OS_390,Application,Ibm,Tivoli Netview Os 390,-,,cpe:2.3:a:ibm:tivoli_netview_os_390:-:*:*:*:*:*:*:*,8E40DD48-A1ED-40F3-A10D-DE4E2DEB42B5,2008-04-01T16:39:23.063
IBM Tivoli Network Storage Manager,Application,Ibm,Tivoli Network Storage Manager,-,,cpe:2.3:a:ibm:tivoli_network_storage_manager:-:*:*:*:*:*:*:*,447EB437-27B6-4FDE-B120-46C275B72584,2007-09-14T17:36:49.090
IBM Tivoli OPC Tracker Agent,Application,Ibm,Tivoli Opc Tracker Agent,-,,cpe:2.3:a:ibm:tivoli_opc_tracker_agent:-:*:*:*:*:*:*:*,DDA0E4C5-44F5-4C29-8B2F-840E68A0AC80,2007-09-14T17:36:49.090
IBM Tivoli Provisioning Manager OS Deployment,Application,Ibm,Tivoli Provisioning Manager Os Deployment,-,,cpe:2.3:a:ibm:tivoli_provisioning_manager_os_deployment:-:*:*:*:*:*:*:*,3B6E3C4A-27BA-494B-92AE-2DE58E9EEBF3,2007-09-14T17:36:49.090
IBM Tivoli SecureWay Policy Director,Application,Ibm,Tivoli Secureway Policy Director,-,,cpe:2.3:a:ibm:tivoli_secureway_policy_director:-:*:*:*:*:*:*:*,670EA449-E27D-498E-AE6D-929FA256622A,2007-09-14T17:36:49.090
IBM Tivoli Storage Manager,Application,Ibm,Tivoli Storage Manager,-,,cpe:2.3:a:ibm:tivoli_storage_manager:-:*:*:*:*:*:*:*,9B67167D-68A7-4746-A6CE-FDA5F1891C48,2007-09-14T17:36:49.090
IBM Trading Partner Interchange,Application,Ibm,Trading Partner Interchange,-,,cpe:2.3:a:ibm:trading_partner_interchange:-:*:*:*:*:*:*:*,10404160-5E8F-48B7-BAEA-3D87AF30F571,2007-09-14T17:36:49.090
IBM U2 UniVerse,Application,Ibm,U2 Universe,-,,cpe:2.3:a:ibm:u2_universe:-:*:*:*:*:*:*:*,ACBE968B-C95C-4ACA-95C7-BDB6E4147CDB,2007-09-14T17:36:49.090
IBM VisualAge for Java,Application,Ibm,Visualage For Java,-,,cpe:2.3:a:ibm:visualage_for_java:-:*:*:*:*:*:*:*,7AE14FA4-4261-4184-848B-CEAD26F77AE7,2007-09-14T17:36:49.090
IBM WebSphere Application Server,Application,Ibm,Websphere Application Server,-,,cpe:2.3:a:ibm:websphere_application_server:-:*:*:*:*:*:*:*,E54AA9CE-0751-437F-8083-04A53F9B08B1,2007-09-14T17:36:49.090
IBM WebSphere Caching Proxy Server,Application,Ibm,Websphere Caching Proxy Server,-,,cpe:2.3:a:ibm:websphere_caching_proxy_server:-:*:*:*:*:*:*:*,FB5C9F10-5F29-4E67-AA7B-CFF36B4DE50D,2007-09-14T17:36:49.090
IBM WebSphere Commerce Suite,Application,Ibm,Websphere Commerce Suite,-,,cpe:2.3:a:ibm:websphere_commerce_suite:-:*:*:*:*:*:*:*,AEC1209D-B472-4F38-82CE-54F86DE88FD7,2007-09-14T17:36:49.090
IBM WebSphere Commerce Suite MarketPlace,Application,Ibm,Websphere Commerce Suite Marketplace,-,,cpe:2.3:a:ibm:websphere_commerce_suite_marketplace:-:*:*:*:*:*:*:*,F2E98979-164D-4A5B-B2A4-C90C9F6C03D5,2007-09-14T17:36:49.090
IBM WebSphere Commerce Suite Service Provider,Application,Ibm,Websphere Commerce Suite Service Provider,-,,cpe:2.3:a:ibm:websphere_commerce_suite_service_provider:-:*:*:*:*:*:*:*,A8CEFA2F-F60A-4155-B19B-DB90B4A93D01,2007-09-14T17:36:49.090
IBM WebSphere Commerce Suite Start,Application,Ibm,Websphere Commerce Suite Start,-,,cpe:2.3:a:ibm:websphere_commerce_suite_start:-:*:*:*:*:*:*:*,162AEAA6-05ED-4705-B300-17EBEC40B39F,2007-09-14T17:36:49.090
IBM Websphere Edge server Caching proxy,Application,Ibm,Websphere Edge Server Caching Proxy,-,,cpe:2.3:a:ibm:websphere_edge_server_caching_proxy:-:*:*:*:*:*:*:*,3E85DBFB-6838-4625-BA79-A5951FE4C661,2007-09-14T17:36:49.090
IBM WebSphere Everyplace Server,Application,Ibm,Websphere Everyplace Server,-,,cpe:2.3:a:ibm:websphere_everyplace_server:-:*:*:*:*:*:*:*,9A424540-8D0C-49BA-8B15-C3FD92581DEF,2007-09-14T17:36:49.090
IBM WebSphere Host On-Demand,Application,Ibm,Websphere Host On-Demand,-,,cpe:2.3:a:ibm:websphere_host_on-demand:-:*:*:*:*:*:*:*,3B4F8C23-B314-49E7-AF39-DF137D909389,2007-09-14T17:36:49.090
IBM WebSphere plugin,Application,Ibm,Websphere Plugin,-,,cpe:2.3:a:ibm:websphere_plugin:-:*:*:*:*:*:*:*,5B1AA9E4-23FD-4F97-A092-F0A8C5A46315,2007-09-14T17:36:49.090
IBM WSPortal,Application,Ibm,Wsportal,-,,cpe:2.3:a:ibm:wsportal:-:*:*:*:*:*:*:*,96A47341-E17E-4745-BC0F-553ED63C1EC9,2007-09-14T17:36:49.090
Ilex Engineering LRGS,Application,Ilexeng,Lrgs,-,,cpe:2.3:a:ilexeng:lrgs:-:*:*:*:*:*:*:*,EB3240BB-D7EB-417D-9361-8BF072EE3670,2008-03-25T19:15:44.850
ImageMagick,Application,Imagemagick,Imagemagick,-,,cpe:2.3:a:imagemagick:imagemagick:-:*:*:*:*:*:*:*,DFF21964-77F8-484D-A600-75C7CE77E1F0,2017-03-24T17:44:49.220
Informatica PowerCenter,Application,Informatica,Powercenter,-,,cpe:2.3:a:informatica:powercenter:-:*:*:*:*:*:*:*,A5AB83E0-DCDB-49E1-9DB0-EEF41869FE4C,2007-09-14T17:36:49.090
Intel 2100 PROSet_Wireless,Application,Intel,2100 Proset Wireless,-,,cpe:2.3:a:intel:2100_proset_wireless:-:*:*:*:*:*:*:*,D4958975-0565-4728-979F-5120FD7B8281,2008-04-01T16:11:12.893
Intel 2200BG PROSet_Wireless,Application,Intel,2200Bg Proset Wireless,-,,cpe:2.3:a:intel:2200bg_proset_wireless:-:*:*:*:*:*:*:*,46E71EAF-4E47-4ADC-97FD-9ED6C3511621,2008-04-01T16:11:13.063
Intel 2915ABG PROSet_Wireless,Application,Intel,2915Abg Proset Wireless,-,,cpe:2.3:a:intel:2915abg_proset_wireless:-:*:*:*:*:*:*:*,DC637133-59EB-48ED-8DDE-79853E1DBB53,2008-04-01T16:11:13.423
Intel CLI Auto-configuration Utility,Application,Intel,Cli Auto-Configuration Utility,-,,cpe:2.3:a:intel:cli_auto-configuration_utility:-:*:*:*:*:*:*:*,A98B31B9-1D23-4583-8A8A-591DA096CECD,2007-09-14T17:36:49.090
Intel Client System Setup Utility,Application,Intel,Client System Setup Utility,-,,cpe:2.3:a:intel:client_system_setup_utility:-:*:*:*:*:*:*:*,77221227-47F7-4118-A156-DA39A193A47E,2007-09-14T17:36:49.090
Intel GEOMedia Webmap,Application,Intel,Geomedia Webmap,-,,cpe:2.3:a:intel:geomedia_webmap:-:*:*:*:*:*:*:*,CB474C3B-5870-4E12-86C9-5810D5A6D0A6,2007-09-14T17:36:49.090
Intel Graphics Accelerator Driver,Application,Intel,Graphics Accelerator Driver,-,,cpe:2.3:a:intel:graphics_accelerator_driver:-:*:*:*:*:*:*:*,0CDD7DF8-E0F7-4364-9F45-C53EA7B990F1,2007-09-14T17:36:49.090
Intel High-bandwidth Digital Content Protection,Application,Intel,High-Bandwidth Digital Content Protection,-,,cpe:2.3:a:intel:high-bandwidth_digital_content_protection:-:*:*:*:*:*:*:*,A230590F-FC87-4F0F-B26E-CE7A220EED9D,2007-09-14T17:36:49.090
Intel InBusiness eMail Station,Application,Intel,Inbusiness Email Station,-,,cpe:2.3:a:intel:inbusiness_email_station:-:*:*:*:*:*:*:*,D99293A2-AACA-49E6-8CCD-327BDCD21525,2007-09-14T17:36:49.090
Intel Intel Display Adapter Driver,Application,Intel,Display Adapter Driver,-,,cpe:2.3:a:intel:display_adapter_driver:-:*:*:*:*:*:*:*,F43A91FE-41E5-4149-9AE4-D29C3695F61C,2008-04-01T16:11:14.797
Intel iParty,Application,Intel,Iparty,-,,cpe:2.3:a:intel:iparty:-:*:*:*:*:*:*:*,A3550C09-7011-44B0-8C97-2CF8B22D8EBD,2007-09-14T17:36:49.090
Intel LAN Adapters SNMP Agent,Application,Intel,Lan Adapters Snmp Agent,-,,cpe:2.3:a:intel:lan_adapters_snmp_agent:-:*:*:*:*:*:*:*,53EBA7B9-2A9D-47F3-BD04-2A7BF3C774E1,2007-09-14T17:36:49.090
Intel Server Configuration Wizard,Application,Intel,Server Configuration Wizard,-,,cpe:2.3:a:intel:server_configuration_wizard:-:*:*:*:*:*:*:*,EEE10E9D-6917-4741-AC14-B528DF3ED5CC,2007-09-14T17:36:49.090
Intel Server Control,Application,Intel,Server Control,-,,cpe:2.3:a:intel:server_control:-:*:*:*:*:*:*:*,CC6EA8A0-21B0-4BD5-B1EF-AA715D5479F6,2007-09-14T17:36:49.090
Intel Shiva Access Manager,Application,Intel,Shiva Access Manager,-,,cpe:2.3:a:intel:shiva_access_manager:-:*:*:*:*:*:*:*,D20EC557-C3C4-4B15-B582-345E2998F553,2007-09-14T17:36:49.090
Intel System Setup Utility,Application,Intel,System Setup Utility,-,,cpe:2.3:a:intel:system_setup_utility:-:*:*:*:*:*:*:*,ED84ED04-B192-4387-B721-44AA12AEB9D1,2007-09-14T17:36:49.090
Internet Security Systems BlackICE,Application,Iss,Blackice,-,,cpe:2.3:a:iss:blackice:-:*:*:*:*:*:*:*,A2043015-771B-4610-A0B5-CE5B007E4A82,2008-03-25T19:15:46.227
Internet Security Systems BlackICE Agent,Application,Iss,Blackice Agent,-,,cpe:2.3:a:iss:blackice_agent:-:*:*:*:*:*:*:*,3F3592C7-A105-48F2-B530-B55BC19AEDFE,2008-03-25T19:15:46.350
Internet Security Systems BlackICE Agent Server,Application,Iss,Blackice Agent Server,-,,cpe:2.3:a:iss:blackice_agent_server:-:*:*:*:*:*:*:*,E122A0FA-A2AA-46CF-B2AB-4DE37005FE9A,2008-03-25T19:15:46.727
Internet Security Systems BlackICE Defender,Application,Iss,Blackice Defender,-,,cpe:2.3:a:iss:blackice_defender:-:*:*:*:*:*:*:*,04017B1D-E026-4328-A47D-34EDF212A925,2008-03-25T19:15:47.193
Internet Security Systems BlackICE PC Protection,Application,Iss,Blackice Pc Protection,-,,cpe:2.3:a:iss:blackice_pc_protection:-:*:*:*:*:*:*:*,61817EED-3BBF-4263-A6FD-E75026E557EF,2008-03-25T19:15:47.490
Internet Security Systems BlackICE Server Protection,Application,Iss,Blackice Server Protection,-,,cpe:2.3:a:iss:blackice_server_protection:-:*:*:*:*:*:*:*,797B306D-BD81-40DC-B38E-11BB3DA0979A,2008-03-25T19:15:48.490
Internet Security Systems Internet Scanner,Application,Iss,Internet Scanner,-,,cpe:2.3:a:iss:internet_scanner:-:*:*:*:*:*:*:*,0E0D3670-18BC-4F2F-8476-15D315D9FD8C,2008-03-25T19:15:49.273
Internet Security Systems Internet Security Scanner,Application,Iss,Internet Security Scanner,-,,cpe:2.3:a:iss:internet_security_scanner:-:*:*:*:*:*:*:*,F32EDF04-78C7-4D78-B314-FF3F44D82425,2008-03-25T19:15:49.523
Internet Security Systems Proventia Desktop,Application,Iss,Proventia Desktop,-,,cpe:2.3:a:iss:proventia_desktop:-:*:*:*:*:*:*:*,EC9144A4-C6FF-4420-AFE9-2B0CC25C2A3C,2008-03-25T19:15:50.943
Internet Security Systems RealSecure,Application,Iss,Realsecure,-,,cpe:2.3:a:iss:realsecure:-:*:*:*:*:*:*:*,E7876D0A-2AF3-4793-BF6F-7687A85582EA,2008-03-25T19:15:52.740
Internet Security Systems RealSecure Desktop,Application,Iss,Realsecure Desktop,-,,cpe:2.3:a:iss:realsecure_desktop:-:*:*:*:*:*:*:*,6E602F23-F83F-437F-A23D-30A763A87D05,2008-03-25T19:15:52.930
Internet Security Systems RealSecure Event Collector,Application,Iss,Realsecure Event Collector,-,,cpe:2.3:a:iss:realsecure_event_collector:-:*:*:*:*:*:*:*,49237EC0-127D-41D3-9EB0-72DDC816A87D,2008-03-25T19:15:54.257
Internet Security Systems RealSecure Guard,Application,Iss,Realsecure Guard,-,,cpe:2.3:a:iss:realsecure_guard:-:*:*:*:*:*:*:*,6B76D37F-467F-4D94-9B9D-D76BD207366E,2008-03-25T19:15:54.383
Internet Security Systems RealSecure Network,Application,Iss,Realsecure Network,-,,cpe:2.3:a:iss:realsecure_network:-:*:*:*:*:*:*:*,5A38D4AE-97E8-4598-8984-58D7B66A7B06,2008-03-25T19:15:55.570
Internet Security Systems RealSecure Network Sensor,Application,Iss,Realsecure Network Sensor,-,,cpe:2.3:a:iss:realsecure_network_sensor:-:*:*:*:*:*:*:*,9D36F551-BBA5-4B27-BFA8-56C0C244E209,2008-03-25T19:15:55.943
Internet Security Systems RealSecure Nokia,Application,Iss,Realsecure Nokia,-,,cpe:2.3:a:iss:realsecure_nokia:-:*:*:*:*:*:*:*,47EC5F1D-41EF-4D69-AAF4-2BDAEB007037,2008-03-25T19:15:56.507
Internet Security Systems RealSecure Sentry,Application,Iss,Realsecure Sentry,-,,cpe:2.3:a:iss:realsecure_sentry:-:*:*:*:*:*:*:*,507C43DA-E296-4A92-8E90-21896D52BDBD,2008-03-25T19:15:56.633
Internet Security Systems RealSecure Server Sensor,Application,Iss,Realsecure Server Sensor,-,,cpe:2.3:a:iss:realsecure_server_sensor:-:*:*:*:*:*:*:*,1D086861-4056-46EF-8884-0DE15F47C571,2008-03-25T19:15:57.210
Internet Security Systems RealSecure Workgroup Manager,Application,Iss,Realsecure Workgroup Manager,-,,cpe:2.3:a:iss:realsecure_workgroup_manager:-:*:*:*:*:*:*:*,FC045F4B-1416-43DC-B1A2-7BD9BDBF80FE,2008-03-25T19:15:59.757
Internet Security Systems Site Protector Security Fusion,Application,Iss,Site Protector Security Fusion,-,,cpe:2.3:a:iss:site_protector_security_fusion:-:*:*:*:*:*:*:*,DCBE1C4D-7F3E-4815-9726-246FF2023778,2008-03-25T19:15:59.943
InterVideo Home Theater,Application,Intervideo,Home Theater,-,,cpe:2.3:a:intervideo:home_theater:-:*:*:*:*:*:*:*,9769ABAB-8E17-4FB2-8292-B592F48A8F1D,2007-09-14T17:36:49.090
InterVideo WinDVD,Application,Intervideo,Windvd,-,,cpe:2.3:a:intervideo:windvd:-:*:*:*:*:*:*:*,0C64F8A2-FEC7-4875-A148-B20437D7DB4D,2007-09-14T17:36:49.090
Irfanview,Application,Irfanview,Irfanview,-,,cpe:2.3:a:irfanview:irfanview:-:*:*:*:*:*:*:*,61FE3F67-BF1D-4380-BE4B-341D1BAEEAA3,2011-03-04T17:47:04.937
ISC DHCP Client,Application,Isc,Dhcp Client,-,,cpe:2.3:a:isc:dhcp_client:-:*:*:*:*:*:*:*,4C7B8D37-C2B2-4E4D-8B03-84F81D34EE12,2007-09-14T17:36:49.090
ISC DHCPD,Application,Isc,Dhcpd,-,,cpe:2.3:a:isc:dhcpd:-:*:*:*:*:*:*:*,A2D093E1-38B4-4ACD-A477-70F23BDA68DA,2007-09-14T17:36:49.090
ISC INN,Application,Isc,Inn,-,,cpe:2.3:a:isc:inn:-:*:*:*:*:*:*:*,4689BD1D-5366-44B4-B44F-3CEC5F1F4AD1,2007-09-14T17:36:49.090
JFFNMS JFFNMS,Application,Jffnms,Just For Fun Network Management System,-,,cpe:2.3:a:jffnms:just_for_fun_network_management_system:-:*:*:*:*:*:*:*,D632ECE0-0905-4C7B-A2AD-DD106B2B9E6D,2008-04-01T16:39:27.953
Jolly Giant Software Inc. QWS3270 Secure,Application,Jollygiant,Qws3270 Secure,-,,cpe:2.3:a:jollygiant:qws3270_secure:-:*:*:*:*:*:*:*,2E28E747-29AF-4420-AED5-F8355F8F0AB2,2008-03-25T19:16:00.837
Juniper JuniperSetup Control,Application,Juniper,Junipersetup Control,-,,cpe:2.3:a:juniper:junipersetup_control:-:*:*:*:*:*:*:*,F67153AB-430C-4548-8DBE-10027DD1A5EB,2007-09-14T17:36:49.090
Juniper JUNOS,Operating System,Juniper,Junos,-,,cpe:2.3:o:juniper:junos:-:*:*:*:*:*:*:*,6BD99263-1E0D-464E-949B-C3C1B8EC1473,2007-09-14T17:36:49.090
Juniper JUNOS E,Operating System,Juniper,Junos E,-,,cpe:2.3:o:juniper:junos_e:-:*:*:*:*:*:*:*,644A3AF5-3330-4825-B92D-877C5230CBD4,2007-09-14T17:36:49.090
Juniper JUNOS Internet Software,Application,Juniper,Junos Internet Software,-,,cpe:2.3:a:juniper:junos_internet_software:-:*:*:*:*:*:*:*,8EA256C6-0D59-405F-9E2E-089CB982A7F0,2007-09-14T17:36:49.090
Juniper JUNOS J,Operating System,Juniper,Junos J,-,,cpe:2.3:o:juniper:junos_j:-:*:*:*:*:*:*:*,EDA61125-ECE1-472A-9F0A-22A3B5285545,2007-09-14T17:36:49.090
Juniper JUNOS M,Operating System,Juniper,Junos M,-,,cpe:2.3:o:juniper:junos_m:-:*:*:*:*:*:*:*,450C72F0-16EA-4DD3-B510-A869C111C8DF,2007-09-14T17:36:49.090
Juniper JUNOS T,Operating System,Juniper,Junos T,-,,cpe:2.3:o:juniper:junos_t:-:*:*:*:*:*:*:*,BDA70074-F792-4224-BB1B-E2D6CEF617F7,2007-09-14T17:36:49.090
Juniper JUNOSe,Operating System,Juniper,Junose,-,,cpe:2.3:o:juniper:junose:-:*:*:*:*:*:*:*,16FCC2D3-790B-4FC5-8FC2-3B800DD6EFE1,2007-09-14T17:36:49.090
Juniper JUNOSe E,Operating System,Juniper,Junose E,-,,cpe:2.3:o:juniper:junose_e:-:*:*:*:*:*:*:*,F04BD45D-276D-4ABE-A98B-4BC4562543AA,2007-09-14T17:36:49.090
Juniper JUNOSe J,Operating System,Juniper,Junose J,-,,cpe:2.3:o:juniper:junose_j:-:*:*:*:*:*:*:*,B4906110-8FAD-4B22-BF33-DC92335D2932,2007-09-14T17:36:49.090
Juniper JUNOSe M,Operating System,Juniper,Junose M,-,,cpe:2.3:o:juniper:junose_m:-:*:*:*:*:*:*:*,0F718184-05A9-4BC7-96E1-ABDB1D7ADA50,2007-09-14T17:36:49.090
Juniper JUNOSe T,Operating System,Juniper,Junose T,-,,cpe:2.3:o:juniper:junose_t:-:*:*:*:*:*:*:*,CA479392-3A09-4912-ABF8-174706230C4E,2007-09-14T17:36:49.090
Juniper NetScreen ScreenOS,Operating System,Juniper,Netscreen Screenos,-,,cpe:2.3:o:juniper:netscreen_screenos:-:*:*:*:*:*:*:*,ED578249-F247-4BDA-8558-A5A5EA5C012C,2007-09-14T17:36:49.090
Juniper NetScreen-Security Manager,Application,Juniper,Netscreen-Security Manager,-,,cpe:2.3:a:juniper:netscreen-security_manager:-:*:*:*:*:*:*:*,5CB9DB0B-ABFD-46F2-8FAA-91D18A997587,2007-09-14T17:36:49.090
Juniper Remote Security Client,Application,Juniper,Netscreen Remote Security Client,-,,cpe:2.3:a:juniper:netscreen_remote_security_client:-:*:*:*:*:*:*:*,26D5A312-0F5E-484A-B367-B9CCDB071109,2008-04-01T16:11:20.253
Juniper Remote VPN Client,Application,Juniper,Netscreen Remote Vpn Client,-,,cpe:2.3:a:juniper:netscreen_remote_vpn_client:-:*:*:*:*:*:*:*,31F52BC8-B79E-41FC-9DA3-DD46086860E3,2008-04-01T16:11:20.423
KIOSK LOGIX DesignerPro,Application,Kiosklogix,Designerpro,-,,cpe:2.3:a:kiosklogix:designerpro:-:*:*:*:*:*:*:*,E77DA837-A040-4BDE-A95E-7A09994E066B,2008-03-25T19:16:02.053
KIOSK LOGIX ShellPro,Application,Kiosklogix,Shellpro,-,,cpe:2.3:a:kiosklogix:shellpro:-:*:*:*:*:*:*:*,B8FFFF86-8AEF-439D-BFB9-AC39885D0ECB,2008-03-25T19:16:02.163
L-Soft Listserv,Application,Lsoft,Listserv,-,,cpe:2.3:a:lsoft:listserv:-:*:*:*:*:*:*:*,8CBA8368-4566-45F8-961C-965A6D758119,2008-03-25T19:16:02.633
Lancope Stealthwatch,Application,Lancope,Stealthwatch,-,,cpe:2.3:a:lancope:stealthwatch:-:*:*:*:*:*:*:*,CDAF67FD-93E2-4FBF-9DC0-A92B1BF1DBAE,2007-09-14T17:36:49.090
LANDesk Software LANDesk Management Suite,Application,Landesk,Landesk Management Suite,-,,cpe:2.3:a:landesk:landesk_management_suite:-:*:*:*:*:*:*:*,6A66B2FB-7386-4DAC-9143-CA21A498115F,2008-03-25T19:16:03.210
Lexmark MarkVision,Application,Lexmark,Markvision,-,,cpe:2.3:a:lexmark:markvision:-:*:*:*:*:*:*:*,2FEC4410-F154-4637-956D-345FF1E3AFFF,2007-09-14T17:36:49.090
Linksys WPC300N Wireless-N Notebook Adapter Driver,Application,Linksys,Wpc300N Wireless-N Notebook Adapter Driver,-,,cpe:2.3:a:linksys:wpc300n_wireless-n_notebook_adapter_driver:-:*:*:*:*:*:*:*,39AFBBE1-4144-4B4F-BDA2-C49C3412A844,2007-09-14T17:36:49.090
Linux atm-linux,Application,Linux-Atm,Linux-Atm,-,,cpe:2.3:a:linux-atm:linux-atm:-:*:*:*:*:*:*:*,31B18E9C-BBF3-4878-AA1C-2C3B51E7C9C8,2008-04-01T16:11:47.050
Linux Conga,Application,Conga,Conga,-,,cpe:2.3:a:conga:conga:-:*:*:*:*:*:*:*,262864E0-CE67-4BE2-A2BA-44636F01D3E6,2008-04-01T16:11:47.253
Linux Connectiva,Application,Connectiva,Linux,-,,cpe:2.3:a:connectiva:linux:-:*:*:*:*:*:*:*,5E6A23D5-E1BC-4460-AA73-5C5136709267,2008-04-01T16:11:47.427
Linux FTE Text Editor,Application,Fte,Fte Text Editor,-,,cpe:2.3:a:fte:fte_text_editor:-:*:*:*:*:*:*:*,22D8C1E6-92E4-40B0-8D79-D0234BDC43EC,2008-04-01T16:11:47.737
Linux FTPFS,Application,Ftpfs,Ftpfs,-,,cpe:2.3:a:ftpfs:ftpfs:-:*:*:*:*:*:*:*,7473194F-FDBF-410D-BA51-819FC072C4EB,2008-04-01T16:11:47.910
Linux Kernel,Operating System,Linux,Linux Kernel,-,,cpe:2.3:o:linux:linux_kernel:-:*:*:*:*:*:*:*,0BA1AF04-98FA-4EBA-893B-700905C43151,2008-04-01T16:11:49.550
Linux libc,Application,Gnu,Libc,-,,cpe:2.3:a:gnu:libc:-:*:*:*:*:*:*:*,6993F157-1615-4590-BFE2-487995A8D059,2008-04-01T16:13:35.070
Linux lsadmin,Application,Platform,Lsadmin,-,,cpe:2.3:a:platform:lsadmin:-:*:*:*:*:*:*:*,8E5010ED-DEAB-4B01-A7C1-1D364A048F3E,2008-04-01T16:13:39.710
Linux Netkit,Application,Netkit,Netkit,-,,cpe:2.3:a:netkit:netkit:-:*:*:*:*:*:*:*,87F30799-183F-4449-B5A1-D48AE37D5D02,2008-04-01T16:13:39.900
Linux nmh,Application,Nmh,Nmh,-,,cpe:2.3:a:nmh:nmh:-:*:*:*:*:*:*:*,77383447-E5C3-452D-B1B1-927A0DD4DFB9,2008-04-01T16:13:40.477
Linux Omnikey Cardman,Application,Omnikey.Aaitg,Omnikey Cardman,-,,cpe:2.3:a:omnikey.aaitg:omnikey_cardman:-:*:*:*:*:*:*:*,2E224640-B513-4C94-9176-41603E979A2C,2008-04-01T16:13:40.883
Linux Powertools,Application,Redhat,Linux Powertools,-,,cpe:2.3:a:redhat:linux_powertools:-:*:*:*:*:*:*:*,90D5D65E-E743-4457-82B0-37C4CB10C0D9,2008-04-01T16:13:41.070
RSBAC Rule Set Based Access Control -,Application,Rsbac,Rule Set Based Access Control,-,,cpe:2.3:a:rsbac:rule_set_based_access_control:-:*:*:*:*:*:*:*,56681503-4D8E-492D-8F4A-DC099CEAFE81,2023-06-20T17:35:55.347
Linux rsync,Application,Gnu,Rsync,-,,cpe:2.3:a:gnu:rsync:-:*:*:*:*:*:*:*,6D149D74-BD25-477C-BD72-96F334BA20A7,2008-04-01T16:13:41.617
Linux SCTP,Application,Lksctp,Stream Control Transmission Protocol,-,,cpe:2.3:a:lksctp:stream_control_transmission_protocol:-:*:*:*:*:*:*:*,5BB24794-9341-4907-9E57-0F64866F4FF0,2008-04-01T16:13:41.820
Linux Security Modules,Application,Gnu,Realtime Linux Security Module,-,,cpe:2.3:a:gnu:realtime_linux_security_module:-:*:*:*:*:*:*:*,A7E2BDF2-66A1-4D18-A362-A7C8DE2CB170,2008-04-01T16:13:42.087
Linux NIS rpc.yppasswdd,Application,Linux-Nis,Rpc.Yppasswdd,-,,cpe:2.3:a:linux-nis:rpc.yppasswdd:-:*:*:*:*:*:*:*,144032B4-ACAF-42BB-9497-A569A4E723F7,2008-03-25T19:16:07.367
Linux NIS ypserv,Application,Linux-Nis,Ypserv,-,,cpe:2.3:a:linux-nis:ypserv:-:*:*:*:*:*:*:*,5C71B710-800D-48BF-BF55-3165202A664D,2008-03-25T19:16:07.397
Linux-HA heartbeat,Application,Linux-Ha,Heartbeat,-,,cpe:2.3:a:linux-ha:heartbeat:-:*:*:*:*:*:*:*,9116BCB7-8450-4974-B8AD-7CEF8778B57F,2007-09-14T17:36:49.090
Linux-Sottises board-tnk,Application,Linux-Sottises,Board-Tnk,-,,cpe:2.3:a:linux-sottises:board-tnk:-:*:*:*:*:*:*:*,2FA4F8CF-8EDD-46EF-A7BD-4861FA9FC6EA,2007-09-14T17:36:49.090
Linux-Sottises news-tnk,Application,Linux-Sottises,News-Tnk,-,,cpe:2.3:a:linux-sottises:news-tnk:-:*:*:*:*:*:*:*,D7208A43-96B9-46E9-B795-2859704098F0,2007-09-14T17:36:49.090
Litronic NetSign CAC,Application,Litronic,Netsign Cac,-,,cpe:2.3:a:litronic:netsign_cac:-:*:*:*:*:*:*:*,6C9B5AC6-9927-48DF-BF02-FF67670103BE,2007-09-14T17:36:49.090
Logitech CallManager,Application,Logitech,Videocall\+Callmanager,-,,cpe:2.3:a:logitech:videocall\+callmanager:-:*:*:*:*:*:*:*,0B0F9A02-A8E6-425D-88A3-17C7C5902340,2008-06-17T17:50:38.953
Logitech ComLink,Application,Logitech,Videocall\+Comlink,-,,cpe:2.3:a:logitech:videocall\+comlink:-:*:*:*:*:*:*:*,B123FAD8-ECFE-4D2E-A095-160861A92BDF,2008-06-17T17:50:39.047
Logitech VibeC,Application,Logitech,Videocall\+Vibec,-,,cpe:2.3:a:logitech:videocall\+vibec:-:*:*:*:*:*:*:*,62C07CCC-B211-452E-BCAE-B0452E4E0DCE,2008-06-17T17:50:39.217
Logitech VideoCall,Application,Logitech,Videocall,-,,cpe:2.3:a:logitech:videocall:-:*:*:*:*:*:*:*,AD434785-21DA-497B-97E9-F624C3692106,2007-09-14T17:36:49.090
Logitech ViewerClient,Application,Logitech,Videocall\+Viewerclient,-,,cpe:2.3:a:logitech:videocall\+viewerclient:-:*:*:*:*:*:*:*,587ED093-A353-449D-BB17-150A32543E8D,2008-06-17T17:50:39.297
Logitech WebCamXMP,Application,Logitech,Videocall\+Webcamxmp,-,,cpe:2.3:a:logitech:videocall\+webcamxmp:-:*:*:*:*:*:*:*,8FD816A5-AE3A-4334-A954-DF27D2B2E188,2008-06-17T17:50:39.390
LSTC LS-DYNA,Application,Lstc,Ls-Dyna,-,,cpe:2.3:a:lstc:ls-dyna:-:*:*:*:*:*:*:*,6AE2E603-15B4-4113-AA71-F7315CDF4D89,2007-09-14T17:36:49.090
Lucent RADIUS,Application,Lucent,Radius,-,,cpe:2.3:a:lucent:radius:-:*:*:*:*:*:*:*,C604E297-6B1A-4B18-9222-0BF922A7AACF,2007-09-14T17:36:49.090
Lucent VitalAnalysis,Application,Lucent,Vitalanalysis,-,,cpe:2.3:a:lucent:vitalanalysis:-:*:*:*:*:*:*:*,2B922740-3C42-43E7-9196-021B4E41A92B,2007-09-14T17:36:49.090
Lucent VitalEvent,Application,Lucent,Vitalevent,-,,cpe:2.3:a:lucent:vitalevent:-:*:*:*:*:*:*:*,F117CB2D-170E-409B-87C2-566A1DA1243F,2007-09-14T17:36:49.090
Lucent VitalHelp,Application,Lucent,Vitalhelp,-,,cpe:2.3:a:lucent:vitalhelp:-:*:*:*:*:*:*:*,22325028-2C90-4FE3-89C5-106B0A01C975,2007-09-14T17:36:49.090
Lucent VitalNet,Application,Lucent,Vitalnet,-,,cpe:2.3:a:lucent:vitalnet:-:*:*:*:*:*:*:*,EFF5322C-13F9-4BB9-BB7E-5D38F9FC7C5C,2007-09-14T17:36:49.090
Lucent VitalSuite,Application,Lucent,Vitalsuite,-,,cpe:2.3:a:lucent:vitalsuite:-:*:*:*:*:*:*:*,CDD62F75-037F-422B-B074-4EA6AC71390A,2007-09-14T17:36:49.090
Lund Performance Solutions Meta-View,Application,Lund,Meta-View,-,,cpe:2.3:a:lund:meta-view:-:*:*:*:*:*:*:*,CEBC798D-9679-48E6-B5FA-DFE628E62B1E,2008-03-25T19:16:08.100
Macromedia Breeze,Application,Macromedia,Breeze,-,,cpe:2.3:a:macromedia:breeze:-:*:*:*:*:*:*:*,75477291-842C-4888-8368-71E3B75037E7,2007-09-14T17:36:49.090
Macromedia Captivate,Application,Macromedia,Captivate,-,,cpe:2.3:a:macromedia:captivate:-:*:*:*:*:*:*:*,098BF0A3-BCCF-4EC8-926C-8030197136F6,2007-09-14T17:36:49.090
Macromedia ColdFusion,Application,Macromedia,Coldfusion,-,,cpe:2.3:a:macromedia:coldfusion:-:*:*:*:*:*:*:*,481C5126-8D9B-4898-AA2C-59D976251FAF,2007-09-14T17:36:49.090
Macromedia ColdFusion Fusebox,Application,Macromedia,Coldfusion Fusebox,-,,cpe:2.3:a:macromedia:coldfusion_fusebox:-:*:*:*:*:*:*:*,753520C1-F17C-47DA-80D4-D20CAA0A76CF,2007-09-14T17:36:49.090
Macromedia ColdFusion Server,Application,Macromedia,Coldfusion Server,-,,cpe:2.3:a:macromedia:coldfusion_server:-:*:*:*:*:*:*:*,5C3AA44D-4832-4CE3-87A0-39034F89392E,2007-09-14T17:36:49.090
Macromedia Contribute,Application,Macromedia,Contribute,-,,cpe:2.3:a:macromedia:contribute:-:*:*:*:*:*:*:*,693A5617-CA7E-454B-8B9B-13DF116E9485,2007-09-14T17:36:49.090
Macromedia Contribute Publishing Server,Application,Macromedia,Contribute Publishing Server,-,,cpe:2.3:a:macromedia:contribute_publishing_server:-:*:*:*:*:*:*:*,5816318C-0F51-468C-B322-8B701584E5A7,2007-09-14T17:36:49.090
Macromedia Dreamweaver,Application,Macromedia,Dreamweaver,-,,cpe:2.3:a:macromedia:dreamweaver:-:*:*:*:*:*:*:*,E4D35D00-527B-43F4-82B6-B9426AD714CA,2007-09-14T17:36:49.090
Macromedia Dreamweaver Ultradev,Application,Macromedia,Dreamweaver Ultradev,-,,cpe:2.3:a:macromedia:dreamweaver_ultradev:-:*:*:*:*:*:*:*,507A8F17-5FAE-4006-AA5B-B2333FC094F3,2007-09-14T17:36:49.090
Macromedia Flash,Application,Macromedia,Flash,-,,cpe:2.3:a:macromedia:flash:-:*:*:*:*:*:*:*,D2CA25AE-D01B-4B06-BF26-7069D8A125D1,2007-09-14T17:36:49.090
Macromedia Flash Media Server,Application,Macromedia,Flash Media Server,-,,cpe:2.3:a:macromedia:flash_media_server:-:*:*:*:*:*:*:*,2963E860-DCD7-4063-9448-480C069B1797,2007-09-14T17:36:49.090
Macromedia JRun,Application,Macromedia,Jrun,-,,cpe:2.3:a:macromedia:jrun:-:*:*:*:*:*:*:*,D6B88FD0-831C-422D-8762-FBDBAC245055,2007-09-14T17:36:49.090
Macromedia Matrix Screen Saver,Application,Macromedia,Matrix Screen Saver,-,,cpe:2.3:a:macromedia:matrix_screen_saver:-:*:*:*:*:*:*:*,FC08E6BC-720C-4AE6-8F15-A37A41CCD468,2007-09-14T17:36:49.090
Macromedia Shockwave,Application,Macromedia,Shockwave,-,,cpe:2.3:a:macromedia:shockwave:-:*:*:*:*:*:*:*,02CE268B-AB05-4BB4-A6F8-45B929C638AF,2007-09-14T17:36:49.090
Macromedia Shockwave Flash,Application,Macromedia,Shockwave Flash,-,,cpe:2.3:a:macromedia:shockwave_flash:-:*:*:*:*:*:*:*,67CAF5FB-D876-4584-9F77-1D37EF31A118,2007-09-14T17:36:49.090
Macromedia Shockwave Flash Plugin,Application,Macromedia,Shockwave Flash Plugin,-,,cpe:2.3:a:macromedia:shockwave_flash_plugin:-:*:*:*:*:*:*:*,8A01CF90-E64D-4AED-ADA9-C3A821A6CA9B,2007-09-14T17:36:49.090
Macromedia Sitespring,Application,Macromedia,Sitespring,-,,cpe:2.3:a:macromedia:sitespring:-:*:*:*:*:*:*:*,CC0B9B89-B2EE-40C2-AE36-5E2705893750,2007-09-14T17:36:49.090
MandrakeSoft Mandrake lam-runtime,Application,Mandrakesoft,Mandrake Lam-Runtime,-,,cpe:2.3:a:mandrakesoft:mandrake_lam-runtime:-:*:*:*:*:*:*:*,ADF2935C-D2AC-4DA5-93A6-37C4BB06C1AF,2007-09-14T17:36:49.090
MandrakeSoft Mandrake Linux,Operating System,Mandrakesoft,Mandrake Linux,-,,cpe:2.3:o:mandrakesoft:mandrake_linux:-:*:*:*:*:*:*:*,A6B074EA-AB12-4C70-A0C5-508E1517E3C8,2007-09-14T17:36:49.090
MandrakeSoft Mandrake Linux Corporate Server,Operating System,Mandrakesoft,Mandrake Linux Corporate Server,-,,cpe:2.3:o:mandrakesoft:mandrake_linux_corporate_server:-:*:*:*:*:*:*:*,E2F0A2C8-19F3-4498-809C-12A28AD0E8D2,2007-09-14T17:36:49.090
MandrakeSoft Mandrake LinuxSoft,Operating System,Mandrakesoft,Mandrake Linuxsoft,-,,cpe:2.3:o:mandrakesoft:mandrake_linuxsoft:-:*:*:*:*:*:*:*,2FC7893F-FDC7-47B9-983F-03742758533C,2007-09-14T17:36:49.090
MandrakeSoft Mandrake Multi Network Firewall,Application,Mandrakesoft,Mandrake Multi Network Firewall,-,,cpe:2.3:a:mandrakesoft:mandrake_multi_network_firewall:-:*:*:*:*:*:*:*,8D2676CE-234D-4D6E-9798-42AED099D826,2007-09-14T17:36:49.090
MandrakeSoft Mandrake Single Network Firewall,Application,Mandrakesoft,Mandrake Single Network Firewall,-,,cpe:2.3:a:mandrakesoft:mandrake_single_network_firewall:-:*:*:*:*:*:*:*,FA83B5C5-EA93-44F4-8A7F-33DE27AEEB27,2007-09-14T17:36:49.090
Marconi ForeThought,Application,Marconi,Forethought,-,,cpe:2.3:a:marconi:forethought:-:*:*:*:*:*:*:*,07D5955D-0F83-4395-BD0B-9A433B8A68D0,2007-09-14T17:36:49.090
Maximus SchoolMAX,Application,Maximus,Schoolmax,-,,cpe:2.3:a:maximus:schoolmax:-:*:*:*:*:*:*:*,8DF3DA7C-A216-4855-9AA0-90BD77AA6E64,2007-09-14T17:36:49.090
McAfee AntiSpyware,Application,Mcafee,Antispyware,-,,cpe:2.3:a:mcafee:antispyware:-:*:*:*:*:*:*:*,B8B5C505-A03A-45E2-A3FB-F4338704A668,2007-09-14T17:36:49.090
McAfee ASaP VirusScan,Application,Mcafee,Asap Virusscan,-,,cpe:2.3:a:mcafee:asap_virusscan:-:*:*:*:*:*:*:*,7E233579-D94B-42A2-9264-9C93200CD6BB,2007-09-14T17:36:49.090
McAfee CMA,Application,Mcafee,Common Management Agent,-,,cpe:2.3:a:mcafee:common_management_agent:-:*:*:*:*:*:*:*,B3D260EF-7DD1-4157-96C3-D523D190C9FA,2008-04-01T16:39:37.390
McAfee e-Business Server,Application,Mcafee,E-Business Server,-,,cpe:2.3:a:mcafee:e-business_server:-:*:*:*:*:*:*:*,B6164A40-3727-465C-BF55-BE15F93B45CF,2007-09-14T17:36:49.090
McAfee ePolicy Orchestrator,Application,Mcafee,Epolicy Orchestrator,-,,cpe:2.3:a:mcafee:epolicy_orchestrator:-:*:*:*:*:*:*:*,F47CB25B-4666-4ECD-B78C-7060A52C431D,2007-09-14T17:36:49.090
McAfee ePolicy Orchestrator Agent,Application,Mcafee,Epolicy Orchestrator Agent,-,,cpe:2.3:a:mcafee:epolicy_orchestrator_agent:-:*:*:*:*:*:*:*,649357F2-118C-4E3F-B1BB-1CB9A086D510,2007-09-14T17:36:49.090
McAfee FreeScan,Application,Mcafee,Freescan,-,,cpe:2.3:a:mcafee:freescan:-:*:*:*:*:*:*:*,E47FA7F9-7C49-47D1-8981-C7EC97EBD4B4,2007-09-14T17:36:49.090
McAfee Internet Security Suite,Application,Mcafee,Internet Security Suite,-,,cpe:2.3:a:mcafee:internet_security_suite:-:*:*:*:*:*:*:*,282C5608-4727-4DBD-B69C-538BE175AAE5,2007-09-14T17:36:49.090
McAfee McAfee Antivirus Engine,Application,Mcafee,Antivirus Engine,-,,cpe:2.3:a:mcafee:antivirus_engine:-:*:*:*:*:*:*:*,BCD4E832-EA77-481D-A538-212C0A1926BC,2008-04-01T16:39:38.343
McAfee McAfee Scan Engine,Application,Mcafee,Scan Engine,-,,cpe:2.3:a:mcafee:scan_engine:-:*:*:*:*:*:*:*,DC064538-3BAF-4CF5-BA02-36BF41728749,2008-04-01T16:39:39.017
McAfee mcinsctl.dll,Application,Mcafee,Mcinsctl.Dll,-,,cpe:2.3:a:mcafee:mcinsctl.dll:-:*:*:*:*:*:*:*,C79B481F-D9ED-49C6-9C03-A7AA1D5E537B,2007-09-14T17:36:49.090
McAfee NeoTrace Express,Application,Mcafee,Neotrace Express,-,,cpe:2.3:a:mcafee:neotrace_express:-:*:*:*:*:*:*:*,121EBC6A-F24C-44E4-BCAC-B126B234D043,2007-09-14T17:36:49.090
McAfee NeoTrace Pro,Application,Mcafee,Neotrace Pro,-,,cpe:2.3:a:mcafee:neotrace_pro:-:*:*:*:*:*:*:*,7834146E-6C0D-48FE-A8BB-5C71C9B08C97,2007-09-14T17:36:49.090
McAfee Network Agent,Application,Mcafee,Network Agent,-,,cpe:2.3:a:mcafee:network_agent:-:*:*:*:*:*:*:*,3ACF8F25-B322-4B4E-9085-80A4F039B128,2007-09-14T17:36:49.090
McAfee Personal Firewall Plus,Application,Mcafee,Personal Firewall Plus,-,,cpe:2.3:a:mcafee:personal_firewall_plus:-:*:*:*:*:*:*:*,271CC712-DBA5-4023-9CEB-4C75B94A79CE,2007-09-14T17:36:49.090
McAfee Privacy Service,Application,Mcafee,Privacy Service,-,,cpe:2.3:a:mcafee:privacy_service:-:*:*:*:*:*:*:*,FA87E81B-A54B-4413-A6F6-1761FB0048B2,2007-09-14T17:36:49.090
McAfee ProtectionPilot,Application,Mcafee,Protectionpilot,-,,cpe:2.3:a:mcafee:protectionpilot:-:*:*:*:*:*:*:*,E1D8DF32-B4C8-4CC4-95EC-3DE81BE9225F,2007-09-14T17:36:49.090
McAfee QuickClean,Application,Mcafee,Quickclean,-,,cpe:2.3:a:mcafee:quickclean:-:*:*:*:*:*:*:*,E6086D8D-7596-4383-A129-6916C5822E46,2007-09-14T17:36:49.090
McAfee Remote Desktop,Application,Mcafee,Remote Desktop,-,,cpe:2.3:a:mcafee:remote_desktop:-:*:*:*:*:*:*:*,66B2A809-0498-422E-8FFD-75D606CEEE56,2007-09-14T17:36:49.090
McAfee Security Installer Control System,Application,Mcafee,Security Installer Control System,-,,cpe:2.3:a:mcafee:security_installer_control_system:-:*:*:*:*:*:*:*,A1D0C227-05F3-461A-B69B-24CFEB4B0832,2007-09-14T17:36:49.090
McAfee SecurityCenter,Application,Mcafee,Securitycenter,-,,cpe:2.3:a:mcafee:securitycenter:-:*:*:*:*:*:*:*,D93C3876-9A83-40D8-9BD2-15DC2B3823AE,2012-05-10T15:20:23.393
McAfee SecurityCenter Agent,Application,Mcafee,Securitycenter Agent,-,,cpe:2.3:a:mcafee:securitycenter_agent:-:*:*:*:*:*:*:*,78D145C8-7FB9-4516-A5F0-E66938A1A291,2012-05-10T15:20:23.567
McAfee SpamKiller,Application,Mcafee,Spamkiller,-,,cpe:2.3:a:mcafee:spamkiller:-:*:*:*:*:*:*:*,365E33CB-56D2-478D-AFF8-E79876620684,2007-09-14T17:36:49.090
McAfee Virex,Application,Mcafee,Virex,-,,cpe:2.3:a:mcafee:virex:-:*:*:*:*:*:*:*,0FAD6289-74AE-41A0-959C-6E2948E4AFFC,2007-09-14T17:36:49.090
McAfee VirusScan,Application,Mcafee,Virusscan,-,,cpe:2.3:a:mcafee:virusscan:-:*:*:*:*:*:*:*,6FA2DBED-A38B-457A-BFC9-8EA74E0182A3,2007-09-14T17:36:49.090
McAfee VirusScan Enterprise,Application,Mcafee,Virusscan Enterprise,-,,cpe:2.3:a:mcafee:virusscan_enterprise:-:*:*:*:*:*:*:*,59149AAC-5B8D-448E-8579-B3BDF9D7BC28,2007-09-14T17:36:49.090
McAfee VirusScan Security Center,Application,Mcafee,Virusscan Security Center,-,,cpe:2.3:a:mcafee:virusscan_security_center:-:*:*:*:*:*:*:*,94EE5364-6F67-4669-82F5-B9CB96F4FEAA,2007-09-14T17:36:49.090
McAfee Visual Trace,Application,Mcafee,Visual Trace,-,,cpe:2.3:a:mcafee:visual_trace:-:*:*:*:*:*:*:*,124B052C-CCE6-44DA-B269-4A796DBEB8CC,2007-09-14T17:36:49.090
McAfee WebShield,Application,Mcafee,Webshield,-,,cpe:2.3:a:mcafee:webshield:-:*:*:*:*:*:*:*,67C84E1C-1593-4189-9F5C-D38351D1CDEF,2007-09-14T17:36:49.090
McAfee Wireless Home Network Security,Application,Mcafee,Wireless Home Network Security,-,,cpe:2.3:a:mcafee:wireless_home_network_security:-:*:*:*:*:*:*:*,69C5223E-4F03-49C1-BA3D-F65F87847884,2007-09-14T17:36:49.090
Merant Dimensions,Application,Merant,Dimensions,-,,cpe:2.3:a:merant:dimensions:-:*:*:*:*:*:*:*,615AE85D-E2C5-4E07-9188-B8C5A4163FC7,2007-09-14T17:36:49.090
Mercury Mail Transport System,Application,Pmail,Mercury Mail Transport System,-,,cpe:2.3:a:pmail:mercury_mail_transport_system:-:*:*:*:*:*:*:*,2D5968F6-F29D-456D-A046-DEBC2601DF34,2008-04-01T16:16:07.670
Mercury Mercury Mail Server,Application,Pmail,Mercury Mail Server,-,,cpe:2.3:a:pmail:mercury_mail_server:-:*:*:*:*:*:*:*,9771FD11-B2ED-4548-B9AC-132FE1393A08,2008-03-25T19:16:10.227
Mercury Mercury SiteScope,Application,Hp,Mercury Sitescope,-,,cpe:2.3:a:hp:mercury_sitescope:-:*:*:*:*:*:*:*,21D72978-FC67-4C27-A11C-B625D3AA2E2E,2008-04-01T16:16:07.953
Mercury Pegasus,Application,Pmail,Pegasus,-,,cpe:2.3:a:pmail:pegasus:-:*:*:*:*:*:*:*,0F39EE22-5DCD-461E-8FFC-911E414FDC6F,2008-03-25T19:16:10.350
Mercury Testdirector,Application,Hp,Mercury Testdirector For Quality Center,-,,cpe:2.3:a:hp:mercury_testdirector_for_quality_center:-:*:*:*:*:*:*:*,2A175A0F-D254-4A2F-BEB3-E2A9AF9CABA7,2008-04-01T16:16:08.467
Microsoft Access,Application,Microsoft,Access,-,,cpe:2.3:a:microsoft:access:-:*:*:*:*:*:*:*,87316812-5F2C-4286-94FE-CC98B9EAEF53,2011-01-12T14:35:56.427
Microsoft antispyware,Application,Microsoft,Antispyware,-,,cpe:2.3:a:microsoft:antispyware:-:*:*:*:*:*:*:*,2F29D390-094B-4DC9-8156-91760336FDA8,2007-09-14T17:36:49.090
Microsoft ASP.NET,Application,Microsoft,Asp.Net,-,,cpe:2.3:a:microsoft:asp.net:-:*:*:*:*:*:*:*,68B2891D-2428-44CE-837E-465A5177D2B0,2007-09-14T17:36:49.090
Microsoft BackOffice,Application,Microsoft,Backoffice,-,,cpe:2.3:a:microsoft:backoffice:-:*:*:*:*:*:*:*,ADE23B2C-29EA-43D8-BA82-14401FF20A43,2007-09-14T17:36:49.090
Microsoft cabarc,Application,Microsoft,Cabarc,-,,cpe:2.3:a:microsoft:cabarc:-:*:*:*:*:*:*:*,C62636C1-4171-4580-8E9A-3C926DEAF812,2008-04-15T23:00:56.820
Microsoft CAPICOM,Application,Microsoft,Capicom,-,,cpe:2.3:a:microsoft:capicom:-:*:*:*:*:*:*:*,82D0B28E-A930-4DA2-9C2C-2C8CE70BCFC1,2008-04-15T22:39:15.357
Microsoft DirectX,Application,Microsoft,Directx,-,,cpe:2.3:a:microsoft:directx:-:*:*:*:*:*:*:*,8C02DD2F-6773-468A-BEA0-FEA75361E8A7,2007-09-14T17:36:49.090
Microsoft DirectX Media,Application,Microsoft,Directx Media,-,,cpe:2.3:a:microsoft:directx_media:-:*:*:*:*:*:*:*,B22E682C-4E1D-4FEB-8E6F-5F5DA9807277,2007-09-14T17:36:49.090
Microsoft DirectX SDK,Application,Microsoft,Directx Sdk,-,,cpe:2.3:a:microsoft:directx_sdk:-:*:*:*:*:*:*:*,E3891A06-9E92-4FC5-98F5-A13EF16548EF,2007-09-14T17:36:49.090
Microsoft Entourage,Application,Microsoft,Entourage,-,,cpe:2.3:a:microsoft:entourage:-:*:*:*:*:*:*:*,3BB9B525-6F1A-4C43-97DC-14B879C66C17,2008-04-15T22:39:15.437
Microsoft Excel,Application,Microsoft,Excel,-,,cpe:2.3:a:microsoft:excel:-:*:*:*:*:*:*:*,8DE58455-0F50-41C0-8C3B-906A7E896AA2,2012-05-10T15:20:23.923
Microsoft Frontpage,Application,Microsoft,Frontpage,-,,cpe:2.3:a:microsoft:frontpage:-:*:*:*:*:*:*:*,5A000BAD-C37A-4A26-9D71-0615C259C1D2,2008-04-15T22:39:15.563
Microsoft Greetings,Application,Microsoft,Greetings,-,,cpe:2.3:a:microsoft:greetings:-:*:*:*:*:*:*:*,BF65E366-845C-4E6A-A0F0-8DE4C6702A6E,2007-09-14T17:36:49.090
Microsoft grpconv,Application,Microsoft,Grpconv,-,,cpe:2.3:a:microsoft:grpconv:-:*:*:*:*:*:*:*,F6574BC1-7D92-4DAF-8FD0-82CE3BB318DF,2007-09-14T17:36:49.090
Microsoft Hotmail,Application,Microsoft,Hotmail,-,,cpe:2.3:a:microsoft:hotmail:-:*:*:*:*:*:*:*,4DE7F189-6D2E-4643-9B02-75FFC3A56AFC,2007-09-14T17:36:49.090
Microsoft IE Toolbar,Application,Microsoft,Ie Toolbar,-,,cpe:2.3:a:microsoft:ie_toolbar:-:*:*:*:*:*:*:*,729477F2-A506-461A-9783-007B36024CAE,2007-09-14T17:36:49.090
Microsoft InfoPath,Application,Microsoft,Infopath,-,,cpe:2.3:a:microsoft:infopath:-:*:*:*:*:*:*:*,609229DB-C83F-4677-B53E-D1A8BBCAB1BB,2007-09-14T17:36:49.090
Microsoft Interix,Application,Microsoft,Interix,-,,cpe:2.3:a:microsoft:interix:-:*:*:*:*:*:*:*,0331F92F-6D3B-4FAC-8F9E-9D00E3CAD0DC,2007-09-14T17:36:49.090
Microsoft Jet,Application,Microsoft,Jet,-,,cpe:2.3:a:microsoft:jet:-:*:*:*:*:*:*:*,D9BCE50B-21AC-41D7-98D3-E2FE58F84747,2008-04-15T22:39:15.640
Microsoft JVM,Application,Microsoft,Java Virtual Machine,-,,cpe:2.3:a:microsoft:java_virtual_machine:-:*:*:*:*:*:*:*,8D57B47A-47C0-4B5F-BD0B-F9E9B0000AA4,2008-04-01T16:14:31.697
Microsoft MDAC,Application,Microsoft,Microsoft Data Access Components,-,,cpe:2.3:a:microsoft:microsoft_data_access_components:-:*:*:*:*:*:*:*,9C6D19AE-F43F-4EFC-99A0-C15FE5E85A8B,2008-04-01T16:14:32.247
Microsoft Money,Application,Microsoft,Money,-,,cpe:2.3:a:microsoft:money:-:*:*:*:*:*:*:*,CEC779B7-8F42-4128-BAF8-51F7371D35E6,2007-09-14T17:36:49.090
Microsoft ms-dos,Operating System,Microsoft,Ms-Dos,-,,cpe:2.3:o:microsoft:ms-dos:-:*:*:*:*:*:*:*,4239104E-05C2-4163-96C3-C3CE35B687C6,2008-04-15T22:39:15.703
Microsoft MSDE,Application,Microsoft,Data Engine,-,,cpe:2.3:a:microsoft:data_engine:-:*:*:*:*:*:*:*,81110690-1848-436A-8FD2-8EBDC953AF68,2008-04-01T16:14:39.887
Microsoft NetMeeting,Application,Microsoft,Netmeeting,-,,cpe:2.3:a:microsoft:netmeeting:-:*:*:*:*:*:*:*,2AB36F1F-CE09-488A-8E51-3A9EA2884341,2008-04-15T22:39:15.767
Microsoft Netmon,Application,Microsoft,Network Monitor,-,,cpe:2.3:a:microsoft:network_monitor:-:*:*:*:*:*:*:*,8C367FC6-CFF0-41D0-874B-E6BD4E590B99,2008-04-01T16:14:41.120
Microsoft Office,Application,Microsoft,Office,-,,cpe:2.3:a:microsoft:office:-:*:*:*:*:*:*:*,FCF9EECC-8F7F-4A84-8BAC-58F3AF7556E2,2008-04-15T22:39:15.843
Microsoft Office Word Viewer,Application,Microsoft,Office Word Viewer,-,,cpe:2.3:a:microsoft:office_word_viewer:-:*:*:*:*:*:*:*,00F79D28-2419-4284-8680-96176DEC9E2A,2007-09-14T17:36:49.090
Microsoft OneNote,Application,Microsoft,Onenote,-,,cpe:2.3:a:microsoft:onenote:-:*:*:*:*:*:*:*,EFE0DAB0-96F9-4FC2-978E-68F546567F29,2007-09-14T17:36:49.090
Microsoft Outlook,Application,Microsoft,Outlook,-,,cpe:2.3:a:microsoft:outlook:-:*:*:*:*:*:*:*,BA4E68E1-34DD-4567-AAD9-3B1B58AF0B18,2008-04-15T22:39:15.907
Microsoft Photodraw,Application,Microsoft,Photodraw,-,,cpe:2.3:a:microsoft:photodraw:-:*:*:*:*:*:*:*,1A988E41-A9A2-41F0-833E-50B1092F003B,2007-09-14T17:36:49.090
Microsoft Plus,Application,Microsoft,Plus,-,,cpe:2.3:a:microsoft:plus:-:*:*:*:*:*:*:*,BDC4FD04-BE6A-4EA6-8984-C4CFA31802F3,2007-09-14T17:36:49.090
Microsoft PowerPoint,Application,Microsoft,Powerpoint,-,,cpe:2.3:a:microsoft:powerpoint:-:*:*:*:*:*:*:*,E1714C7B-6E89-40D0-8963-24EECFD7296F,2008-04-15T22:39:15.983
Microsoft Producer,Application,Microsoft,Producer,-,,cpe:2.3:a:microsoft:producer:-:*:*:*:*:*:*:*,80BF996F-15BB-46CA-8FE3-13EAE47AA1C2,2007-09-14T17:36:49.090
Microsoft Project,Application,Microsoft,Project,-,,cpe:2.3:a:microsoft:project:-:*:*:*:*:*:*:*,EBD04EA9-52B0-4381-9F4D-F76FAC92C911,2008-04-15T22:39:16.047
Microsoft Publisher,Application,Microsoft,Publisher,-,,cpe:2.3:a:microsoft:publisher:-:*:*:*:*:*:*:*,3C286DF8-8A92-4CF3-8216-FBF1EF689327,2007-09-14T17:36:49.090
Microsoft Register Server,Application,Microsoft,Register Server,-,,cpe:2.3:a:microsoft:register_server:-:*:*:*:*:*:*:*,50B8634F-AF98-4AAA-976E-017C3FA05BFE,2007-09-14T17:36:49.090
Microsoft Teredo,Application,Microsoft,Teredo,-,,cpe:2.3:a:microsoft:teredo:-:*:*:*:*:*:*:*,0D187FD1-4AD7-4952-AC1B-DD8C5D426634,2007-09-14T17:36:49.090
Microsoft URLScan,Application,Microsoft,Urlscan,-,,cpe:2.3:a:microsoft:urlscan:-:*:*:*:*:*:*:*,ABF0727F-7056-4C5C-93FB-AEF3380FFED6,2007-09-14T17:36:49.090
Microsoft Viewer,Application,Microsoft,Viewer,-,,cpe:2.3:a:microsoft:viewer:-:*:*:*:*:*:*:*,5C5DFA08-DDBA-4B1E-A9D1-979A9201D3C7,2007-09-14T17:36:49.090
Microsoft Virtual PC,Application,Microsoft,Virtual Pc,-,,cpe:2.3:a:microsoft:virtual_pc:-:*:*:*:*:*:*:*,5E88C912-0AA3-4624-B244-5A48793F9BA5,2007-09-14T17:36:49.090
Microsoft Virtual Server,Application,Microsoft,Virtual Server,-,,cpe:2.3:a:microsoft:virtual_server:-:*:*:*:*:*:*:*,E95F4AA0-D592-4B9E-89F6-B4476D2EB937,2007-09-14T17:36:49.090
Microsoft Visio,Application,Microsoft,Visio,-,,cpe:2.3:a:microsoft:visio:-:*:*:*:*:*:*:*,763A1A80-DDF5-48DD-A5B4-02332182804D,2008-04-15T22:39:16.107
Microsoft Visual C,Application,Microsoft,Visual C,-,,cpe:2.3:a:microsoft:visual_c:-:*:*:*:*:*:*:*,365A6AF0-5AA9-41E9-8A1F-6F15BBFDF3EB,2007-09-14T17:36:49.090
Microsoft Visual J,Application,Microsoft,Visual J\+\+,-,,cpe:2.3:a:microsoft:visual_j\+\+:-:*:*:*:*:*:*:*,E68FFDFA-3512-433F-B3E3-A97D20191508,2008-06-17T17:50:46.843
Microsoft Visual Studio .NET,Application,Microsoft,Visual Studio .Net,-,,cpe:2.3:a:microsoft:visual_studio_.net:-:*:*:*:*:*:*:*,711D42D0-A2D3-4582-BF31-6DC75475223F,2007-09-14T17:36:49.090
Microsoft WebTV,Application,Microsoft,Webtv,-,,cpe:2.3:a:microsoft:webtv:-:*:*:*:*:*:*:*,9964D9C6-1465-46E0-B9E4-A4E62E486349,2007-09-14T17:36:49.090
Microsoft Windows,Operating System,Microsoft,Windows,-,,cpe:2.3:o:microsoft:windows:-:*:*:*:*:*:*:*,32D33F53-B7FC-4674-BD03-299D70A278F3,2012-10-09T15:18:06.143
Microsoft Windows .NET Server,Application,Microsoft,.Net Windows Server,-,,cpe:2.3:a:microsoft:.net_windows_server:-:*:*:*:*:*:*:*,1C732E72-0083-40F6-A7C1-C2144D456395,2008-04-01T16:15:39.857
Microsoft Windows 2000,Operating System,Microsoft,Windows 2000,-,,cpe:2.3:o:microsoft:windows_2000:-:*:*:*:*:*:*:*,EE86EF87-8C2B-49BF-8689-32600E9C6B3E,2010-04-19T13:51:41.040
Microsoft Windows 95,Operating System,Microsoft,Windows 95,-,,cpe:2.3:o:microsoft:windows_95:-:*:*:*:*:*:*:*,658B1BBD-90B1-42A7-91AB-4045C10F99F9,2007-09-14T17:36:49.090
Microsoft Windows 98,Operating System,Microsoft,Windows 98,-,,cpe:2.3:o:microsoft:windows_98:-:*:*:*:*:*:*:*,F2507848-9824-47A8-84AE-8C4B98835647,2007-09-14T17:36:49.090
Microsoft Windows ME,Operating System,Microsoft,Windows Me,-,,cpe:2.3:o:microsoft:windows_me:-:*:*:*:*:*:*:*,25B4E2CA-DEF5-427F-A320-5C245F760871,2007-09-14T17:36:49.090
Microsoft Windows Mobile,Operating System,Microsoft,Windows Mobile,-,,cpe:2.3:o:microsoft:windows_mobile:-:*:*:*:*:*:*:*,B6E8092F-33CA-4663-BC09-828EBA4D3DC9,2007-09-14T17:36:49.090
Microsoft Windows NT,Operating System,Microsoft,Windows Nt,-,,cpe:2.3:o:microsoft:windows_nt:-:*:*:*:*:*:*:*,E95C980B-CB41-4555-9084-81F9F729A7A4,2007-09-14T17:36:49.090
Microsoft Windows Vista,Operating System,Microsoft,Windows Vista,-,,cpe:2.3:o:microsoft:windows_vista:-:*:*:*:*:*:*:*,A750A795-1CC6-49B8-A25C-7248DA851CB6,2007-09-14T17:36:49.090
Microsoft Windows XP,Operating System,Microsoft,Windows Xp,-,,cpe:2.3:o:microsoft:windows_xp:-:*:*:*:*:*:*:*,F892733B-7932-48FE-980B-0706D0453C93,2010-04-19T13:51:41.100
Microsoft winhlp32,Application,Microsoft,Windows Help,-,,cpe:2.3:a:microsoft:windows_help:-:*:*:*:*:*:*:*,183736BB-3634-44B3-87B2-E82604FFD447,2008-04-01T16:15:55.733
Microsoft WINS,Application,Microsoft,Wins,-,,cpe:2.3:a:microsoft:wins:-:*:*:*:*:*:*:*,834E7364-DAB2-4AA9-82C6-55F929C54072,2007-09-14T17:36:49.090
Microsoft WinSock,Application,Microsoft,Winsock,-,,cpe:2.3:a:microsoft:winsock:-:*:*:*:*:*:*:*,99DEB902-7FF4-4828-BB3F-D846F7330319,2007-09-14T17:36:49.090
Microsoft Word,Application,Microsoft,Word,-,,cpe:2.3:a:microsoft:word:-:*:*:*:*:*:*:*,298F957B-8A3F-418F-89DC-61DE31D20567,2008-04-15T22:39:16.250
Microsoft Works,Application,Microsoft,Works,-,,cpe:2.3:a:microsoft:works:-:*:*:*:*:*:*:*,0CC5DC9F-D8D8-4ACA-B72B-EA0D009E1D3A,2007-09-14T17:36:49.090
Microsoft Works Spreadsheet,Application,Microsoft,Works Spreadsheet,-,,cpe:2.3:a:microsoft:works_spreadsheet:-:*:*:*:*:*:*:*,757A7A45-E67A-4712-A8B0-1E839CFBCD80,2007-09-14T17:36:49.090
Microsoft Zero Administration Kit,Application,Microsoft,Zero Administration Kit,-,,cpe:2.3:a:microsoft:zero_administration_kit:-:*:*:*:*:*:*:*,081D2D57-3F55-448D-AB4F-4E9899D28A5F,2007-09-14T17:36:49.090
MIT cgiemail,Application,Mit,Cgiemail,-,,cpe:2.3:a:mit:cgiemail:-:*:*:*:*:*:*:*,AA3DD0AA-D403-4532-9AA3-2E476A739782,2007-09-14T17:36:49.090
MIT Kerberos,Application,Mit,Kerberos,-,,cpe:2.3:a:mit:kerberos:-:*:*:*:*:*:*:*,265245FE-F8F2-46E2-8AE5-F65A4ACA41EB,2007-09-14T17:36:49.090
MIT Kerberos FTP Client,Application,Mit,Kerberos Ftp Client,-,,cpe:2.3:a:mit:kerberos_ftp_client:-:*:*:*:*:*:*:*,403B9826-AA75-46CD-B5A0-76EFA07A46CE,2007-09-14T17:36:49.090
MIT PGP Public Key Server,Application,Mit,Pgp Public Key Server,-,,cpe:2.3:a:mit:pgp_public_key_server:-:*:*:*:*:*:*:*,A2B32692-86F2-4377-9582-45C52F8F64CC,2007-09-14T17:36:49.090
Moodle,Application,Moodle,Moodle,-,,cpe:2.3:a:moodle:moodle:-:*:*:*:*:*:*:*,EE51662B-B4FF-4E6E-94D2-75DD2F8AC381,2010-11-19T18:32:54.687
Mozilla Bonsai,Application,Mozilla,Bonsai,-,,cpe:2.3:a:mozilla:bonsai:-:*:*:*:*:*:*:*,83C89A9E-315E-41E6-831E-46D23611A504,2007-09-14T17:36:49.090
Mozilla Bugzilla,Application,Mozilla,Bugzilla,-,,cpe:2.3:a:mozilla:bugzilla:-:*:*:*:*:*:*:*,34DE3F5B-815E-45AD-AF99-E396D8671159,2007-09-14T17:36:49.090
Mozilla Camino,Application,Mozilla,Camino,-,,cpe:2.3:a:mozilla:camino:-:*:*:*:*:*:*:*,8AFFB373-609F-4809-87EC-7CE77E21F023,2007-09-14T17:36:49.090
Mozilla Durian Web Application Server,Application,Mozilla,Durian Web Application Server,-,,cpe:2.3:a:mozilla:durian_web_application_server:-:*:*:*:*:*:*:*,AC476FD6-FF78-4760-83E0-422E2F24C53D,2007-09-14T17:36:49.090
Mozilla Firefox,Application,Mozilla,Firefox,-,,cpe:2.3:a:mozilla:firefox:-:*:*:*:*:*:*:*,F8A2B368-D401-499A-900F-973B54330BC3,2007-09-14T17:36:49.090
Mozilla Gecko,Application,Mozilla,Gecko,-,,cpe:2.3:a:mozilla:gecko:-:*:*:*:*:*:*:*,19DC1541-3404-48B3-87FC-EA1F25DE945B,2007-09-14T17:36:49.090
Mozilla Mozilla,Application,Mozilla,Mozilla,-,,cpe:2.3:a:mozilla:mozilla:-:*:*:*:*:*:*:*,27550A83-82EE-4E8D-AFEC-9F1EBD93A133,2007-09-14T17:36:49.090
Mozilla Mozilla Mail,Application,Mozilla,Mozilla Mail,-,,cpe:2.3:a:mozilla:mozilla_mail:-:*:*:*:*:*:*:*,54E5EFB8-ED5A-411A-9763-AB6E6FDA799A,2007-09-14T17:36:49.090
Mozilla Mozilla Suite,Application,Mozilla,Mozilla Suite,-,,cpe:2.3:a:mozilla:mozilla_suite:-:*:*:*:*:*:*:*,A6CE633C-4C93-438D-B083-4C7007C45DF9,2007-09-14T17:36:49.090
Mozilla Network Security Services,Application,Mozilla,Network Security Services,-,,cpe:2.3:a:mozilla:network_security_services:-:*:*:*:*:*:*:*,822BAF5F-0622-4118-88A2-50FCC4BB6B2E,2007-09-14T17:36:49.090
Mozilla Sage Extension,Application,Sage-Mozdev,Sage,-,,cpe:2.3:a:sage-mozdev:sage:-:*:*:*:*:*:*:*,3D24B18A-2698-4BD6-B804-BF79A2CAB62F,2008-04-01T16:39:55.237
Mozilla SeaMonkey,Application,Mozilla,Seamonkey,-,,cpe:2.3:a:mozilla:seamonkey:-:*:*:*:*:*:*:*,7221F423-A2E9-4839-84D7-200B969A8097,2007-09-14T17:36:49.090
Mozilla Thunderbird,Application,Mozilla,Thunderbird,-,,cpe:2.3:a:mozilla:thunderbird:-:*:*:*:*:*:*:*,E9A0727C-E03F-4ECB-ABB1-6E70F35556DF,2007-09-14T17:36:49.090
MSC Software MSC NASTRAN,Application,Mscsoftware,Msc Nastran,-,,cpe:2.3:a:mscsoftware:msc_nastran:-:*:*:*:*:*:*:*,BB14065C-84EA-440C-83E4-4D8D73B45FF0,2008-03-25T19:16:21.147
MySQL MaxDB,Application,Mysql,Maxdb,-,,cpe:2.3:a:mysql:maxdb:-:*:*:*:*:*:*:*,E53CA6C3-4634-4B5E-885C-3CA11F3F1F2C,2007-09-14T17:36:49.090
MySQL MySQL Community Server,Application,Mysql,Mysql Community Server,-,,cpe:2.3:a:mysql:mysql_community_server:-:*:*:*:*:*:*:*,CA253372-127F-4D46-9822-3C18D62F016E,2007-09-14T17:36:49.090
MySQL WinMySQLadmin,Application,Mysql,Winmysqladmin,-,,cpe:2.3:a:mysql:winmysqladmin:-:*:*:*:*:*:*:*,11D889CE-3900-4D32-9EB2-CE6EAEE22F29,2007-09-14T17:36:49.090
MySQL Auction MySQL Auction,Application,Servers-R-Us,Mysqlauction,-,,cpe:2.3:a:servers-r-us:mysqlauction:-:*:*:*:*:*:*:*,BFD336B2-7D73-4862-88A4-FFED340B1F38,2008-04-01T16:42:28.993
MySQL Eventum MySQL Eventum,Application,Mysql,Mysql Eventum,-,,cpe:2.3:a:mysql:mysql_eventum:-:*:*:*:*:*:*:*,A81C0542-5F03-437D-9DD0-C946796A71FB,2008-03-25T19:16:22.320
NEC EWS-UX_V,Operating System,Nec,Ews-Ux V,-,,cpe:2.3:o:nec:ews-ux_v:-:*:*:*:*:*:*:*,756117FF-E285-4778-9E7C-05C62D51B10D,2007-09-14T17:36:49.090
NEC Socks 5,Application,Nec,Socks 5,-,,cpe:2.3:a:nec:socks_5:-:*:*:*:*:*:*:*,92FEC16A-9E3A-4BC2-8908-261CACF0BE20,2012-05-10T15:20:30.377
NEC UP-UX_V,Operating System,Nec,Up-Ux V,-,,cpe:2.3:o:nec:up-ux_v:-:*:*:*:*:*:*:*,11869A8F-CDC3-4B1E-BAAE-5D9824A9C362,2007-09-14T17:36:49.090
NEC UX_4800,Operating System,Nec,Asl Ux 4800,-,,cpe:2.3:o:nec:asl_ux_4800:-:*:*:*:*:*:*:*,2C889055-B176-4321-AFA6-15EE0B52B322,2008-04-01T16:16:02.437
Nero MediaHome,Application,Nero,Mediahome,-,,cpe:2.3:a:nero:mediahome:-:*:*:*:*:*:*:*,C00AF636-8088-4964-93E9-BE1F3F9ED5D7,2007-09-14T17:36:49.090
Nero MediaHome CE,Application,Nero,Mediahome Ce,-,,cpe:2.3:a:nero:mediahome_ce:-:*:*:*:*:*:*:*,3AD0F507-A891-4BFC-9D35-7455121E62A9,2007-09-14T17:36:49.090
Nero NeroNET,Application,Nero,Neronet,-,,cpe:2.3:a:nero:neronet:-:*:*:*:*:*:*:*,EC4310CE-D622-4A09-9753-7A4DE8A6B931,2007-09-14T17:36:49.090
Netapp Netcache,Application,Netapp,Netcache,-,,cpe:2.3:a:netapp:netcache:-:*:*:*:*:*:*:*,531A8CAD-161C-44D3-A7D5-9F72B460465B,2007-09-14T17:36:49.090
Netapp ONTAP,Application,Netapp,Data Ontap,-,,cpe:2.3:a:netapp:data_ontap:-:*:*:*:*:*:*:*,67C26140-FFB3-4600-BF84-D909A07E5992,2008-04-01T16:39:55.767
Netapp Virtual File Mangement,Application,Netapp,Virtual File Mangemer,-,,cpe:2.3:a:netapp:virtual_file_mangemer:-:*:*:*:*:*:*:*,8C3596FA-3D01-4A9E-A223-4FC29C612692,2008-04-01T16:39:56.033
NetBSD,Operating System,Netbsd,Netbsd,-,,cpe:2.3:o:netbsd:netbsd:-:*:*:*:*:*:*:*,81E826EE-4662-4C87-A215-403E8E9E6F70,2011-08-30T13:57:52.453
NetBSD umapfs,Application,Netbsd,Umapfs,-,,cpe:2.3:a:netbsd:umapfs:-:*:*:*:*:*:*:*,18E631F6-9123-4B40-ACD8-812F01133FBE,2007-09-14T17:36:49.090
NetGear MA521 Wireless Driver,Application,Netgear,Ma521 Driver,-,,cpe:2.3:a:netgear:ma521_driver:-:*:*:*:*:*:*:*,D88A5B19-761C-499F-BA61-E1918D3D792B,2008-04-01T16:16:03.500
NetGear WG111v2.SYS driver,Application,Netgear,Wg111V2 Driver,-,,cpe:2.3:a:netgear:wg111v2_driver:-:*:*:*:*:*:*:*,6F81CD66-B6E9-4E40-B309-B99C4641F317,2008-04-01T16:16:04.607
Netopsystem Adobe Reader,Application,Netopsystem,Fead Optimizer,-,,cpe:2.3:a:netopsystem:fead_optimizer:-:*:*:*:*:*:*:*,B44BDF43-8E78-4014-B42E-868879B66225,2008-04-01T16:16:05.017
Netscape Certificate Management System,Application,Netscape,Certificate Management System,-,,cpe:2.3:a:netscape:certificate_management_system:-:*:*:*:*:*:*:*,9100A57B-1926-44AC-9E2B-B64993770989,2007-09-14T17:36:49.090
Netscape Certificate Server,Application,Netscape,Certificate Server,-,,cpe:2.3:a:netscape:certificate_server:-:*:*:*:*:*:*:*,3EA7DDA9-9BCE-4914-AEF2-7D42850DE9D7,2007-09-14T17:36:49.090
Netscape Collabra Server,Application,Netscape,Collabra Server,-,,cpe:2.3:a:netscape:collabra_server:-:*:*:*:*:*:*:*,01907337-86FE-4EB9-9A98-31C8621F62C7,2007-09-14T17:36:49.090
Netscape Communicator,Application,Netscape,Communicator,-,,cpe:2.3:a:netscape:communicator:-:*:*:*:*:*:*:*,99E5025E-CC1A-4BA3-81D1-2BE17135292A,2007-09-14T17:36:49.090
Netscape Enterprise Server,Application,Netscape,Enterprise Server,-,,cpe:2.3:a:netscape:enterprise_server:-:*:*:*:*:*:*:*,F01237CD-0E76-411B-9060-A0CB8664CD51,2007-09-14T17:36:49.090
Netscape FastTrack,Application,Netscape,Fasttrack Server,-,,cpe:2.3:a:netscape:fasttrack_server:-:*:*:*:*:*:*:*,09ADFD95-1D06-4CB4-B939-74A1E61AAEF3,2008-04-01T16:39:57.157
Netscape iCal,Application,Netscape,Iplanet Ical,-,,cpe:2.3:a:netscape:iplanet_ical:-:*:*:*:*:*:*:*,957ED5D2-5E04-47BB-862B-5F7664D71EA0,2008-04-01T16:39:57.533
Netscape Messanger,Application,Netscape,Messanger,-,,cpe:2.3:a:netscape:messanger:-:*:*:*:*:*:*:*,49AC4A5E-29FD-42F0-8221-ED8AEE4091C5,2007-09-14T17:36:49.090
Netscape Messenging Server,Application,Netscape,Messenging Server,-,,cpe:2.3:a:netscape:messenging_server:-:*:*:*:*:*:*:*,CF9A3502-506A-4F76-8DDA-9938030CC29A,2007-09-14T17:36:49.090
Netscape Navigator,Application,Netscape,Navigator,-,,cpe:2.3:a:netscape:navigator:-:*:*:*:*:*:*:*,A57D5444-5C42-43E8-8236-19869C8E6B63,2007-09-14T17:36:49.090
Netscape Netscape Commerce Server,Application,Netscape,Commerce Server,-,,cpe:2.3:a:netscape:commerce_server:-:*:*:*:*:*:*:*,F7A2241F-8AAF-48C0-A8C4-A8D2F160275A,2008-04-01T16:39:59.687
Netscape Netscape Communications Server,Application,Netscape,Communications Server,-,,cpe:2.3:a:netscape:communications_server:-:*:*:*:*:*:*:*,57BC155C-B556-4D21-8EA8-FD6A28B4684C,2008-04-01T16:39:59.877
Netscape Netscape Directory Server,Application,Netscape,Directory Server,-,,cpe:2.3:a:netscape:directory_server:-:*:*:*:*:*:*:*,346381CB-C6FE-446F-9012-AEE8DDD2170E,2008-04-01T16:40:01.187
Netscape Netscape Messaging Server,Application,Netscape,Messaging Server,-,,cpe:2.3:a:netscape:messaging_server:-:*:*:*:*:*:*:*,1349E793-4A6C-4499-89D3-A65D93052ADE,2008-04-01T16:40:04.597
Netscape Netscape Messaging Server + Multiplexor,Application,Netscape,Netscape Messaging Server Multiplexor,-,,cpe:2.3:a:netscape:netscape_messaging_server_multiplexor:-:*:*:*:*:*:*:*,86E5F993-CF77-4167-BD00-F2CC0CADA7E5,2008-04-01T16:40:05.080
Netscape Netscape Proxy Server,Application,Netscape,Proxy Server,-,,cpe:2.3:a:netscape:proxy_server:-:*:*:*:*:*:*:*,7E141BC1-451F-4B0A-B557-916BA31CA742,2008-04-01T16:40:05.267
Netscape News Server,Application,Netscape,News Server,-,,cpe:2.3:a:netscape:news_server:-:*:*:*:*:*:*:*,593BD7B4-A350-4D9E-A6E3-336EAA657BD7,2007-09-14T17:36:49.090
Netscape NSPR API,Application,Netscape,Portable Runtime Api,-,,cpe:2.3:a:netscape:portable_runtime_api:-:*:*:*:*:*:*:*,CE704180-4894-4662-8F7D-156C297A03A2,2008-04-01T16:40:05.533
Netscape Personalization Engine,Application,Netscape,Personalization Engine,-,,cpe:2.3:a:netscape:personalization_engine:-:*:*:*:*:*:*:*,0A76629D-8292-4FE0-8875-7A97A3F0F484,2007-09-14T17:36:49.090
Netscape Professional Services FTPServer,Application,Netscape,Professional Services Ftpserver,-,,cpe:2.3:a:netscape:professional_services_ftpserver:-:*:*:*:*:*:*:*,63AB31D4-6CBF-4763-86BF-E91B512DF30B,2007-09-14T17:36:49.090
Netscape PublishingXpert,Application,Netscape,Publishingxpert,-,,cpe:2.3:a:netscape:publishingxpert:-:*:*:*:*:*:*:*,4465ED2B-C369-4D65-A579-6AA1404CF79F,2007-09-14T17:36:49.090
Netscape SmartDownload,Application,Netscape,Smartdownload,-,,cpe:2.3:a:netscape:smartdownload:-:*:*:*:*:*:*:*,04B81CA3-9D5B-41FD-A548-75D50F898935,2007-09-14T17:36:49.090
NetScout CDM Agent Firmware,Application,Netscout,Cdm Agent Firmware Maintenance Release,-,,cpe:2.3:a:netscout:cdm_agent_firmware_maintenance_release:-:*:*:*:*:*:*:*,0D820772-5630-44FA-9D34-3C781A7AA6FC,2008-04-01T16:40:05.923
NetScout nGenius Performance Manager,Application,Netscout,Ngenius Performance Manager,-,,cpe:2.3:a:netscout:ngenius_performance_manager:-:*:*:*:*:*:*:*,7739CC50-8305-4C50-ADD9-19961FC66759,2007-09-14T17:36:49.090
NetScout nGenius Trace Analyzer Integrator,Application,Netscout,Ngenius Trace Analyzer Integrator,-,,cpe:2.3:a:netscout:ngenius_trace_analyzer_integrator:-:*:*:*:*:*:*:*,7B21AA7A-3BAD-4770-AADC-DF23E0F25EF1,2007-09-14T17:36:49.090
NFSen NFSen,Application,Nfsen,Nfsen,-,,cpe:2.3:a:nfsen:nfsen:-:*:*:*:*:*:*:*,E8CA0C5E-BEA5-4451-A20A-28585CC5E40B,2007-09-14T17:36:49.090
Nokia Affix,Application,Nokia,Affix,-,,cpe:2.3:a:nokia:affix:-:*:*:*:*:*:*:*,8FA43A7F-2A70-4FB4-8599-1AC0F07757A0,2007-09-14T17:36:49.090
Nokia GGSN,Application,Nokia,Ggsn,-,,cpe:2.3:a:nokia:ggsn:-:*:*:*:*:*:*:*,09425A1E-63CA-4CF6-A5B8-30AC22C80657,2007-09-14T17:36:49.090
Nokia Groupwise Mobile Server,Application,Nokia,Groupwise Mobile Server,-,,cpe:2.3:a:nokia:groupwise_mobile_server:-:*:*:*:*:*:*:*,6A1A70BF-4E95-4A76-8FAA-AE46AA405D21,2007-09-14T17:36:49.090
Nokia Intellisync Mobile Suite,Application,Nokia,Intellisync Mobile Suite,-,,cpe:2.3:a:nokia:intellisync_mobile_suite:-:*:*:*:*:*:*:*,C767A179-7828-4325-947A-91C0DCAE0163,2007-09-14T17:36:49.090
Nokia Intellisync Wireless Email Express,Application,Nokia,Intellisync Wireless Email Express,-,,cpe:2.3:a:nokia:intellisync_wireless_email_express:-:*:*:*:*:*:*:*,633E1BA3-383E-412C-936B-56877626ED3B,2007-09-14T17:36:49.090
Nokia IPSO,Operating System,Nokia,Ipso,-,,cpe:2.3:o:nokia:ipso:-:*:*:*:*:*:*:*,9752045C-8CF8-4F0A-98A6-D76E9B7FFF08,2007-09-14T17:36:49.090
Nokia Nokia Electronic Documentation,Application,Nokia,Electronic Documentation,-,,cpe:2.3:a:nokia:electronic_documentation:-:*:*:*:*:*:*:*,4C757041-6D2D-4760-B59D-DC82467AEF34,2008-04-01T16:16:06.530
Nokia Nokia Symbian 60 Browser,Application,Nokia,Symbian S60 Browser,-,,cpe:2.3:a:nokia:symbian_s60_browser:-:*:*:*:*:*:*:*,239B688F-E4A9-4CAF-BD9B-AECDA533AB8F,2008-04-01T16:16:06.717
Nokia SGSN DX200,Application,Nokia,Sgsn Dx200,-,,cpe:2.3:a:nokia:sgsn_dx200:-:*:*:*:*:*:*:*,9B0FBF1C-136D-429B-A194-6B43BC750942,2007-09-14T17:36:49.090
Nortel Business Communications Manager,Application,Nortel,Business Communications Manager,-,,cpe:2.3:a:nortel:business_communications_manager:-:*:*:*:*:*:*:*,155E6179-B734-47D1-A9D1-4FAC51241D79,2007-09-14T17:36:49.090
Nortel CallPilot,Application,Nortel,Callpilot,-,,cpe:2.3:a:nortel:callpilot:-:*:*:*:*:*:*:*,91012889-1F05-4D3C-B599-67EDDCBCD29E,2007-09-14T17:36:49.090
Nortel CallPilot Server,Application,Nortel,Callpilot Server,-,,cpe:2.3:a:nortel:callpilot_server:-:*:*:*:*:*:*:*,C0D7BA68-3F5E-4335-92FE-370CB652E4B1,2007-09-14T17:36:49.090
Nortel Communications Server,Application,Nortel,Communications Server,-,,cpe:2.3:a:nortel:communications_server:-:*:*:*:*:*:*:*,7D684EE8-AAB0-436B-A0B4-52905D39E97D,2008-04-01T16:40:07.813
Nortel Conact Center,Application,Nortel,Contact Center,-,,cpe:2.3:a:nortel:contact_center:-:*:*:*:*:*:*:*,A86B3AE5-A7CC-4CE2-A246-1D076033410E,2008-04-01T16:40:08.330
Nortel Media Processing Server,Application,Nortel,Media Processing Server,-,,cpe:2.3:a:nortel:media_processing_server:-:*:*:*:*:*:*:*,E2B22F38-2429-4C9F-BA01-8ABFF3B0AA06,2008-04-01T16:40:09.143
Nortel Meridian Mail,Application,Nortel,Meridian Mail,-,,cpe:2.3:a:nortel:meridian_mail:-:*:*:*:*:*:*:*,7C823BB7-6CE7-4060-8C58-A2F7D1BD3C54,2007-09-14T17:36:49.090
Nortel Net Direct client,Application,Nortel,Net Direct Client,-,,cpe:2.3:a:nortel:net_direct_client:-:*:*:*:*:*:*:*,7E4A267F-742D-4E81-A762-45EA1509A40E,2007-09-14T17:36:49.090
Nortel Optivity NETarchitect,Application,Nortel,Optivity Net Architect,-,,cpe:2.3:a:nortel:optivity_net_architect:-:*:*:*:*:*:*:*,3CDC30B6-855E-4AA2-B094-E3B0856FA784,2008-04-01T16:40:10.453
Nortel Optivity Telephony Manager (OTM),Application,Nortel,Optivity Telephony Manager,-,,cpe:2.3:a:nortel:optivity_telephony_manager:-:*:*:*:*:*:*:*,08B0CDF7-D84C-4290-89EB-83F26F078941,2008-04-01T16:40:10.627
Nortel PC Client SIP Soft Phone,Application,Nortel,Pc Client Soft Phone Sip,-,,cpe:2.3:a:nortel:pc_client_soft_phone_sip:-:*:*:*:*:*:*:*,7812124F-330C-490C-BD73-A3824FCD3CB8,2008-04-01T16:40:10.750
Nortel Periphonics,Application,Nortel,Periphonics,-,,cpe:2.3:a:nortel:periphonics:-:*:*:*:*:*:*:*,5EBF4E18-4390-4E47-8CB7-B22E6759A02D,2007-09-14T17:36:49.090
Nortel SIP softphone,Application,Nortel,Sip Softphone,-,,cpe:2.3:a:nortel:sip_softphone:-:*:*:*:*:*:*:*,B292C581-4258-4C04-AB9F-6CE8C0433903,2007-09-14T17:36:49.090
Nortel SSL VPN,Application,Nortel,Ssl Vpn,-,,cpe:2.3:a:nortel:ssl_vpn:-:*:*:*:*:*:*:*,2F5E45C5-3EB9-4F33-BE39-3F553D57BACA,2007-09-14T17:36:49.090
Nortel Symposium Agent,Application,Nortel,Symposium Agent,-,,cpe:2.3:a:nortel:symposium_agent:-:*:*:*:*:*:*:*,97D01284-F0D1-4BD1-9699-194765CB633B,2007-09-14T17:36:49.090
Nortel Symposium Network Control Center (NCC),Application,Nortel,Symposium Network Control Center,-,,cpe:2.3:a:nortel:symposium_network_control_center:-:*:*:*:*:*:*:*,4B601482-F396-49DE-9179-71722618144C,2008-04-01T16:40:12.000
Nortel Symposium TAPI Service Provider,Application,Nortel,Symposium Tapi Service Provider,-,,cpe:2.3:a:nortel:symposium_tapi_service_provider:-:*:*:*:*:*:*:*,F3ECA991-51C3-4A25-B8ED-2243DCA1E0FA,2007-09-14T17:36:49.090
Nortel Symposium Web Center Portal (SWCP),Application,Nortel,Symposium Web Centre Portal,-,,cpe:2.3:a:nortel:symposium_web_centre_portal:-:*:*:*:*:*:*:*,4094046B-FD29-45F2-8C3B-A90D8F132EB9,2008-04-01T16:40:12.157
Nortel Symposium Web Client,Application,Nortel,Symposium Web Client,-,,cpe:2.3:a:nortel:symposium_web_client:-:*:*:*:*:*:*:*,1E5B7709-1CBE-472B-AE3E-BACAFF1123D6,2007-09-14T17:36:49.090
Novell Access Manager,Application,Novell,Access Manager,-,,cpe:2.3:a:novell:access_manager:-:*:*:*:*:*:*:*,05BBD061-3174-4E71-99EB-4483D36B5A7A,2007-09-14T17:36:49.090
Novell BorderManager,Application,Novell,Bordermanager,-,,cpe:2.3:a:novell:bordermanager:-:*:*:*:*:*:*:*,0E8175C9-2D32-4B79-8EFD-036979C7658C,2007-09-14T17:36:49.090
Novell eDirectory,Application,Novell,Edirectory,-,,cpe:2.3:a:novell:edirectory:-:*:*:*:*:*:*:*,EB02EB52-B272-4DA6-BBEF-D8C746ADDA60,2007-09-14T17:36:49.090
Novell eMFrame,Application,Novell,Emframe,-,,cpe:2.3:a:novell:emframe:-:*:*:*:*:*:*:*,37948AF7-886F-4319-AC70-6F5CC279C8C7,2007-09-14T17:36:49.090
Novell exteNd Director,Application,Novell,Extend Director,-,,cpe:2.3:a:novell:extend_director:-:*:*:*:*:*:*:*,B375681E-1F0C-49D4-8008-7CD4B003E7F7,2007-09-14T17:36:49.090
Novell Groupwise,Application,Novell,Groupwise,-,,cpe:2.3:a:novell:groupwise:-:*:*:*:*:*:*:*,5FAC4C29-8E69-4B1B-8B43-9FF962ABD18E,2007-09-14T17:36:49.090
Novell GroupWise Enhancement Pack,Application,Novell,Groupwise Enhancement Pack,-,,cpe:2.3:a:novell:groupwise_enhancement_pack:-:*:*:*:*:*:*:*,278758A4-3782-4355-AF18-C4ABA847EE5E,2007-09-14T17:36:49.090
Novell GroupWise Messenger,Application,Novell,Groupwise Messenger,-,,cpe:2.3:a:novell:groupwise_messenger:-:*:*:*:*:*:*:*,4057B09B-A918-4804-8AD4-5E14DC02A9FC,2007-09-14T17:36:49.090
Novell GroupWise WebAccess,Application,Novell,Groupwise Webaccess,-,,cpe:2.3:a:novell:groupwise_webaccess:-:*:*:*:*:*:*:*,B0B33088-F443-4257-B13D-DEB29707A163,2007-09-14T17:36:49.090
Novell iChain,Application,Novell,Ichain,-,,cpe:2.3:a:novell:ichain:-:*:*:*:*:*:*:*,6DACE895-7B9D-4927-B45F-C010997DEA0D,2007-09-14T17:36:49.090
Novell iManager,Application,Novell,Imanager,-,,cpe:2.3:a:novell:imanager:-:*:*:*:*:*:*:*,19161780-D345-42C0-9BD0-D4987B63C45C,2007-09-14T17:36:49.090
Novell iMonitor,Application,Novell,Imonitor,-,,cpe:2.3:a:novell:imonitor:-:*:*:*:*:*:*:*,7F1243D2-4752-4663-915E-F1266F21D853,2007-09-14T17:36:49.090
Novell Linux Desktop,Operating System,Novell,Linux Desktop,-,,cpe:2.3:o:novell:linux_desktop:-:*:*:*:*:*:*:*,2FA6951D-FAC9-4EB0-9700-91CB143FF23C,2008-04-01T16:40:17.987
Novell NetMail,Application,Novell,Netmail,-,,cpe:2.3:a:novell:netmail:-:*:*:*:*:*:*:*,EC902099-944C-43D6-94FD-19D10710F94A,2007-09-14T17:36:49.090
Novell NetMail XE,Application,Novell,Netmail Xe,-,,cpe:2.3:a:novell:netmail_xe:-:*:*:*:*:*:*:*,220A555D-497F-41B2-9F72-3275074C4D64,2007-09-14T17:36:49.090
Novell NetWare,Operating System,Novell,Netware,-,,cpe:2.3:o:novell:netware:-:*:*:*:*:*:*:*,291EAE95-F7DE-41C1-9238-A6C0F7E46CB1,2007-09-14T17:36:49.090
Novell Netware Client,Application,Novell,Netware Client,-,,cpe:2.3:a:novell:netware_client:-:*:*:*:*:*:*:*,8A797734-5A96-4ED0-8E02-8433B425F205,2008-04-01T16:40:18.783
Novell Netware Enterprise Web Server,Application,Novell,Netware Enterprise Web Server,-,,cpe:2.3:a:novell:netware_enterprise_web_server:-:*:*:*:*:*:*:*,C33B5B47-1A87-482D-B779-CBC4E5A19221,2008-04-01T16:40:19.313
Novell Netware FTP Server,Application,Novell,Netware Ftp Server,-,,cpe:2.3:a:novell:netware_ftp_server:-:*:*:*:*:*:*:*,7B401647-DF80-4A88-8465-8555501FDDF7,2007-09-14T17:36:49.090
Novell Novell Access Manager Identity Server,Application,Novell,Access Manager Identity Server,-,,cpe:2.3:a:novell:access_manager_identity_server:-:*:*:*:*:*:*:*,4337A380-72E8-450A-BAB8-4558CCF3DE2D,2008-04-01T16:40:20.283
Novell Novell Client Firewall,Application,Novell,Client Firewall,-,,cpe:2.3:a:novell:client_firewall:-:*:*:*:*:*:*:*,41D441B1-D5DA-47EC-BEBC-C315534C8F09,2008-04-01T16:40:22.080
Novell Novell Identity Manager,Application,Novell,Identity Manager,-,,cpe:2.3:a:novell:identity_manager:-:*:*:*:*:*:*:*,BEF17EB9-0B0B-43A3-A44A-7E69D8FE5B17,2008-04-01T16:40:22.253
Novell Novell Internet Messaging System,Application,Novell,Internet Messaging System,-,,cpe:2.3:a:novell:internet_messaging_system:-:*:*:*:*:*:*:*,603C17DC-74B6-41E2-8912-25021ED12951,2008-04-01T16:40:22.550
Novell Novell Modular Authentication Service,Application,Novell,Modular Authentication Service,-,,cpe:2.3:a:novell:modular_authentication_service:-:*:*:*:*:*:*:*,22822DA2-63D0-401C-BCD2-0F6AA15C29B2,2008-04-01T16:40:22.783
Novell Novell SecureLogin,Application,Novell,Securelogin,-,,cpe:2.3:a:novell:securelogin:-:*:*:*:*:*:*:*,33BDCEBC-ECEE-48F5-ACDF-BD46BA8AAE74,2008-04-01T16:40:22.957
Novell Novell Web Server,Application,Novell,Web Server,-,,cpe:2.3:a:novell:web_server:-:*:*:*:*:*:*:*,8B1DBAB1-7119-44B2-AF5B-D3856CD8A61C,2008-04-01T16:40:23.143
Novell Novell-HTTP-Server,Application,Novell,Http Server,-,,cpe:2.3:a:novell:http_server:-:*:*:*:*:*:*:*,2D11F758-D534-40B6-BF7E-68975ECD9180,2008-04-01T16:40:20.047
Novell Nsure Audit,Application,Novell,Nsure Audit,-,,cpe:2.3:a:novell:nsure_audit:-:*:*:*:*:*:*:*,59D47643-C8E0-450A-B3E7-FE650F6B20A7,2007-09-14T17:36:49.090
Novell Small Business Suite,Application,Novell,Small Business Suite,-,,cpe:2.3:a:novell:small_business_suite:-:*:*:*:*:*:*:*,28B157CD-5230-4856-83D3-BF4B256B1C86,2007-09-14T17:36:49.090
Novell suse linux,Operating System,Novell,Suse Linux,-,,cpe:2.3:o:novell:suse_linux:-:*:*:*:*:*:*:*,50D9EE73-5B1A-4644-BD04-08490AD14B93,2007-09-14T17:36:49.090
Novell UnixWare,Operating System,Novell,Unixware,-,,cpe:2.3:o:novell:unixware:-:*:*:*:*:*:*:*,162B0A0B-BB24-435D-923D-E7D5BADF5AC3,2007-09-14T17:36:49.090
Novell Web Search,Application,Novell,Web Search,-,,cpe:2.3:a:novell:web_search:-:*:*:*:*:*:*:*,522A8297-C19A-4795-B27C-F0E77CBCF43A,2007-09-14T17:36:49.090
Novell Web Server Examples Toolkit,Application,Novell,Web Server Examples Toolkit,-,,cpe:2.3:a:novell:web_server_examples_toolkit:-:*:*:*:*:*:*:*,E611783F-CD3A-446B-9A60-D929AFE25667,2007-09-14T17:36:49.090
Novell ZENworks,Application,Novell,Zenworks,-,,cpe:2.3:a:novell:zenworks:-:*:*:*:*:*:*:*,FBF8C671-80F2-439A-8AF9-8C39E2501300,2007-09-14T17:36:49.090
Novell ZENworks Asset Management,Application,Novell,Zenworks Asset Management,-,,cpe:2.3:a:novell:zenworks_asset_management:-:*:*:*:*:*:*:*,4E37ACC4-5318-4FB1-A98B-6D054A68B233,2007-09-14T17:36:49.090
Novell ZENworks Desktop Management,Application,Novell,Zenworks Desktop Management,-,,cpe:2.3:a:novell:zenworks_desktop_management:-:*:*:*:*:*:*:*,67BE1808-F0FB-441D-A3F4-583D07D2E349,2007-09-14T17:36:49.090
Novell ZENworks for Desktops,Application,Novell,Zenworks Desktops,-,,cpe:2.3:a:novell:zenworks_desktops:-:*:*:*:*:*:*:*,D0B4AFAF-96E0-4463-A97B-F96BE7E7614A,2008-04-01T16:40:23.970
Novell ZENworks for Servers,Application,Novell,Zenworks Servers,-,,cpe:2.3:a:novell:zenworks_servers:-:*:*:*:*:*:*:*,8A6EB8B8-F015-46D9-87B6-D450C7F40916,2008-04-01T16:40:24.253
Novell ZENworks Patch Management Server,Application,Novell,Zenworks Patch Management Server,-,,cpe:2.3:a:novell:zenworks_patch_management_server:-:*:*:*:*:*:*:*,F754F99A-46C2-419A-A537-E1FE1D06D77D,2007-09-14T17:36:49.090
Novell ZENworks Remote Management,Application,Novell,Zenworks Remote Management,-,,cpe:2.3:a:novell:zenworks_remote_management:-:*:*:*:*:*:*:*,CC25ADAE-9AF0-4F94-95B5-D511926093A5,2007-09-14T17:36:49.090
Novell ZENworks Server Management,Application,Novell,Zenworks Server Management,-,,cpe:2.3:a:novell:zenworks_server_management:-:*:*:*:*:*:*:*,AD98739E-4BFE-4A6F-8E14-8E9E41FEE7A0,2007-09-14T17:36:49.090
OpenBSD ftpd,Application,Openbsd,Ftpd,-,,cpe:2.3:a:openbsd:ftpd:-:*:*:*:*:*:*:*,036E8039-8FA4-45A3-BE88-1FBDDA6A7DA9,2007-09-14T17:36:49.090
OpenBSD,Operating System,Openbsd,Openbsd,-,,cpe:2.3:o:openbsd:openbsd:-:*:*:*:*:*:*:*,852E6EE2-EAA8-42DB-BAF8-F6B34B80192D,2011-08-30T14:03:22.313
OpenBSD OpenSSH,Application,Openbsd,Openssh,-,,cpe:2.3:a:openbsd:openssh:-:*:*:*:*:*:*:*,6D0F7855-D4B9-4CBA-8CE7-C1E180B0E6C0,2007-09-14T17:36:49.090
OpenPKG,Application,Openpkg,Openpkg,-,,cpe:2.3:a:openpkg:openpkg:-:*:*:*:*:*:*:*,075F8868-62EA-4CCB-8AAF-4097B33F3414,2009-06-03T19:42:29.670
OpenSSL Project OpenSSL,Application,Openssl,Openssl,-,,cpe:2.3:a:openssl:openssl:-:*:*:*:*:*:*:*,FEE7DC6B-6311-4D2D-BDEA-F1D2194E31A0,2008-03-25T19:16:28.273
OpenVPN,Application,Openvpn,Openvpn,-,,cpe:2.3:a:openvpn:openvpn:-:*:*:*:*:*:*:*,0017635A-30DF-47B7-B235-7F49FCAAD639,2011-03-04T17:47:05.890
Oracle PeopleSoft Enterprise 8.22,Application,Oracle,Peoplesoft Enterprise,8.22,,cpe:2.3:a:oracle:peoplesoft_enterprise:8.22:*:*:*:*:*:*:*,4CEE51A2-D528-43EB-8ED2-3570E879BEF8,2011-04-25T13:11:03.657
Oracle APEX HTMLDB,Application,Oracle,Apex,-,,cpe:2.3:a:oracle:apex:-:*:*:*:*:*:*:*,96B34FB5-5C4C-41A1-9AD3-17098BF0593E,2008-04-01T16:40:27.457
Oracle Application Server,Application,Oracle,Application Server,-,,cpe:2.3:a:oracle:application_server:-:*:*:*:*:*:*:*,3099821B-A6FE-4F53-9D70-2F8AFB974C71,2009-10-22T19:30:28.280
Oracle Application Server Portal 10g,Application,Oracle,Application Server Portal,-,,cpe:2.3:a:oracle:application_server_portal:-:*:*:*:*:*:*:*,D19F5040-CF4E-444D-BBD6-C9D7D7998F09,2008-04-01T16:40:31.207
Oracle Collaboration Suite,Application,Oracle,Collaboration Suite,-,,cpe:2.3:a:oracle:collaboration_suite:-:*:*:*:*:*:*:*,89ECA15F-DBB4-4020-A32C-7DA7300E9C18,2007-09-14T17:36:49.090
Oracle Configurator,Application,Oracle,Configurator,-,,cpe:2.3:a:oracle:configurator:-:*:*:*:*:*:*:*,4D72DE30-097C-45CE-AF1B-6DCDE6E37C61,2007-09-14T17:36:49.090
Oracle CorporateTime Outlook Connector,Application,Oracle,Corporate Time Outlook Connector,-,,cpe:2.3:a:oracle:corporate_time_outlook_connector:-:*:*:*:*:*:*:*,48F344D0-8335-46C2-94F4-05325C387674,2008-04-01T16:40:33.877
Oracle Data Provider for .NET,Application,Oracle,Data Provider .Net,-,,cpe:2.3:a:oracle:data_provider_.net:-:*:*:*:*:*:*:*,8021B27D-E069-42C7-BA25-0F6A98C4BA65,2009-11-25T18:26:04.183
Oracle Database Assistant,Application,Oracle,Database Assistant,-,,cpe:2.3:a:oracle:database_assistant:-:*:*:*:*:*:*:*,7195EC96-B8CB-489C-8F9A-87CD716A6657,2007-09-14T17:36:49.090
Oracle Database Server,Application,Oracle,Database Server,-,,cpe:2.3:a:oracle:database_server:-:*:*:*:*:*:*:*,0B640B46-B1C9-4CD0-BFCA-25ED04165999,2012-05-10T15:28:50.613
Oracle Developer Suite,Application,Oracle,Developer Suite,-,,cpe:2.3:a:oracle:developer_suite:-:*:*:*:*:*:*:*,E2A1B8B1-04B5-4C21-BE3F-6EFEA5A0E0D6,2007-09-14T17:36:49.090
Oracle Diagnostics,Application,Oracle,Diagnostics,-,,cpe:2.3:a:oracle:diagnostics:-:*:*:*:*:*:*:*,182D6961-D430-4647-A2F8-97EF12662ADC,2007-09-14T17:36:49.090
Oracle E-Business Suite,Application,Oracle,E-Business Suite,-,,cpe:2.3:a:oracle:e-business_suite:-:*:*:*:*:*:*:*,B7AC263B-DFAC-4604-B7E0-09C131F64C59,2007-09-14T17:36:49.090
Oracle Enterprise Manager,Application,Oracle,Enterprise Manager,-,,cpe:2.3:a:oracle:enterprise_manager:-:*:*:*:*:*:*:*,37D311F3-FE32-4A23-80E8-CE7F62AB64F2,2007-09-14T17:36:49.090
Oracle Enterprise Manager Application Server Control,Application,Oracle,Enterprise Manager Application Server Control,-,,cpe:2.3:a:oracle:enterprise_manager_application_server_control:-:*:*:*:*:*:*:*,96E0F664-83BE-4678-9EDE-54DD25D837F7,2007-09-14T17:36:49.090
Oracle Enterprise Manager Database Control,Application,Oracle,Enterprise Manager Database Control,-,,cpe:2.3:a:oracle:enterprise_manager_database_control:-:*:*:*:*:*:*:*,D31F9FC3-9494-492A-B664-A65B0A4790A2,2007-09-14T17:36:49.090
Oracle Enterprise Manager Grid Control,Application,Oracle,Enterprise Manager Grid Control,-,,cpe:2.3:a:oracle:enterprise_manager_grid_control:-:*:*:*:*:*:*:*,31E4E78D-81AE-45C5-BF57-9D28787231DE,2007-09-14T17:36:49.090
Oracle EnterpriseOne,Application,Oracle,Enterpriseone,-,,cpe:2.3:a:oracle:enterpriseone:-:*:*:*:*:*:*:*,1EB6E6F0-FBB8-408D-85EC-3335268F3230,2007-09-14T17:36:49.090
Oracle Formsbuilder,Application,Oracle,Formsbuilder,-,,cpe:2.3:a:oracle:formsbuilder:-:*:*:*:*:*:*:*,AB39234F-05A7-4F7B-A50A-5DD69CD469F0,2007-09-14T17:36:49.090
Oracle HTML DB,Application,Oracle,Html Db,-,,cpe:2.3:a:oracle:html_db:-:*:*:*:*:*:*:*,2D702736-84BB-46C9-8CD5-AE64347280FB,2007-09-14T17:36:49.090
Oracle Human Capital Management,Application,Oracle,Human Capital Management,-,,cpe:2.3:a:oracle:human_capital_management:-:*:*:*:*:*:*:*,E8837B4B-F4D2-4643-96C0-EF091F39D61D,2007-09-14T17:36:49.090
Oracle Identity Management 10g,Application,Oracle,Identity Management 10G,-,,cpe:2.3:a:oracle:identity_management_10g:-:*:*:*:*:*:*:*,58379DEC-603E-4B0C-B05E-B28F97708512,2007-09-14T17:36:49.090
Oracle Internet Directory,Application,Oracle,Internet Directory,-,,cpe:2.3:a:oracle:internet_directory:-:*:*:*:*:*:*:*,EBBE6A7C-FB2A-475F-AF0A-D6E4023D5D95,2007-09-14T17:36:49.090
Oracle JDeveloper,Application,Oracle,Jdeveloper,-,,cpe:2.3:a:oracle:jdeveloper:-:*:*:*:*:*:*:*,DA030834-AB8E-4148-B1BF-3D9341E2DC64,2007-09-14T17:36:49.090
Oracle JServer,Application,Oracle,Jserver,-,,cpe:2.3:a:oracle:jserver:-:*:*:*:*:*:*:*,E950FB26-17FD-4714-AB9C-BF6692D0EF81,2007-09-14T17:36:49.090
Oracle JSP,Application,Oracle,Jsp,-,,cpe:2.3:a:oracle:jsp:-:*:*:*:*:*:*:*,FED49AB3-FE53-4ED1-AE6A-A017C38E3E7B,2007-09-14T17:36:49.090
Oracle listener,Application,Oracle,Listener,-,,cpe:2.3:a:oracle:listener:-:*:*:*:*:*:*:*,9F68E5A8-7323-43A2-B2A7-D1C67503C8D3,2011-01-12T14:35:58.240
Oracle Oracle Application Server Discussion Forum Portlet,Application,Oracle,Application Server Discussion Forum Portlet,-,,cpe:2.3:a:oracle:application_server_discussion_forum_portlet:-:*:*:*:*:*:*:*,4ADFB3E7-C994-4066-ACE8-6EECC4A82302,2008-04-01T16:40:54.830
Oracle Oracle Applications,Application,Oracle,Applications,-,,cpe:2.3:a:oracle:applications:-:*:*:*:*:*:*:*,D0ECE572-9312-4368-B8CE-603777982771,2008-04-01T16:40:54.987
Oracle Oracle Clinical,Application,Oracle,Clinical,-,,cpe:2.3:a:oracle:clinical:-:*:*:*:*:*:*:*,5170DF72-FB4E-44F7-AB8F-A3FFFECAC2EE,2008-04-01T16:40:55.283
Oracle Oracle Exchange,Application,Oracle,Exchange,-,,cpe:2.3:a:oracle:exchange:-:*:*:*:*:*:*:*,A0B219D3-186E-404F-BDA5-7E0E5CB67FE2,2008-04-01T16:41:04.660
Oracle Oracle Forms,Application,Oracle,Forms,-,,cpe:2.3:a:oracle:forms:-:*:*:*:*:*:*:*,9575888D-FD5C-48E8-B512-3DEA5B204A64,2008-04-01T16:41:04.880
Oracle HTTP Server,Application,Oracle,Http Server,-,,cpe:2.3:a:oracle:http_server:-:*:*:*:*:*:*:*,D473C11B-5708-4ECA-B293-52FABEF6EA32,2009-06-03T19:42:31.017
Oracle Oracle Reports,Application,Oracle,Reports,-,,cpe:2.3:a:oracle:reports:-:*:*:*:*:*:*:*,83F059BA-05EE-4E60-8F72-FBA8C97637ED,2008-04-01T16:41:09.300
Oracle Oracle10g Enterprise Manager Database Control,Application,Oracle,10G Enterprise Manager Database Control,-,,cpe:2.3:a:oracle:10g_enterprise_manager_database_control:-:*:*:*:*:*:*:*,203BEE61-5F4C-4E2F-96EE-72A262BBE112,2008-04-01T16:41:22.083
Oracle Oracle10g Enterprise Manager Grid Control,Application,Oracle,10G Enterprise Manager Grid Control,-,,cpe:2.3:a:oracle:10g_enterprise_manager_grid_control:-:*:*:*:*:*:*:*,34501044-C4A7-400C-916D-962D4F608878,2008-04-01T16:41:22.363
Oracle Oracle10g Reports Server,Application,Oracle,10G Reports Server,-,,cpe:2.3:a:oracle:10g_reports_server:-:*:*:*:*:*:*:*,DDA2280B-5889-43EE-A804-CCFE0C9CBC2B,2008-04-01T16:41:22.660
Oracle Oracle9i Lite,Application,Oracle,Database Server Lite,-,,cpe:2.3:a:oracle:database_server_lite:-:*:*:*:*:*:*:*,DAC51483-FE00-4D0D-B5CF-BA91B36F5127,2008-04-01T16:41:39.053
Oracle Oracle9iAS Web Cache,Application,Oracle,Application Server Web Cache,-,,cpe:2.3:a:oracle:application_server_web_cache:-:*:*:*:*:*:*:*,8FFC2F72-2836-491A-BCAD-C78BBC69DFA2,2008-04-01T16:41:41.600
Oracle PeopleSoft Enterprise Customer Relationship Mgmt,Application,Oracle,Peoplesoft Enterprise Customer Relationship Management,-,,cpe:2.3:a:oracle:peoplesoft_enterprise_customer_relationship_management:-:*:*:*:*:*:*:*,0637D493-CF92-46FB-9332-5297917562D1,2008-04-01T16:41:43.443
Oracle PeopleSoft Enterprise Human Capital Management,Application,Oracle,Peoplesoft Enterprise Human Capital Management,-,,cpe:2.3:a:oracle:peoplesoft_enterprise_human_capital_management:-:*:*:*:*:*:*:*,5ED49F28-3668-4072-9EA3-7BEDCBB44A32,2007-09-14T17:36:49.090
Oracle PeopleSoft Enterprise PeopleTools,Application,Oracle,Peoplesoft Enterprise Peopletools,-,,cpe:2.3:a:oracle:peoplesoft_enterprise_peopletools:-:*:*:*:*:*:*:*,211ABDEB-0162-425F-A344-88BF43321704,2007-09-14T17:36:49.090
Oracle PeopleSoft Enterprise Portal,Application,Oracle,Peoplesoft Enterprise Portal,-,,cpe:2.3:a:oracle:peoplesoft_enterprise_portal:-:*:*:*:*:*:*:*,7478E6B7-C8BE-4F86-AB4A-76D17FFF53C1,2007-09-14T17:36:49.090
Oracle PeopleSoft Enterprise Tools,Application,Oracle,Peoplesoft Enterprise Tools,-,,cpe:2.3:a:oracle:peoplesoft_enterprise_tools:-:*:*:*:*:*:*:*,EF7368BF-0790-407B-8FA1-820FB2D37CD2,2007-09-14T17:36:49.090
Oracle Pharmaceutical Applications,Application,Oracle,Pharmaceutical,-,,cpe:2.3:a:oracle:pharmaceutical:-:*:*:*:*:*:*:*,535B7E8E-EC6B-4D1D-8F27-C63D7F6253E4,2008-04-01T16:41:45.257
Oracle Secure Enterprise Search,Application,Oracle,Secure Enterprise Search,-,,cpe:2.3:a:oracle:secure_enterprise_search:-:*:*:*:*:*:*:*,CDD02D11-C7E7-45FC-B6D9-C8D16FE7062E,2007-09-14T17:36:49.090
Oracle Server Manager,Application,Oracle,Server Manager,-,,cpe:2.3:a:oracle:server_manager:-:*:*:*:*:*:*:*,502483B6-7492-49EF-BE3D-78581264D866,2007-09-14T17:36:49.090
Oracle Web Listener,Application,Oracle,Web Listener,-,,cpe:2.3:a:oracle:web_listener:-:*:*:*:*:*:*:*,9A12C07B-218D-48D3-8AD7-71A6A88ED5AF,2007-09-14T17:36:49.090
Oracle Workflow,Application,Oracle,Workflow,-,,cpe:2.3:a:oracle:workflow:-:*:*:*:*:*:*:*,0846E85B-7A1F-4412-A0D2-9920DB538253,2007-09-14T17:36:49.090
PatchLink Corporation PatchLink,Application,Lumension,Patchlink,-,,cpe:2.3:a:lumension:patchlink:-:*:*:*:*:*:*:*,5C4712D9-9055-443B-895F-EA8E1E8DF9A5,2008-04-01T16:16:06.937
PatchLink Corporation PatchLink Update Server,Application,Lumension,Patchlink Update Server,-,,cpe:2.3:a:lumension:patchlink_update_server:-:*:*:*:*:*:*:*,CA5ED206-36C1-41C4-8501-A50C2B7D64D2,2008-04-01T16:16:07.077
Peribit Sequence Reduction System Software,Application,Peribit,Sequence Reduction System Software,-,,cpe:2.3:a:peribit:sequence_reduction_system_software:-:*:*:*:*:*:*:*,6D4E769E-BE90-4EF3-9D75-2C4396CB375B,2007-09-14T17:36:49.090
Persits Software AspUpload,Application,Persits,Aspupload,-,,cpe:2.3:a:persits:aspupload:-:*:*:*:*:*:*:*,47A937BC-87B9-492A-AD40-1568B332D3DA,2008-04-01T16:41:46.537
PGP OpenPGP,Application,Pgp,Openpgp,-,,cpe:2.3:a:pgp:openpgp:-:*:*:*:*:*:*:*,B1FAA7F3-206F-4C31-AC62-D8EABFBCECDF,2007-09-14T17:36:49.090
PGP Personal Privacy,Application,Pgp,Personal Privacy,-,,cpe:2.3:a:pgp:personal_privacy:-:*:*:*:*:*:*:*,3BFCD279-D6D8-4C32-A060-9AC9C3DF7FB8,2007-09-14T17:36:49.090
PGP PGP Certificate Server,Application,Pgp,Certificate Server,-,,cpe:2.3:a:pgp:certificate_server:-:*:*:*:*:*:*:*,FADC8C00-B186-4D90-9B9C-B59ABB6E014E,2008-04-01T16:41:47.833
PGP PGP Corporate Desktop,Application,Pgp,Corporate Desktop,-,,cpe:2.3:a:pgp:corporate_desktop:-:*:*:*:*:*:*:*,B3A3AFB3-EE7C-46F8-BD04-7CE618F67F86,2008-04-01T16:41:48.053
PGP PGP Desktop Security,Application,Pgp,Desktop Security,-,,cpe:2.3:a:pgp:desktop_security:-:*:*:*:*:*:*:*,62D7FC4A-1809-4270-A4CF-83D977C3DE7A,2008-04-01T16:41:48.350
PGP PGP E-Business Server,Application,Pgp,E-Business Server,-,,cpe:2.3:a:pgp:e-business_server:-:*:*:*:*:*:*:*,46FB2006-2A4B-4CEA-ADAF-477FD0A826EC,2008-04-01T16:41:48.537
PGP PGP Freeware,Application,Pgp,Freeware,-,,cpe:2.3:a:pgp:freeware:-:*:*:*:*:*:*:*,6141F46B-C672-4F7A-B22B-BB7393096D99,2008-04-01T16:41:49.083
PGP PGP Keyserver,Application,Pgp,Keyserver,-,,cpe:2.3:a:pgp:keyserver:-:*:*:*:*:*:*:*,0CBE63A8-0A5C-47F7-B069-0105F831B20E,2008-04-01T16:41:49.257
PGP PGP Personal Security,Application,Pgp,Personal Security,-,,cpe:2.3:a:pgp:personal_security:-:*:*:*:*:*:*:*,5D6258AF-126C-4624-A23D-A7D77C7210B1,2008-04-01T16:41:49.490
PHP Animated Smiley Generator,Application,Php,Animated Smiley Generator,-,,cpe:2.3:a:php:animated_smiley_generator:-:*:*:*:*:*:*:*,8418BC04-4E89-44B0-817F-FE931B335ED2,2007-09-14T17:36:49.090
PHP AR Memberscript,Application,Php,Ar Memberscript,-,,cpe:2.3:a:php:ar_memberscript:-:*:*:*:*:*:*:*,AB469C11-7F9B-4CCA-9AA6-FD14892BFF5C,2007-09-14T17:36:49.090
PHP Blog CMS,Application,Php,Blog Cms,-,,cpe:2.3:a:php:blog_cms:-:*:*:*:*:*:*:*,62BAAAEF-6589-4846-AE4B-3AF6FEAD50A1,2007-09-14T17:36:49.090
PHP Bloq,Application,Php,Bloq,-,,cpe:2.3:a:php:bloq:-:*:*:*:*:*:*:*,09BEC6D5-4712-452F-BB13-68A56476905A,2007-09-14T17:36:49.090
PHP COM extensions,Application,Php,Com Extensions,-,,cpe:2.3:a:php:com_extensions:-:*:*:*:*:*:*:*,0EF7E123-190F-429F-8B4B-1C2DC3CF208E,2007-09-14T17:36:49.090
PHP CVS,Application,Php,Cvs,-,,cpe:2.3:a:php:cvs:-:*:*:*:*:*:*:*,38838574-832A-46CB-A871-5713A814723D,2007-09-14T17:36:49.090
PHP Directory Listing Script,Application,Php,Directory Listing Script,-,,cpe:2.3:a:php:directory_listing_script:-:*:*:*:*:*:*:*,1793959A-4751-40E8-B5B2-3DF8D0182D0A,2007-09-14T17:36:49.090
PHP dirLIST,Application,Php,Dirlist,-,,cpe:2.3:a:php:dirlist:-:*:*:*:*:*:*:*,A24226DF-9A66-4E19-95AD-670577C612C5,2007-09-14T17:36:49.090
PHP EasyMoblog,Application,Php,Easymoblog,-,,cpe:2.3:a:php:easymoblog:-:*:*:*:*:*:*:*,2CB12E24-20C3-4F1F-B917-B0EE091BA6EB,2007-09-14T17:36:49.090
PHP ErrorDocs,Application,Php,Errordocs,-,,cpe:2.3:a:php:errordocs:-:*:*:*:*:*:*:*,EA3A821B-7F81-4F1E-8700-70E124B03A73,2007-09-14T17:36:49.090
PHP go-pear.php,Application,Php,Go-Pear.Php,-,,cpe:2.3:a:php:go-pear.php:-:*:*:*:*:*:*:*,E391281C-6E68-4C7F-910A-7E84BADAF6DB,2007-09-14T17:36:49.090
PHP PEAR,Application,Php,Pear,-,,cpe:2.3:a:php:pear:-:*:*:*:*:*:*:*,F5446B10-6ADD-4DF7-9994-76D3BC9DFDF1,2007-09-14T17:36:49.090
PHP PECL phpDOC,Application,Php,Pecl Phpdoc,-,,cpe:2.3:a:php:pecl_phpdoc:-:*:*:*:*:*:*:*,C63B8241-07A9-4639-A5CB-0437AA9A0CE7,2007-09-14T17:36:49.090
PHP PHP,Application,Php,Php,-,,cpe:2.3:a:php:php:-:*:*:*:*:*:*:*,34C8BF62-B598-4090-8003-7F88C926F875,2007-09-14T17:36:49.090
PHP PHP Script Index,Application,Php,Php Script Index,-,,cpe:2.3:a:php:php_script_index:-:*:*:*:*:*:*:*,AAA6E689-C0B5-4289-AB53-F4C3D239B270,2007-09-14T17:36:49.090
PHP PHP_FI,Application,Php,Php Fi,-,,cpe:2.3:a:php:php_fi:-:*:*:*:*:*:*:*,0D351675-D2AE-4F1B-B326-249A23063018,2007-09-14T17:36:49.090
PHP PHP123 Top Sites,Application,Php,Php123 Top Sites,-,,cpe:2.3:a:php:php123_top_sites:-:*:*:*:*:*:*:*,92061817-34A6-487B-B972-E9D3B3879CA8,2007-09-14T17:36:49.090
PHP phpBookingCalendar,Application,Php,Phpbookingcalendar,-,,cpe:2.3:a:php:phpbookingcalendar:-:*:*:*:*:*:*:*,E94BD576-9BF4-4307-BCD3-E53802ECA7D9,2007-09-14T17:36:49.090
PHP phpSquidPass,Application,Php,Phpsquidpass,-,,cpe:2.3:a:php:phpsquidpass:-:*:*:*:*:*:*:*,A0CB37BD-3508-45B1-8C91-EA1A67591FA1,2007-09-14T17:36:49.090
PHP-Blogger PHP-Blogger,Application,Phpblogger,Php-Blogger,-,,cpe:2.3:a:phpblogger:php-blogger:-:*:*:*:*:*:*:*,3F6582C3-6BE3-431C-9B47-1026B86F267A,2008-03-25T19:16:37.227
PHP-Calendar PHP-Calendar,Application,Php-Calendar,Php-Calendar,-,,cpe:2.3:a:php-calendar:php-calendar:-:*:*:*:*:*:*:*,D5B5A5A5-A3E5-4192-9585-44C3F6DC77BA,2007-09-14T17:36:49.090
PHP-Fusion,Application,Php-Fusion,Php-Fusion,-,,cpe:2.3:a:php-fusion:php-fusion:-:*:*:*:*:*:*:*,FE1BBEFD-5C42-47C0-A528-13011AB62F94,2010-06-11T18:08:23.030
PHP-Nuke AutoHTML Module,Application,Php-Nuke,Autohtml Module,-,,cpe:2.3:a:php-nuke:autohtml_module:-:*:*:*:*:*:*:*,E39BFF7D-1513-4C55-A4A2-385A0B438881,2007-09-14T17:36:49.090
PHP-Nuke eBoard Module,Application,Php-Nuke,Eboard Module,-,,cpe:2.3:a:php-nuke:eboard_module:-:*:*:*:*:*:*:*,7C0062EB-192A-47E2-9A96-EC4BD9675FBB,2007-09-14T17:36:49.090
PHP-Nuke INP,Application,Php-Nuke,Inp,-,,cpe:2.3:a:php-nuke:inp:-:*:*:*:*:*:*:*,38133480-CCBA-4F2F-B7E2-D140AEC7D6B4,2007-09-14T17:36:49.090
PHP-Nuke MyHeadlines,Application,Php-Nuke,Myheadlines,-,,cpe:2.3:a:php-nuke:myheadlines:-:*:*:*:*:*:*:*,6A825E02-8ADE-441C-8889-7E589497A103,2007-09-14T17:36:49.090
PHP-Nuke PHP-Nuke Advanced Classified Module,Application,Php-Nuke,Advanced Classified Module,-,,cpe:2.3:a:php-nuke:advanced_classified_module:-:*:*:*:*:*:*:*,E5AE0533-F718-4639-BAE1-BE7317249E32,2008-04-01T16:41:53.350
PHP-Nuke PHP-Nuke Emporium Module,Application,Php-Nuke,Emporium Module,-,,cpe:2.3:a:php-nuke:emporium_module:-:*:*:*:*:*:*:*,BE92F360-F2AC-45E8-80DE-DAE5D83F73AA,2008-04-01T16:41:53.520
PHP-Nuke PHP-Nuke EV,Application,Php-Nuke,Ev,-,,cpe:2.3:a:php-nuke:ev:-:*:*:*:*:*:*:*,B308E573-F3AC-4001-A110-9A4F06F01980,2008-04-01T16:41:53.740
PHP-Nuke PHP-Nuke iFrame Module,Application,Php-Nuke,Iframe Module,-,,cpe:2.3:a:php-nuke:iframe_module:-:*:*:*:*:*:*:*,BA0FF158-0226-4EAE-A107-304D0B7E1E44,2008-04-01T16:41:53.880
PHP-Nuke PHP-Nuke Mermaid Module,Application,Php-Nuke,Mermaid Module,-,,cpe:2.3:a:php-nuke:mermaid_module:-:*:*:*:*:*:*:*,6BD0BB3A-281B-4F8E-8F01-E0A4B6270FAC,2008-04-01T16:41:54.020
PHP-Nuke PHP-Nuke News Module,Application,Php-Nuke,News Module,-,,cpe:2.3:a:php-nuke:news_module:-:*:*:*:*:*:*:*,CE488248-9342-403D-933E-1ED29B2638F7,2008-04-01T16:41:54.193
PHP-Nuke PHP-Nuke Pool Module,Application,Php-Nuke,Pool Module,-,,cpe:2.3:a:php-nuke:pool_module:-:*:*:*:*:*:*:*,119A4C46-CBDD-47FD-9963-491E5DF6EA29,2008-04-01T16:41:54.537
PHP-Nuke PHP-Nuke Sections Module,Application,Php-Nuke,Sections Module,-,,cpe:2.3:a:php-nuke:sections_module:-:*:*:*:*:*:*:*,A6A28077-8888-4123-9A96-904D5C445AAC,2008-04-01T16:41:54.663
PHP-Nuke Satel Lite,Application,Php-Nuke,Satel Lite,-,,cpe:2.3:a:php-nuke:satel_lite:-:*:*:*:*:*:*:*,975ABE58-DCB4-4DBD-8809-7D8B0CF6C2D6,2007-09-14T17:36:49.090
PHP-proxima PHP-proxima,Application,Php-Proxima,Php-Proxima,-,,cpe:2.3:a:php-proxima:php-proxima:-:*:*:*:*:*:*:*,475180F7-2B38-40BC-886D-29BF9BE1FE62,2007-09-14T17:36:49.090
Pidgin,Application,Pidgin,Pidgin,-,,cpe:2.3:a:pidgin:pidgin:-:*:*:*:*:*:*:*,ADC01B71-7423-4D65-94D0-F70C47E40B8E,2011-03-04T17:47:05.250
PKWare Inc. PKZip,Application,Pkware,Pkzip,-,,cpe:2.3:a:pkware:pkzip:-:*:*:*:*:*:*:*,F8A5F736-7DCA-42B7-BE37-F2AEB42F6428,2008-03-25T19:16:37.913
PostgreSQL,Application,Postgresql,Postgresql,-,,cpe:2.3:a:postgresql:postgresql:-:*:*:*:*:*:*:*,F489645D-7794-4D98-A59A-AAE3AF051A0B,2023-08-11T17:40:24.710
Progress Software Corp 4GL Compiler,Application,Progress,4Gl Compiler,-,,cpe:2.3:a:progress:4gl_compiler:-:*:*:*:*:*:*:*,4305C319-5139-4186-A32C-DBA31D9BC1CE,2008-03-25T19:16:38.383
Progress Software Corp Database,Application,Progress,Database,-,,cpe:2.3:a:progress:database:-:*:*:*:*:*:*:*,E50C2A4E-275B-4968-AC4F-E5013446D9C6,2008-03-25T19:16:38.477
Progress Software Corp ObjectStore,Application,Progress,Objectstore,-,,cpe:2.3:a:progress:objectstore:-:*:*:*:*:*:*:*,AAE6FAAA-8525-4426-B14F-4E50A95C5DC5,2008-03-25T19:16:38.587
Progress Software Corp OpenEdge,Application,Progress,Openedge,-,,cpe:2.3:a:progress:openedge:-:*:*:*:*:*:*:*,6D0C23ED-7CB1-4376-B7D9-2E500FE30F0A,2008-03-25T19:16:38.710
Progress Software Corp WebSpeed,Application,Progress,Webspeed,-,,cpe:2.3:a:progress:webspeed:-:*:*:*:*:*:*:*,90EEF735-BE75-468A-9DF1-4AF1CD8E6DCD,2008-03-25T19:16:39.070
Progress Software Corp WebSpeed Messenger,Application,Progress,Webspeed Messenger,-,,cpe:2.3:a:progress:webspeed_messenger:-:*:*:*:*:*:*:*,C41403CB-E31D-4889-B6F4-E41F1D656BD0,2008-03-25T19:16:39.320
PureEdge Solutions PureEdge Viewer,Application,Pureedge,Pureedge Viewer,-,,cpe:2.3:a:pureedge:pureedge_viewer:-:*:*:*:*:*:*:*,0C44E229-1C36-40A0-BE4E-013B9B82B6AE,2008-03-25T19:16:39.447
Qlogic SANsurfer,Application,Qlogic,Sansurfer,-,,cpe:2.3:a:qlogic:sansurfer:-:*:*:*:*:*:*:*,073F7E9D-86BF-4B22-8E30-F74B275AA327,2007-09-14T17:36:49.090
Quantum Main Code,Application,Quantum,Quantum,-,,cpe:2.3:a:quantum:quantum:-:*:*:*:*:*:*:*,D9600375-E8A0-4FCC-99B3-EAEBDD884835,2008-04-01T16:41:55.727
RadVision L2W 323,Application,Radvision,L2W-323,-,,cpe:2.3:a:radvision:l2w-323:-:*:*:*:*:*:*:*,9D443EAB-6880-4F4E-89BC-C7AD248DCB14,2008-04-01T16:41:56.303
RadWare Cache Server Directory,Application,Radware,Cache Server Directory,-,,cpe:2.3:a:radware:cache_server_directory:-:*:*:*:*:*:*:*,792BCF3E-660F-415C-8961-753A71FE4A76,2007-09-14T17:36:49.090
RadWare FireProof,Application,Radware,Fireproof,-,,cpe:2.3:a:radware:fireproof:-:*:*:*:*:*:*:*,55C3BBA4-7210-404D-8E2B-0FBDDCB55CCB,2007-09-14T17:36:49.090
RadWare LinkProof,Application,Radware,Linkproof,-,,cpe:2.3:a:radware:linkproof:-:*:*:*:*:*:*:*,EDA24387-4732-412F-B513-61B024600033,2007-09-14T17:36:49.090
RadWare Web Server Directory,Application,Radware,Web Server Directory,-,,cpe:2.3:a:radware:web_server_directory:-:*:*:*:*:*:*:*,0F9F4B42-629C-4336-9FDE-DA6F94B8086A,2007-09-14T17:36:49.090
RARLAB WinRAR,Application,Rarlab,Winrar,-,,cpe:2.3:a:rarlab:winrar:-:*:*:*:*:*:*:*,A92377FD-D647-4797-8245-770334F90E18,2011-03-04T17:47:06.627
RealNetworks RealPlayer,Application,Realnetworks,Realplayer,-,,cpe:2.3:a:realnetworks:realplayer:-:*:*:*:*:*:*:*,9E4BD5A5-E85B-4ECD-BBFB-0A71CC87B6BD,2009-11-25T18:27:18.340
Red Hat application_server,Application,Redhat,Application Server,-,,cpe:2.3:a:redhat:application_server:-:*:*:*:*:*:*:*,404FAE56-481B-469D-AF3F-CCB29DEC26B4,2008-03-25T19:16:43.037
Red Hat Application Stack,Application,Redhat,Rhel Application Stack,-,,cpe:2.3:a:redhat:rhel_application_stack:-:*:*:*:*:*:*:*,DE310C37-7972-419A-99D4-4D7ADFE3C202,2008-04-15T22:37:58.460
Red Hat Arts,Application,Redhat,Analog Real-Time Synthesizer,-,,cpe:2.3:a:redhat:analog_real-time_synthesizer:-:*:*:*:*:*:*:*,CB65828B-02E6-43F3-A1D7-999321A26658,2008-04-01T16:41:58.523
Red Hat cluster_suite,Application,Redhat,Cluster Suite,-,,cpe:2.3:a:redhat:cluster_suite:-:*:*:*:*:*:*:*,B078AA9F-B9A9-483F-BD06-BE37DB9DAF68,2008-03-25T19:16:44.947
Red Hat ddskk,Application,Redhat,Daredevil Skk,-,,cpe:2.3:a:redhat:daredevil_skk:-:*:*:*:*:*:*:*,5A986FF3-6DC9-4F96-9E0C-49CF82B78F6C,2008-04-01T16:41:59.897
Red Hat ddskk_xemacs,Application,Redhat,Xemacs,-,,cpe:2.3:a:redhat:xemacs:-:*:*:*:*:*:*:*,02DCB29C-91F6-424A-A64E-60F68BA7A06B,2008-04-01T16:42:00.677
Red Hat developer_suite,Application,Redhat,Developer Suite,-,,cpe:2.3:a:redhat:developer_suite:-:*:*:*:*:*:*:*,EBE7A710-F6D9-48AD-A8E6-7DF2578517CD,2008-03-25T19:16:47.930
Red Hat Docbook_utils,Application,Redhat,Docbook Utils,-,,cpe:2.3:a:redhat:docbook_utils:-:*:*:*:*:*:*:*,523D2927-3EA5-484D-9785-907843CC6201,2008-03-25T19:16:48.507
Red Hat enterprise_linux_productivity,Application,Redhat,Enterprise Linux  Optional Productivity Applications,-,,cpe:2.3:a:redhat:enterprise_linux__optional_productivity_applications:-:*:*:*:*:*:*:*,D699A7EC-BFE3-40A9-95F3-82737FCDEAA2,2008-04-01T16:42:11.477
Red Hat Virtualization,Application,Redhat,Rhel Virtualization,-,,cpe:2.3:a:redhat:rhel_virtualization:-:*:*:*:*:*:*:*,2D4D0F79-D4FB-4414-847B-AB58BF1E2541,2008-04-15T22:38:00.600
Red Hat gdk_pixbuf,Application,Redhat,Gdk Pixbuf,-,,cpe:2.3:a:redhat:gdk_pixbuf:-:*:*:*:*:*:*:*,37A0F343-C88E-4515-92F9-24F9392D41FC,2008-03-25T19:17:09.867
Red Hat Global File System,Application,Redhat,Rhel Global File System,-,,cpe:2.3:a:redhat:rhel_global_file_system:-:*:*:*:*:*:*:*,2D940217-6F1E-4FB7-A9E9-5AA4199A25E2,2008-04-15T22:38:00.053
Red Hat Iha,Application,Redhat,Lha,-,,cpe:2.3:a:redhat:lha:-:*:*:*:*:*:*:*,6F92F2C6-576D-4945-9DD9-CE3226BA4C78,2008-04-01T16:42:15.617
Red Hat Interchange,Application,Redhat,Interchange,-,,cpe:2.3:a:redhat:interchange:-:*:*:*:*:*:*:*,D76676DB-7773-4B6E-95D4-9E51642FDB8B,2008-03-25T19:17:10.803
Red Hat Iv,Application,Redhat,Lv,-,,cpe:2.3:a:redhat:lv:-:*:*:*:*:*:*:*,ED39A0D9-7AF8-46E6-83E1-4D47C700A07A,2008-04-01T16:42:15.943
Red Hat kdebase,Application,Redhat,Kdebase,-,,cpe:2.3:a:redhat:kdebase:-:*:*:*:*:*:*:*,E80A0CDB-CC7D-4ED5-BCB1-A3CE73B110A2,2008-03-25T19:17:12.570
Red Hat kdelibs,Application,Redhat,Kdelibs,-,,cpe:2.3:a:redhat:kdelibs:-:*:*:*:*:*:*:*,95F8AB55-55E6-4605-B570-B0D51240394F,2008-03-25T19:17:14.303
Red Hat kdelibs_devel,Application,Redhat,Kdelibs Devel,-,,cpe:2.3:a:redhat:kdelibs_devel:-:*:*:*:*:*:*:*,F2290125-87CE-470B-BB2E-851EB7D971BB,2008-03-25T19:17:15.397
Red Hat kdelibs_sound,Application,Redhat,Kdelibs Sound,-,,cpe:2.3:a:redhat:kdelibs_sound:-:*:*:*:*:*:*:*,62B83EC0-CE5B-4EFD-8248-AF42716A7DD9,2008-03-25T19:17:16.710
Red Hat kdelibs_sound_devel,Application,Redhat,Kdelibs Sound Devel,-,,cpe:2.3:a:redhat:kdelibs_sound_devel:-:*:*:*:*:*:*:*,3A88648B-CBD2-4A45-8A2D-796F8F406161,2008-03-25T19:17:17.367
Red Hat kernel,Application,Redhat,Kernel,-,,cpe:2.3:a:redhat:kernel:-:*:*:*:*:*:*:*,D0B501E7-9B56-4346-808A-8412C566B031,2008-03-25T19:17:18.023
Red Hat kernel_bigmem,Application,Redhat,Bigmem Kernel,-,,cpe:2.3:a:redhat:bigmem_kernel:-:*:*:*:*:*:*:*,AF8F2B51-120B-440D-970D-37B97A588572,2008-04-01T16:42:16.820
Red Hat kernel_doc,Application,Redhat,Kernel Doc,-,,cpe:2.3:a:redhat:kernel_doc:-:*:*:*:*:*:*:*,9D19893C-502F-49BA-9327-CCA4F1882532,2008-03-25T19:17:19.820
Red Hat kernel_source,Application,Redhat,Kernel Source,-,,cpe:2.3:a:redhat:kernel_source:-:*:*:*:*:*:*:*,254D0318-288C-4CCF-8A43-080C6BFFB845,2008-04-01T16:42:17.820
Red Hat libpng,Application,Redhat,Libpng,-,,cpe:2.3:a:redhat:libpng:-:*:*:*:*:*:*:*,6ED2F284-5649-421C-8E30-16432A0D20D4,2008-03-25T19:17:21.070
Red Hat Linux Advanced Workstation,Operating System,Redhat,Linux Advanced Workstation,-,,cpe:2.3:o:redhat:linux_advanced_workstation:-:*:*:*:*:*:*:*,48D6C771-0FAF-4A31-A4CF-8D692A6EA761,2008-03-25T19:17:33.930
Red Hat open_iscsi,Application,Redhat,Open Iscsi,-,,cpe:2.3:a:redhat:open_iscsi:-:*:*:*:*:*:*:*,EB0F5103-585F-4474-9788-C332DAA94C6F,2008-03-25T19:17:34.600
Red Hat openssl,Application,Redhat,Openssl,-,,cpe:2.3:a:redhat:openssl:-:*:*:*:*:*:*:*,022F33E8-540E-4E68-898F-CF62C6AA10E0,2008-03-25T19:17:34.790
Red Hat pam_smb,Application,Redhat,Pam Smb,-,,cpe:2.3:a:redhat:pam_smb:-:*:*:*:*:*:*:*,D0778F69-DDD2-4E23-932A-F3D4CBFADF1D,2008-03-25T19:17:35.803
Red Hat Power Tools,Application,Redhat,Power Tool,-,,cpe:2.3:a:redhat:power_tool:-:*:*:*:*:*:*:*,EA6DEF5E-D552-4213-BEF1-698D15E051AE,2008-04-01T16:42:18.787
Red Hat PXE Server,Application,Redhat,Pre Execution Environment Server,-,,cpe:2.3:a:redhat:pre_execution_environment_server:-:*:*:*:*:*:*:*,B238114A-839B-479B-96BB-1A99167C5047,2008-04-01T16:42:19.007
Red Hat rhmask,Application,Redhat,Rhmask,-,,cpe:2.3:a:redhat:rhmask:-:*:*:*:*:*:*:*,0103B3BB-F416-47B1-9DEC-2361B37C83E7,2008-03-25T19:17:37.540
Red Hat RPM,Application,Redhat,Package Manager,-,,cpe:2.3:a:redhat:package_manager:-:*:*:*:*:*:*:*,E6A13FDE-00AA-44CD-92B6-D969E497EA65,2008-04-01T16:42:22.397
Red Hat rsync,Application,Redhat,Rsync,-,,cpe:2.3:a:redhat:rsync:-:*:*:*:*:*:*:*,FB19EC3F-BD95-4D9D-8907-1FA19953883B,2008-03-25T19:17:38.243
Red Hat sendmail,Application,Redhat,Sendmail,-,,cpe:2.3:a:redhat:sendmail:-:*:*:*:*:*:*:*,23DE12F0-FB4C-46AF-912B-75C60183C0B2,2008-03-25T19:17:39.617
Red Hat Stronghold,Application,Redhat,Stronghold,-,,cpe:2.3:a:redhat:stronghold:-:*:*:*:*:*:*:*,BA4547E2-78FB-4AA1-8298-A0E25AE69C65,2008-03-25T19:17:41.070
Red Hat Stylesheets,Application,Redhat,Docbook Stylesheets,-,,cpe:2.3:a:redhat:docbook_stylesheets:-:*:*:*:*:*:*:*,AF865AF0-877E-44BD-B40C-2FDEBA08241E,2008-04-01T16:42:23.303
Red Hat sysreport,Application,Redhat,Sysreport,-,,cpe:2.3:a:redhat:sysreport:-:*:*:*:*:*:*:*,23F55C24-60F5-4949-B0F9-584A503A69E9,2008-03-25T19:17:41.570
Red Hat sysstat,Application,Redhat,Sysstat,-,,cpe:2.3:a:redhat:sysstat:-:*:*:*:*:*:*:*,35D9DAC9-A7AE-4C63-96CC-E57480AD5C76,2008-03-25T19:17:41.960
Red Hat tcpdump,Application,Redhat,Tcpdump,-,,cpe:2.3:a:redhat:tcpdump:-:*:*:*:*:*:*:*,82C89E11-49FF-4D1D-81B5-F5D56CE0DA95,2008-03-25T19:17:42.303
Red Hat thunderbird,Application,Redhat,Thunderbird,-,,cpe:2.3:a:redhat:thunderbird:-:*:*:*:*:*:*:*,C1B9B992-80B4-4CD9-B089-46E285F789A9,2008-03-25T19:17:43.790
Red Hat up2date,Application,Redhat,Up2Date,-,,cpe:2.3:a:redhat:up2date:-:*:*:*:*:*:*:*,A4EEF9D2-3BD9-4E93-AC5F-AC593DAE1A46,2008-03-25T19:17:43.977
Red Hat wu_ftpd,Application,Redhat,Wu Ftpd,-,,cpe:2.3:a:redhat:wu_ftpd:-:*:*:*:*:*:*:*,A6A54B4E-E973-4AB6-91A8-F303BE2E8244,2008-03-25T19:17:44.790
RICOH Fiery Print Controller,Application,Ricoh,Fiery Print Controller,-,,cpe:2.3:a:ricoh:fiery_print_controller:-:*:*:*:*:*:*:*,AE39AC13-C5BC-4FA1-B3F2-4EA22F016D80,2011-01-12T14:35:58.600
Roxio CD Burning Software,Application,Roxio,Cd Creator,-,,cpe:2.3:a:roxio:cd_creator:-:*:*:*:*:*:*:*,DAC22A40-A3D1-4CA8-830B-0091BFF2DB67,2008-04-01T16:42:23.803
Roxio CinePlayer,Application,Roxio,Cineplayer,-,,cpe:2.3:a:roxio:cineplayer:-:*:*:*:*:*:*:*,845CDA45-CE1B-4A8B-8DC2-C960AD1D230E,2007-09-14T17:36:49.090
Roxio Sonic RecordNow,Application,Roxio,Sonic Recordnow,-,,cpe:2.3:a:roxio:sonic_recordnow:-:*:*:*:*:*:*:*,83ABE7C6-FC06-47AE-B5E5-3867F994E697,2007-09-14T17:36:49.090
Roxio Toast,Application,Roxio,Toast,-,,cpe:2.3:a:roxio:toast:-:*:*:*:*:*:*:*,A325D9C9-A489-4135-A4D1-1D5040599626,2007-09-14T17:36:49.090
RSA ACE Agent,Application,Rsa,Ace Agent,-,,cpe:2.3:a:rsa:ace_agent:-:*:*:*:*:*:*:*,5E51C550-8A6D-48A4-8129-5B1577136646,2007-09-14T17:36:49.090
RSA ACE Server,Application,Rsa,Ace Server,-,,cpe:2.3:a:rsa:ace_server:-:*:*:*:*:*:*:*,C30EB7BD-DBE9-41A0-B517-FCEF39C7B7D3,2007-09-14T17:36:49.090
RSA Keon Certificate Authority Manager,Application,Rsa,Keon Certificate Authority Manager,-,,cpe:2.3:a:rsa:keon_certificate_authority_manager:-:*:*:*:*:*:*:*,B8D3A3AD-CF6A-47E2-B517-53D6BFECC56C,2007-09-14T17:36:49.090
RSA RSA Authentication Agent for Web,Application,Rsa,Authentication Agent For Web,-,,cpe:2.3:a:rsa:authentication_agent_for_web:-:*:*:*:*:*:*:*,FF0B3282-50E6-46E5-AE01-792AB917033B,2008-04-01T16:42:24.820
RSA RSAREF,Application,Rsa,Rsaref,-,,cpe:2.3:a:rsa:rsaref:-:*:*:*:*:*:*:*,61F4F8BF-0CE5-46B2-A91B-908948CD6DBE,2007-09-14T17:36:49.090
RSA SecurID Web Agent,Application,Rsa,Securid Web Agent,-,,cpe:2.3:a:rsa:securid_web_agent:-:*:*:*:*:*:*:*,DC302A9F-AF2F-46B6-B46F-567F9465D162,2007-09-14T17:36:49.090
Safer Networking Limited Spybot Search and Destroy,Application,Safer-Networking,Spybot Search And Destroy,-,,cpe:2.3:a:safer-networking:spybot_search_and_destroy:-:*:*:*:*:*:*:*,BD093AC6-DB36-4BF0-A1AC-40AA2944A336,2008-03-25T19:17:50.163
Samba Jitterbug,Application,Samba,Jitterbug,-,,cpe:2.3:a:samba:jitterbug:-:*:*:*:*:*:*:*,4E493C0B-241F-4191-AA13-9E8CDA1CA815,2007-09-14T17:36:49.090
Samba pam_ntdom,Application,Luke Kenneth Casson Leighton,Pam Ntdom,-,,cpe:2.3:a:luke_kenneth_casson_leighton:pam_ntdom:-:*:*:*:*:*:*:*,21DA554C-7519-4EE3-A273-0406774A0016,2008-04-01T16:42:25.600
Samba pam_smb,Application,Dave Airlie,Pam Smb,-,,cpe:2.3:a:dave_airlie:pam_smb:-:*:*:*:*:*:*:*,9D7E6A7C-64BC-40CA-A241-EED75DE2226C,2008-04-01T16:42:25.803
Samba Samba,Application,Samba,Samba,-,,cpe:2.3:a:samba:samba:-:*:*:*:*:*:*:*,21087DBF-BF1E-4488-85F4-785DC31E4A1C,2007-09-14T17:36:49.090
Samba Samba Server,Application,Samba,Samba Server,-,,cpe:2.3:a:samba:samba_server:-:*:*:*:*:*:*:*,050392BA-BE9C-4D75-8DA2-565CD297A108,2007-09-14T17:36:49.090
Samba-TNG Samba-TNG,Application,Samba-Tng,Samba-Tng,-,,cpe:2.3:a:samba-tng:samba-tng:-:*:*:*:*:*:*:*,52B654A7-AC7A-49B0-B05F-A4C394C264D8,2007-09-14T17:36:49.090
Sambar Sambar Server,Application,Sambar,Sambar Server,-,,cpe:2.3:a:sambar:sambar_server:-:*:*:*:*:*:*:*,77713F98-27F0-46C2-82EA-2E5EE655A829,2007-09-14T17:36:49.090
Secure Computing ML-85G GDI Printer Driver,Application,Samsung,Ml-85G Gdi Printer Driver,-,,cpe:2.3:a:samsung:ml-85g_gdi_printer_driver:-:*:*:*:*:*:*:*,03EA260D-A337-48AE-9C02-BF36186CF2DB,2008-04-01T16:16:09.047
Secure Computing ML-85P Printer Driver,Application,Samsung,Ml-85P Printer Driver,-,,cpe:2.3:a:samsung:ml-85p_printer_driver:-:*:*:*:*:*:*:*,8B2897CB-BA9C-49BF-9C48-CC173C98620C,2008-04-01T16:16:09.170
Secure Computing MOHA Chat,Application,Mohachat,Moha Chat,-,,cpe:2.3:a:mohachat:moha_chat:-:*:*:*:*:*:*:*,A480FDCE-1A4F-47AE-B52E-14085A5322DA,2008-04-01T16:16:09.343
Secure Computing Safeword RemoteAccess,Application,Securecomputing,Safeword Remoteaccess,-,,cpe:2.3:a:securecomputing:safeword_remoteaccess:-:*:*:*:*:*:*:*,8852C62F-9CDA-43EF-83EB-F2037914F7DB,2008-03-25T19:17:51.960
Secure Computing SCX-4200 Driver,Application,Samsung,Scx-4200 Driver,-,,cpe:2.3:a:samsung:scx-4200_driver:-:*:*:*:*:*:*:*,FC9C256D-9483-43EF-82B6-7E92E6B36BC3,2008-04-01T16:16:09.860
Secure Computing SecurityReporter,Application,Securecomputing,Securityreporter,-,,cpe:2.3:a:securecomputing:securityreporter:-:*:*:*:*:*:*:*,B297D5D6-FDEF-4F8C-B350-1E5B66B05B51,2008-03-25T19:17:52.273
Sendmail Intellegent Quarantine,Application,Sendmail,Intelligent Quarantine,-,,cpe:2.3:a:sendmail:intelligent_quarantine:-:*:*:*:*:*:*:*,8C19DB4E-35C1-49D7-A612-C41809E9201A,2008-04-01T16:42:27.493
Sendmail Managed MTA,Application,Sendmail,Managed Mta,-,,cpe:2.3:a:sendmail:managed_mta:-:*:*:*:*:*:*:*,EBA2A063-89C0-4A36-A88D-12C56A0DF4EB,2007-09-14T17:36:49.090
Sendmail Message Store_SAM,Application,Sendmail,Message Store Sams,-,,cpe:2.3:a:sendmail:message_store_sams:-:*:*:*:*:*:*:*,644C762B-CFF0-45A1-952D-338C7D48D0A2,2008-04-01T16:42:27.867
Sendmail Multi_Switch,Application,Sendmail,Multi Switch,-,,cpe:2.3:a:sendmail:multi_switch:-:*:*:*:*:*:*:*,C13541B4-111A-44F6-8318-DE4E79C8EF48,2007-09-14T17:36:49.090
Sendmail Sendmail,Application,Sendmail,Sendmail,-,,cpe:2.3:a:sendmail:sendmail:-:*:*:*:*:*:*:*,9E5D7626-E6D0-4371-905B-66CDCEB2092A,2007-09-14T17:36:49.090
Sendmail Sendmail Advanced Message Server,Application,Sendmail,Advanced Message Server,-,,cpe:2.3:a:sendmail:advanced_message_server:-:*:*:*:*:*:*:*,A80A1FE3-2625-4D30-B76A-AB74FC82CAEA,2008-04-01T16:42:28.243
Sendmail Sendmail Pro,Application,Sendmail,Sendmail\+Pro,-,,cpe:2.3:a:sendmail:sendmail\+pro:-:*:*:*:*:*:*:*,E3C2E227-D4A3-428B-A44B-BA50DAD76555,2008-06-17T17:50:49.733
Sendmail Sendmail Switch,Application,Sendmail,Sendmail Switch,-,,cpe:2.3:a:sendmail:sendmail_switch:-:*:*:*:*:*:*:*,6FD56641-6CB3-47FF-AD52-A183A1D63689,2007-09-14T17:36:49.090
SGI Advanced Linux Environment,Operating System,Sgi,Advanced Linux Environment,-,,cpe:2.3:o:sgi:advanced_linux_environment:-:*:*:*:*:*:*:*,123522F5-0991-429D-8547-2F65C214E9EB,2008-04-01T16:42:29.163
SGI FAM,Application,Sgi,Fam,-,,cpe:2.3:a:sgi:fam:-:*:*:*:*:*:*:*,DB6E4879-A644-432A-AD33-6B4464AD85F7,2007-09-14T17:36:49.090
SGI InfoSearch,Application,Sgi,Infosearch,-,,cpe:2.3:a:sgi:infosearch:-:*:*:*:*:*:*:*,D9EAAAF6-18CF-4EC5-84B2-CBA9B8299D62,2007-09-14T17:36:49.090
SGI IRISconsole,Application,Sgi,Irisconsole,-,,cpe:2.3:a:sgi:irisconsole:-:*:*:*:*:*:*:*,42484CDE-CBED-48B0-BDBA-26DF55198A4A,2007-09-14T17:36:49.090
SGI mailx,Application,Sgi,Mailx,-,,cpe:2.3:a:sgi:mailx:-:*:*:*:*:*:*:*,FA774DD5-3C58-4B9B-834C-15572B0E1250,2007-09-14T17:36:49.090
SGI MediaMail,Application,Sgi,Mediamail,-,,cpe:2.3:a:sgi:mediamail:-:*:*:*:*:*:*:*,CB965B3C-AE9C-4681-AC99-0B8B08E3BA91,2007-09-14T17:36:49.090
SGI MIPSPro Compilers,Application,Sgi,Mipspro Compilers,-,,cpe:2.3:a:sgi:mipspro_compilers:-:*:*:*:*:*:*:*,19851FCD-B2BD-49FD-AB25-2FF3D568F59B,2007-09-14T17:36:49.090
SGI NQE,Application,Sgi,Nqsdaemon,-,,cpe:2.3:a:sgi:nqsdaemon:-:*:*:*:*:*:*:*,33D19164-7DD2-4FB1-BD10-D9963B324784,2008-04-01T16:42:37.603
SGI Performance Co-Pilot,Application,Sgi,Performance Co-Pilot,-,,cpe:2.3:a:sgi:performance_co-pilot:-:*:*:*:*:*:*:*,EB77996E-02BB-4CAF-9F18-E0B657A1690D,2007-09-14T17:36:49.090
SGI ProPack,Application,Sgi,Propack,-,,cpe:2.3:a:sgi:propack:-:*:*:*:*:*:*:*,C347F58B-BF33-42C0-A495-2981721F2D9B,2007-09-14T17:36:49.090
SGI Quake 1 server,Application,Sgi,Quake 1 Server,-,,cpe:2.3:a:sgi:quake_1_server:-:*:*:*:*:*:*:*,C4C5EC55-D630-4F8F-A574-6AF3E77F18EA,2007-09-14T17:36:49.090
SGI Workshop Debugger and Performance Tools,Application,Sgi,Workshop Debugger And Performance Tools,-,,cpe:2.3:a:sgi:workshop_debugger_and_performance_tools:-:*:*:*:*:*:*:*,7C5A62FE-72F7-48D7-AA0E-6AD51E0008BC,2007-09-14T17:36:49.090
Sharp Zaurus,Application,Sharp,Zaurus,-,,cpe:2.3:a:sharp:zaurus:-:*:*:*:*:*:*:*,4D9A0254-C7B7-41CC-B2D7-5469DC4360B7,2007-09-14T17:36:49.090
Siemens Reliant UNIX,Operating System,Siemens,Reliant Unix,-,,cpe:2.3:o:siemens:reliant_unix:-:*:*:*:*:*:*:*,652A5792-91AA-4D70-90C3-76ECB45DB656,2007-09-14T17:36:49.090
Snapgear Inc. Snapgear Lite+ Firewall,Application,Snapgear,Snapgear Lite\+ Firewall,-,,cpe:2.3:a:snapgear:snapgear_lite\+_firewall:-:*:*:*:*:*:*:*,5CD18580-3CD8-4DEC-A4DD-030ECC676274,2008-06-17T21:13:03.823
Snort Snort,Application,Snort,Snort,-,,cpe:2.3:a:snort:snort:-:*:*:*:*:*:*:*,A7A78DBA-B8BA-42D3-B02E-1DA22F0D8FD7,2007-09-14T17:36:49.090
SolarWinds TFTP Server,Application,Solarwinds,Tftp Server,-,,cpe:2.3:a:solarwinds:tftp_server:-:*:*:*:*:*:*:*,DD9B5310-EFDE-4174-9FC4-EE37128742EA,2007-09-14T17:36:49.090
Sony First4Internet XCP Content Management,Application,Sony,First4Internet Xcp Content Management,-,,cpe:2.3:a:sony:first4internet_xcp_content_management:-:*:*:*:*:*:*:*,7B5C6235-28C1-4E82-AB0B-B91990CF366B,2007-09-14T17:36:49.090
Sony SonicStage Mastering Studio,Application,Sony,Sonicstage Mastering Studio,-,,cpe:2.3:a:sony:sonicstage_mastering_studio:-:*:*:*:*:*:*:*,748D561F-5A8D-44BC-8DE2-E01EDCF4A63A,2007-09-14T17:36:49.090
Sony VAIO Manual CyberSupport,Application,Sony,Vaio Manual Cybersupport,-,,cpe:2.3:a:sony:vaio_manual_cybersupport:-:*:*:*:*:*:*:*,3DFC3A10-8547-4068-9108-D6C45F96DF42,2007-09-14T17:36:49.090
SSH Communications Security Secure Shell,Application,Ssh,Secure Shell,-,,cpe:2.3:a:ssh:secure_shell:-:*:*:*:*:*:*:*,1C6BE377-B87F-4A96-9045-8CEC928C69BD,2008-03-25T19:17:56.447
SSH Communications Security SSH daemon,Application,Ssh,Daemon,-,,cpe:2.3:a:ssh:daemon:-:*:*:*:*:*:*:*,C3869651-6FB8-41A4-9DC1-68A4A68332FF,2008-04-01T16:16:11.327
SSH Communications Security SSH Secure Shell for Servers,Application,Ssh,Secure Shell For Servers,-,,cpe:2.3:a:ssh:secure_shell_for_servers:-:*:*:*:*:*:*:*,04877921-F8F9-4554-B648-02752D5CD411,2008-04-01T16:16:13.170
SSH Communications Security SSH Tectia Client_Server_Connector,Application,Ssh,Tectia Client Server Connector,-,,cpe:2.3:a:ssh:tectia_client_server_connector:-:*:*:*:*:*:*:*,EC2B41DC-735A-4FDE-88BE-FFB8ED3D1F90,2008-04-01T16:16:13.920
SSH Communications Security SSH2,Application,Ssh,Ssh2,-,,cpe:2.3:a:ssh:ssh2:-:*:*:*:*:*:*:*,2230F19D-6C6F-4B91-B4EB-233F230BE632,2008-03-25T19:18:00.913
SSH Communications Security Tectia Client,Application,Ssh,Tectia Client,-,,cpe:2.3:a:ssh:tectia_client:-:*:*:*:*:*:*:*,051AE126-A499-4349-B58D-0FE36791913A,2008-03-25T19:18:03.023
SSH Communications Security Tectia Connector,Application,Ssh,Tectia Connector,-,,cpe:2.3:a:ssh:tectia_connector:-:*:*:*:*:*:*:*,9B062220-46F3-4E86-BFF4-32DFDD280034,2008-03-25T19:18:04.553
SSH Communications Security Tectia Manager,Application,Ssh,Tectia Manager,-,,cpe:2.3:a:ssh:tectia_manager:-:*:*:*:*:*:*:*,3571F160-136A-4612-84AA-DC20E8D83E3E,2008-03-25T19:18:04.727
SSH Communications Security Tectia Server,Application,Ssh,Tectia Server,-,,cpe:2.3:a:ssh:tectia_server:-:*:*:*:*:*:*:*,3C73E54A-9A4C-4672-93D3-96E977D8BA08,2008-03-25T19:18:04.850
StarNet Communications X_Win32,Operating System,Starnet,X Win32,-,,cpe:2.3:o:starnet:x_win32:-:*:*:*:*:*:*:*,80D2225B-B761-47EE-92E0-28AB18E5659D,2008-03-25T19:18:06.350
Storagetek SANtricity,Application,Storagetek,Santricity,-,,cpe:2.3:a:storagetek:santricity:-:*:*:*:*:*:*:*,B3CAB791-FF29-4EB2-AEA6-3EAF58BFA7F1,2007-09-14T17:36:49.090
Sun ChiliSoft,Application,Sun,Chilisoft,-,,cpe:2.3:a:sun:chilisoft:-:*:*:*:*:*:*:*,1E057725-4A11-45CB-9361-F3A99C7CEE84,2007-09-14T17:36:49.090
Sun Cobalt RaQ,Application,Sun,Cobalt Raq,-,,cpe:2.3:a:sun:cobalt_raq:-:*:*:*:*:*:*:*,873E692B-7587-4955-94D1-654D36DD5FF7,2007-09-14T17:36:49.090
Sun DtMail,Application,Sun,Dtmail,-,,cpe:2.3:a:sun:dtmail:-:*:*:*:*:*:*:*,012F149B-8028-4696-A8FF-35747C8B628F,2007-09-14T17:36:49.090
Sun Enterprise Storage Manager,Application,Sun,Enterprise Storage Manager,-,,cpe:2.3:a:sun:enterprise_storage_manager:-:*:*:*:*:*:*:*,7E242C9F-6D03-43DB-814F-6C9BF1B94BFF,2007-09-14T17:36:49.090
Sun Forte,Application,Sun,Forte,-,,cpe:2.3:a:sun:forte:-:*:*:*:*:*:*:*,F4D199D4-6B0A-469E-A0E7-8C757B3E70A2,2007-09-14T17:36:49.090
Sun HotJava Browser,Application,Sun,Hotjava Browser,-,,cpe:2.3:a:sun:hotjava_browser:-:*:*:*:*:*:*:*,2340517F-E2CF-4F3F-AC4E-D368D3E6D313,2007-09-14T17:36:49.090
Sun i-Runbook,Application,Sun,I-Runbook,-,,cpe:2.3:a:sun:i-runbook:-:*:*:*:*:*:*:*,5F6DF4CA-CECC-4E19-8FED-7F8497806279,2007-09-14T17:36:49.090
Sun iPlanet Directory Server,Application,Sun,Iplanet Directory Server,-,,cpe:2.3:a:sun:iplanet_directory_server:-:*:*:*:*:*:*:*,804DF169-F3E9-4A56-973F-3AB4E364B125,2007-09-14T17:36:49.090
Sun iPlanet Messaging Server,Application,Sun,Iplanet Messaging Server,-,,cpe:2.3:a:sun:iplanet_messaging_server:-:*:*:*:*:*:*:*,460AB0F6-54A8-42BD-A035-C53E027A799A,2007-09-14T17:36:49.090
Sun iPlanet Messaging Server Messenger Express,Application,Sun,Iplanet Messaging Server Messenger Express,-,,cpe:2.3:a:sun:iplanet_messaging_server_messenger_express:-:*:*:*:*:*:*:*,7D44FF27-6F24-48E1-9089-C9CDDBBD83EA,2007-09-14T17:36:49.090
Sun iPlanet Web Server,Application,Sun,Iplanet Web Server,-,,cpe:2.3:a:sun:iplanet_web_server:-:*:*:*:*:*:*:*,B3C3C0DD-CBCA-4214-82EF-39E9FA38F7B2,2007-09-14T17:36:49.090
Sun Ipmtool,Application,Sun,Ipmitool,-,,cpe:2.3:a:sun:ipmitool:-:*:*:*:*:*:*:*,813A9E94-B31D-4E58-B020-4D714AD9732A,2008-04-01T16:42:43.710
Sun Java Communications Services Delegated Administrator,Application,Sun,Java Communications Services Delegated Administrator,-,,cpe:2.3:a:sun:java_communications_services_delegated_administrator:-:*:*:*:*:*:*:*,15AB50ED-C97D-47D4-8373-F23E90BF2BAA,2007-09-14T17:36:49.090
Sun Java Desktop System,Application,Sun,Java Desktop System,-,,cpe:2.3:a:sun:java_desktop_system:-:*:*:*:*:*:*:*,4512B2BF-3119-4EF5-AC48-05635D632DDB,2007-09-14T17:36:49.090
Sun Java Dynamic Management Kit,Application,Sun,Java Dynamic Management Kit,-,,cpe:2.3:a:sun:java_dynamic_management_kit:-:*:*:*:*:*:*:*,A962C3C6-02FB-41D0-B68A-C799F32FAD02,2007-09-14T17:36:49.090
Sun Java Embedding Plugin,Application,Sun,Java Embedding Plugin,-,,cpe:2.3:a:sun:java_embedding_plugin:-:*:*:*:*:*:*:*,78DC85FF-53D4-4D81-BF7B-C0DF7A92138A,2007-09-14T17:36:49.090
Sun Java Enterprise System,Application,Sun,Java Enterprise System,-,,cpe:2.3:a:sun:java_enterprise_system:-:*:*:*:*:*:*:*,81192404-7043-4220-BA37-89635C096928,2007-09-14T17:36:49.090
Sun Java Plug-In,Application,Sun,Java Plug-In,-,,cpe:2.3:a:sun:java_plug-in:-:*:*:*:*:*:*:*,EEF01167-BC52-4F0B-9071-280DD08FEF0B,2007-09-14T17:36:49.090
Sun Java Studio Enterprise,Application,Sun,Java Studio Enterprise,-,,cpe:2.3:a:sun:java_studio_enterprise:-:*:*:*:*:*:*:*,2E989FB1-A9FC-48A9-8143-6A1D8415C015,2007-09-14T17:36:49.090
Sun Java System Access Manager,Application,Sun,Java System Access Manager,-,,cpe:2.3:a:sun:java_system_access_manager:-:*:*:*:*:*:*:*,251CC5E5-543C-4327-91C2-498D832E5615,2007-09-14T17:36:49.090
Sun Java System Application Server,Application,Sun,Java System Application Server,-,,cpe:2.3:a:sun:java_system_application_server:-:*:*:*:*:*:*:*,9538B446-5747-4BA3-9EA9-D703CBC17B05,2007-09-14T17:36:49.090
Sun Java System Calendar Server,Application,Sun,Java System Calendar Server,-,,cpe:2.3:a:sun:java_system_calendar_server:-:*:*:*:*:*:*:*,03FAD2BA-2A06-4DB6-9DFE-F0BFFAE29C33,2007-09-14T17:36:49.090
Sun Java System Communications Express,Application,Sun,Java System Communications Express,-,,cpe:2.3:a:sun:java_system_communications_express:-:*:*:*:*:*:*:*,D148503D-C182-4FBF-8D70-4B765CB70FBF,2007-09-14T17:36:49.090
Sun Java System Content Delivery Server,Application,Sun,Java System Content Delivery Server,-,,cpe:2.3:a:sun:java_system_content_delivery_server:-:*:*:*:*:*:*:*,06FF306B-3652-47EA-A45F-A55D77252BD7,2007-09-14T17:36:49.090
Sun Java System Directory Proxy Server,Application,Sun,Java System Directory Proxy Server,-,,cpe:2.3:a:sun:java_system_directory_proxy_server:-:*:*:*:*:*:*:*,F4A2F607-02F8-432E-A750-662A31A89F1F,2007-09-14T17:36:49.090
Sun Java System Directory Server,Application,Sun,Java System Directory Server,-,,cpe:2.3:a:sun:java_system_directory_server:-:*:*:*:*:*:*:*,A646BED7-4FC3-42F8-9956-BC46EC825B6A,2007-09-14T17:36:49.090
Sun Java System Messaging Server,Application,Sun,Java System Messaging Server,-,,cpe:2.3:a:sun:java_system_messaging_server:-:*:*:*:*:*:*:*,452CD325-AAA9-42B3-8634-73B70CD8BD81,2007-09-14T17:36:49.090
Sun Java System Messenger Express,Application,Sun,Java System Messenger Express,-,,cpe:2.3:a:sun:java_system_messenger_express:-:*:*:*:*:*:*:*,8EBD93BC-F15E-43D4-A9BC-6D728A027AA5,2007-09-14T17:36:49.090
Sun Java System Portal Server,Application,Sun,Java System Portal Server,-,,cpe:2.3:a:sun:java_system_portal_server:-:*:*:*:*:*:*:*,78618BD2-40CB-4088-B0C5-8FC696D97B96,2007-09-14T17:36:49.090
Sun Java System Web Proxy Server,Application,Sun,Java System Web Proxy Server,-,,cpe:2.3:a:sun:java_system_web_proxy_server:-:*:*:*:*:*:*:*,C2CF715F-0891-4B31-8388-C6FEB10CC363,2007-09-14T17:36:49.090
Sun Java System Web Server,Application,Sun,Java System Web Server,-,,cpe:2.3:a:sun:java_system_web_server:-:*:*:*:*:*:*:*,67709A05-82F6-4D37-858E-F681F4A2BE46,2007-09-14T17:36:49.090
Sun Java Web Console,Application,Sun,Java Web Console,-,,cpe:2.3:a:sun:java_web_console:-:*:*:*:*:*:*:*,49AA284F-A9B6-4392-82AD-4366B66FED04,2007-09-14T17:36:49.090
Sun Java Web Start,Application,Sun,Java Web Start,-,,cpe:2.3:a:sun:java_web_start:-:*:*:*:*:*:*:*,9C29191E-292B-4DE3-8418-08A80B764A4C,2007-09-14T17:36:49.090
Sun JavaMail,Application,Sun,Javamail,-,,cpe:2.3:a:sun:javamail:-:*:*:*:*:*:*:*,72EE457F-2396-481F-A60A-5DFA259FAB1C,2007-09-14T17:36:49.090
Sun JavaServer Web Dev Kit,Application,Sun,Javaserver Web Dev Kit,-,,cpe:2.3:a:sun:javaserver_web_dev_kit:-:*:*:*:*:*:*:*,E7D4E8B6-F4D6-42AC-82E8-AFFBEEF9A2CF,2007-09-14T17:36:49.090
Sun JDK,Application,Sun,Jdk,-,,cpe:2.3:a:sun:jdk:-:*:*:*:*:*:*:*,C2C43F9D-ABB7-43C3-A1F1-B3085F19E292,2007-09-14T17:36:49.090
Sun JRE,Application,Sun,Jre,-,,cpe:2.3:a:sun:jre:-:*:*:*:*:*:*:*,BE0B1CBB-D77D-47AC-B384-0FFAC2F661AB,2007-09-14T17:36:49.090
Sun JSSE,Application,Sun,Jsse,-,,cpe:2.3:a:sun:jsse:-:*:*:*:*:*:*:*,54F40916-5AD0-49FE-A3C1-BE688C095A9C,2007-09-14T17:36:49.090
Sun Linux,Application,Sun,Linux,-,,cpe:2.3:a:sun:linux:-:*:*:*:*:*:*:*,F71E9198-8CB7-410C-91B6-412E5D8A93A1,2007-09-14T17:36:49.090
Sun Management Center,Application,Sun,Management Center,-,,cpe:2.3:a:sun:management_center:-:*:*:*:*:*:*:*,868975A5-E6E0-4166-8B40-A9B4D24611A1,2008-04-01T16:55:34.260
Sun N1 Grid Engine,Application,Sun,N1 Grid Engine,-,,cpe:2.3:a:sun:n1_grid_engine:-:*:*:*:*:*:*:*,D6F3233F-5964-400E-A5ED-670146EB7276,2007-09-14T17:36:49.090
Sun N1 System Manager,Application,Sun,N1 System Manager,-,,cpe:2.3:a:sun:n1_system_manager:-:*:*:*:*:*:*:*,1D6ECBB5-8D51-41CA-A139-4D4CFA21D528,2007-09-14T17:36:49.090
Sun Net Connect Software,Application,Sun,Net Connect Software,-,,cpe:2.3:a:sun:net_connect_software:-:*:*:*:*:*:*:*,FEC04828-304A-4BC6-8405-B3D8A44DD076,2007-09-14T17:36:49.090
Sun Netbeans Developer,Application,Sun,Netbeans Developer,-,,cpe:2.3:a:sun:netbeans_developer:-:*:*:*:*:*:*:*,09D203CC-A6D2-416B-87B8-FC2D63B8304B,2007-09-14T17:36:49.090
Sun NetDynamics,Application,Sun,Netdynamics,-,,cpe:2.3:a:sun:netdynamics:-:*:*:*:*:*:*:*,817A95DE-4E3A-4024-AFFB-4DA1FA106AB8,2007-09-14T17:36:49.090
Sun NFS,Application,Sun,Nfs,-,,cpe:2.3:a:sun:nfs:-:*:*:*:*:*:*:*,979B7ED8-7D29-4401-99D2-EEE149484E14,2007-09-14T17:36:49.090
Sun NSS,Application,Sun,Nss,-,,cpe:2.3:a:sun:nss:-:*:*:*:*:*:*:*,0E00947D-C911-421E-B4B4-66E6DC34562D,2007-09-14T17:36:49.090
Sun ONE Application Server,Application,Sun,One Application Server,-,,cpe:2.3:a:sun:one_application_server:-:*:*:*:*:*:*:*,8FE73EB0-345B-4B8F-9BCC-69347229A089,2007-09-14T17:36:49.090
Sun ONE Directory Server,Application,Sun,One Directory Server,-,,cpe:2.3:a:sun:one_directory_server:-:*:*:*:*:*:*:*,CE64C418-61D0-4CEC-82E6-E9B46A1AC3AA,2007-09-14T17:36:49.090
Sun ONE Messaging Server,Application,Sun,One Messaging Server,-,,cpe:2.3:a:sun:one_messaging_server:-:*:*:*:*:*:*:*,2132CA80-E462-46CF-9458-1D0343F6CCB7,2007-09-14T17:36:49.090
Sun ONE Web Server,Application,Sun,One Web Server,-,,cpe:2.3:a:sun:one_web_server:-:*:*:*:*:*:*:*,FA08EF62-BADD-47EE-AEF4-7C99D7AE5A45,2007-09-14T17:36:49.090
Sun OpenWindows,Application,Sun,Openwindows,-,,cpe:2.3:a:sun:openwindows:-:*:*:*:*:*:*:*,233B4FD8-A3E4-4519-8613-15163C8502B9,2007-09-14T17:36:49.090
Sun Ray Server Software,Application,Sun,Ray Server Software,-,,cpe:2.3:a:sun:ray_server_software:-:*:*:*:*:*:*:*,FBAEC183-00CF-4CAD-A256-696EC2EEAA65,2007-09-14T17:36:49.090
Sun RTE,Application,Sun,Rte,-,,cpe:2.3:a:sun:rte:-:*:*:*:*:*:*:*,61FE60A0-8685-486A-B497-5DBA76F133C6,2007-09-14T17:36:49.090
Sun ruserd,Application,Sun,Rpc.Ruserd,-,,cpe:2.3:a:sun:rpc.ruserd:-:*:*:*:*:*:*:*,392D186D-EF8A-4625-A7C6-F5F0D3CE9622,2008-04-01T16:55:36.653
Sun SDK,Application,Sun,Sdk,-,,cpe:2.3:a:sun:sdk:-:*:*:*:*:*:*:*,5FBB82A8-DC59-4847-A198-7390026BE8D5,2007-09-14T17:36:49.090
Sun SEAM,Application,Sun,Seam,-,,cpe:2.3:a:sun:seam:-:*:*:*:*:*:*:*,E746C579-E143-4467-B166-13D989B22162,2007-09-14T17:36:49.090
Sun Secure Global Desktop,Application,Sun,Secure Global Desktop,-,,cpe:2.3:a:sun:secure_global_desktop:-:*:*:*:*:*:*:*,70CC9648-8321-4910-AA79-C232BE065595,2007-09-14T17:36:49.090
Sun Solaris AnswerBook2,Application,Sun,Solaris Answerbook2,-,,cpe:2.3:a:sun:solaris_answerbook2:-:*:*:*:*:*:*:*,79ACE44F-6254-4DF4-98FB-DDC5FD0EDFD9,2007-09-14T17:36:49.090
Sun Solaris ISP Server,Application,Sun,Solaris Isp Server,-,,cpe:2.3:a:sun:solaris_isp_server:-:*:*:*:*:*:*:*,8E948807-7227-4FC8-AEF9-E25E6A7B2845,2007-09-14T17:36:49.090
Sun Solaris PC NetLink,Application,Sun,Solaris Pc Netlink,-,,cpe:2.3:a:sun:solaris_pc_netlink:-:*:*:*:*:*:*:*,4EF7687D-1449-4A3A-B5F9-3B67C0BCF286,2007-09-14T17:36:49.090
Sun Solstice AdminSuite,Application,Sun,Solstice Adminsuite,-,,cpe:2.3:a:sun:solstice_adminsuite:-:*:*:*:*:*:*:*,AB3F9B67-4170-4EBF-A055-D5A2623E4B5C,2007-09-14T17:36:49.090
Sun Solstice Backup,Application,Sun,Solstice Backup,-,,cpe:2.3:a:sun:solstice_backup:-:*:*:*:*:*:*:*,32F07944-3E37-4FCA-8CF2-51E23806CB58,2007-09-14T17:36:49.090
Sun StarOffice,Application,Sun,Staroffice,-,,cpe:2.3:a:sun:staroffice:-:*:*:*:*:*:*:*,B4B6D9B8-5663-46AF-BA92-6919F9168E53,2007-09-14T17:36:49.090
Sun Storage Automated Diagnostic Environment,Application,Sun,Storage Automated Diagnostic Environment,-,,cpe:2.3:a:sun:storage_automated_diagnostic_environment:-:*:*:*:*:*:*:*,1193F68F-25F7-483E-AC92-16AA00AF018A,2007-09-14T17:36:49.090
Sun StoreBot,Application,Addsoft,Storebot,-,,cpe:2.3:a:addsoft:storebot:-:*:*:*:*:*:*:*,32B4FF19-9FD2-4C82-BE91-B68728B0933A,2008-04-01T16:55:52.077
Sun StorEdge Enterprise Backup Software,Application,Sun,Storedge Enterprise Backup Software,-,,cpe:2.3:a:sun:storedge_enterprise_backup_software:-:*:*:*:*:*:*:*,4236186A-F677-4233-8C08-EB7D5437F120,2007-09-14T17:36:49.090
Sun Sun Cluster,Application,Sun,Cluster,-,,cpe:2.3:a:sun:cluster:-:*:*:*:*:*:*:*,B4BB20D3-1F2A-4E48-9690-F1C26A41BDC6,2008-04-01T16:55:52.543
Sun Sun Enterprise Authentication Mechanism,Application,Sun,Enterprise Authentication Mechanism,-,,cpe:2.3:a:sun:enterprise_authentication_mechanism:-:*:*:*:*:*:*:*,92F429C7-3D59-46D1-862F-9388E36A1E47,2008-04-01T16:55:53.357
Sun Sun Grid Engine,Application,Sun,Grid Engine,-,,cpe:2.3:a:sun:grid_engine:-:*:*:*:*:*:*:*,942417A1-73DF-4A88-A970-00875A102485,2008-04-01T16:55:53.667
Sun Sun ONE Administration Server,Application,Sun,One Administration Server,-,,cpe:2.3:a:sun:one_administration_server:-:*:*:*:*:*:*:*,23A37F47-680E-4E6A-9D86-C0B386D69BA7,2008-04-01T16:55:55.013
Sun Sun Patch,Application,Sun,Patch Manager,-,,cpe:2.3:a:sun:patch_manager:-:*:*:*:*:*:*:*,A6FD351F-8706-4208-89E7-283A3377FBBD,2008-04-01T16:55:57.777
Sun SunFTP,Application,Sun,Sun Ftp,-,,cpe:2.3:a:sun:sun_ftp:-:*:*:*:*:*:*:*,7A756D8D-C9E7-422E-9AEE-0ED59E8338FA,2008-04-01T16:56:00.527
Sun SunONE Starter Kit,Application,Sun,Sunone Starter Kit,-,,cpe:2.3:a:sun:sunone_starter_kit:-:*:*:*:*:*:*:*,B2FF7720-DC52-4CA5-A59B-31947ED948A2,2007-09-14T17:36:49.090
Sun SunOS (formerly Solaris),Operating System,Sun,Sunos,-,,cpe:2.3:o:sun:sunos:-:*:*:*:*:*:*:*,9DE773E2-0266-4A20-AE4C-B79949889D3F,2011-12-15T19:42:28.840
Sun SunPCi II Driver Software,Application,Sun,Sunpci Ii Driver Software,-,,cpe:2.3:a:sun:sunpci_ii_driver_software:-:*:*:*:*:*:*:*,F817FEE0-6D5B-4966-A4EA-60BBE5696D89,2007-09-14T17:36:49.090
Sun SunVTS,Application,Sun,Sunvts,-,,cpe:2.3:a:sun:sunvts:-:*:*:*:*:*:*:*,4F2BE28E-AC97-4FD2-A41D-97C618A284CA,2007-09-14T17:36:49.090
Sun WBEM Services,Application,Sun,Wbem Services,-,,cpe:2.3:a:sun:wbem_services:-:*:*:*:*:*:*:*,B6716662-D896-45EF-A96C-AC816CB261D2,2007-09-14T17:36:49.090
Sun Web-Based Enterprise Management,Application,Sun,Web-Based Enterprise Management,-,,cpe:2.3:a:sun:web-based_enterprise_management:-:*:*:*:*:*:*:*,31FF6274-A804-41E6-88AF-2199FB14AA2F,2007-09-14T17:36:49.090
Sun Workshop,Application,Sun,Workshop,-,,cpe:2.3:a:sun:workshop:-:*:*:*:*:*:*:*,F0BA2331-112A-4A50-9E59-0CB10DD8039B,2007-09-14T17:36:49.090
Sun - Netscape Alliance iPlanet Certificate Management System,Application,Sun,Iplanet Certificate Management System,-,,cpe:2.3:a:sun:iplanet_certificate_management_system:-:*:*:*:*:*:*:*,C7A87233-BCCB-4403-A400-592001E8B64A,2008-03-25T19:18:11.243
SurfControl SuperScout,Application,Surfcontrol,Superscout,-,,cpe:2.3:a:surfcontrol:superscout:-:*:*:*:*:*:*:*,17C35628-8CD8-4F40-8AF9-0B671EEB855F,2007-09-14T17:36:49.090
SurfControl SuperScout Email Filter,Application,Surfcontrol,Superscout Email Filter,-,,cpe:2.3:a:surfcontrol:superscout_email_filter:-:*:*:*:*:*:*:*,A742E459-12B5-4D23-912D-82006DDE2F7E,2007-09-14T17:36:49.090
SurfControl SuperScout Web Filter,Application,Surfcontrol,Superscout Web Filter,-,,cpe:2.3:a:surfcontrol:superscout_web_filter:-:*:*:*:*:*:*:*,E87AD554-70B0-41D4-BB07-8BA6954AD41C,2007-09-14T17:36:49.090
SurfControl Web Filter,Application,Surfcontrol,Web Filter,-,,cpe:2.3:a:surfcontrol:web_filter:-:*:*:*:*:*:*:*,A996F203-CE6C-43E3-9FAE-854F335385DA,2007-09-14T17:36:49.090
SuSE LInux Enterprise S_390,Application,Suse,Linux Enterprise Server 8 On Ibm Zseries S390,-,,cpe:2.3:a:suse:linux_enterprise_server_8_on_ibm_zseries_s390:-:*:*:*:*:*:*:*,F3AF2A47-FF39-437F-BCC2-EA9DE66E5F28,2008-04-01T16:56:01.683
SuSE Linux Firewall CD_Admin Host,Application,Suse,Linux Firewall On Cd Admin Host,-,,cpe:2.3:a:suse:linux_firewall_on_cd_admin_host:-:*:*:*:*:*:*:*,8AE4E71C-0430-4547-808A-7C013C75B319,2008-04-01T16:56:01.827
SuSE OpenSuSE,Operating System,Suse,Opensuse,-,,cpe:2.3:o:suse:opensuse:-:*:*:*:*:*:*:*,24E6076B-4338-4772-BB9C-1A8C05806773,2008-04-01T16:56:02.450
SuSE SuSE beagle,Application,Suse,Suse Sled Beagle,-,,cpe:2.3:a:suse:suse_sled_beagle:-:*:*:*:*:*:*:*,110A2587-F10F-4E3A-A52B-E31DCEFDBBA1,2008-04-01T16:56:02.623
SuSE SuSE cvsup,Application,Suse,Suse Cvsup,-,,cpe:2.3:a:suse:suse_cvsup:-:*:*:*:*:*:*:*,1E00A835-3A0D-4742-83C0-6420FBF7602C,2007-09-14T17:36:49.090
SuSE SuSE eMail Server,Application,Suse,Suse Email Server,-,,cpe:2.3:a:suse:suse_email_server:-:*:*:*:*:*:*:*,6D6F77B2-55CE-411D-9DA9-3869378F93B0,2007-09-14T17:36:49.090
SuSE SuSE IPTables,Application,Suse,Suse Iptables,-,,cpe:2.3:a:suse:suse_iptables:-:*:*:*:*:*:*:*,B3A49DB6-577B-4DA3-8D04-9E3D7F084046,2007-09-14T17:36:49.090
SuSE SuSE Linux,Operating System,Suse,Suse Linux,-,,cpe:2.3:o:suse:suse_linux:-:*:*:*:*:*:*:*,0223E788-060C-438E-B54C-ACCE9258EAA2,2007-09-14T17:36:49.090
SuSE SuSE Linux Admin-CD for Firewall,Application,Suse,Suse Linux Admin-Cd For Firewall,-,,cpe:2.3:a:suse:suse_linux_admin-cd_for_firewall:-:*:*:*:*:*:*:*,358A92F8-B183-4114-9B91-7F59637F6A74,2007-09-14T17:36:49.090
SuSE SuSE Linux Connectivity Server,Application,Suse,Suse Linux Connectivity Server,-,,cpe:2.3:a:suse:suse_linux_connectivity_server:-:*:*:*:*:*:*:*,AEF6BAA7-CA67-4B54-938B-3DC6ECFFBF89,2007-09-14T17:36:49.090
SuSE SuSE Linux Database Server,Application,Suse,Suse Linux Database Server,-,,cpe:2.3:a:suse:suse_linux_database_server:-:*:*:*:*:*:*:*,38CD5B81-39DB-43D3-B0DA-B369CC65CB36,2007-09-14T17:36:49.090
SuSE SuSE Linux Firewall,Application,Suse,Suse Linux Firewall,-,,cpe:2.3:a:suse:suse_linux_firewall:-:*:*:*:*:*:*:*,29D1F6BF-D1C0-4408-AE4B-4750CE5BEC94,2007-09-14T17:36:49.090
SuSE SuSE Linux Firewall CD,Application,Suse,Suse Linux Firewall Cd,-,,cpe:2.3:a:suse:suse_linux_firewall_cd:-:*:*:*:*:*:*:*,D13871DA-2A5C-4EC2-90DC-5B955C9D5406,2007-09-14T17:36:49.090
SuSE SuSE Linux IMAP Server,Application,Suse,Suse Linux Imap Server,-,,cpe:2.3:a:suse:suse_linux_imap_server:-:*:*:*:*:*:*:*,B0AE1273-66D8-4CCF-83AC-3B5DDC9668B3,2007-09-14T17:36:49.090
SuSE SuSE Linux Live-CD Firewall CD,Application,Suse,Suse Linux Firewall Live-Cd,-,,cpe:2.3:a:suse:suse_linux_firewall_live-cd:-:*:*:*:*:*:*:*,A1D6569D-DAF9-4BD4-A5B2-D5BF22C8F25B,2008-04-01T16:56:04.730
SuSE SuSE Linux Office Server,Application,Suse,Suse Linux Office Server,-,,cpe:2.3:a:suse:suse_linux_office_server:-:*:*:*:*:*:*:*,ADBA3740-1BBA-4B00-811F-E22FF4115799,2007-09-14T17:36:49.090
SuSE SuSE Linux Openexchange Server,Application,Suse,Suse Linux Openexchange Server,-,,cpe:2.3:a:suse:suse_linux_openexchange_server:-:*:*:*:*:*:*:*,2C5E0A5C-9657-4BC5-9A03-2EFF185E0970,2007-09-14T17:36:49.090
SuSE SuSE Linux School Server,Application,Suse,Suse Linux School Server,-,,cpe:2.3:a:suse:suse_linux_school_server:-:*:*:*:*:*:*:*,77A47CE1-BAA0-4DF8-A393-E9EAE7CAF519,2007-09-14T17:36:49.090
SuSE SuSE Linux Standard Server,Application,Suse,Suse Linux Standard Server,-,,cpe:2.3:a:suse:suse_linux_standard_server:-:*:*:*:*:*:*:*,25F9B0DC-2E8E-495E-9DC0-55D8488B7C08,2007-09-14T17:36:49.090
SuSE SuSE Office Server,Application,Suse,Suse Office Server,-,,cpe:2.3:a:suse:suse_office_server:-:*:*:*:*:*:*:*,0D88DAA5-A7E2-4399-8F84-E2A8C11289AB,2007-09-14T17:36:49.090
SuSE SuSE Open Enterprise Server,Application,Suse,Suse Open Enterprise Server,-,,cpe:2.3:a:suse:suse_open_enterprise_server:-:*:*:*:*:*:*:*,150C1E1F-7D4A-4A3A-BFC5-15C4E833CC6C,2007-09-14T17:36:49.090
SuSE SuSE United Linux,Operating System,Suse,Suse United Linux,-,,cpe:2.3:o:suse:suse_united_linux:-:*:*:*:*:*:*:*,2613D479-77D1-4AD3-BBE9-7C5ACC380E89,2007-09-14T17:36:49.090
Sybari Software Antigen,Application,Sybari,Antigen,-,,cpe:2.3:a:sybari:antigen:-:*:*:*:*:*:*:*,95D02D12-E1CB-4A73-B44D-D09A90316243,2008-03-25T19:18:12.680
Sybase Adaptive Server Anywhere,Application,Sybase,Adaptive Server Anywhere,-,,cpe:2.3:a:sybase:adaptive_server_anywhere:-:*:*:*:*:*:*:*,EEC6D2F9-3F6F-422A-8658-76D53EBFC399,2007-09-14T17:36:49.090
Sybase Adaptive Server Enterprise,Application,Sybase,Adaptive Server Enterprise,-,,cpe:2.3:a:sybase:adaptive_server_enterprise:-:*:*:*:*:*:*:*,85A05AF7-FCA4-4024-938E-B14EBC7EF475,2007-09-14T17:36:49.090
Sybase Central,Application,Sybase,Central,-,,cpe:2.3:a:sybase:central:-:*:*:*:*:*:*:*,9D1DA7C7-C7E0-4610-A64E-15FF254B6810,2007-09-14T17:36:49.090
Sybase EAServer,Application,Sybase,Easerver,-,,cpe:2.3:a:sybase:easerver:-:*:*:*:*:*:*:*,499C1CA9-EFBB-4C2B-859C-9145C0BD1B35,2007-09-14T17:36:49.090
Sybase EAServer Manager,Application,Sybase,Easerver Manager,-,,cpe:2.3:a:sybase:easerver_manager:-:*:*:*:*:*:*:*,AFF8EAF7-BD68-42DC-B2F5-D9BB2A81E2A9,2007-09-14T17:36:49.090
Sybase Financial Fusion Consumer Banking Suite,Application,Sybase,Financial Fusion Consumer Banking Solution,-,,cpe:2.3:a:sybase:financial_fusion_consumer_banking_solution:-:*:*:*:*:*:*:*,C0337BF0-F8C4-4627-8E74-A15031E99F2C,2008-04-01T16:56:11.687
Sybase PowerDynamo,Application,Sybase,Powerdynamo,-,,cpe:2.3:a:sybase:powerdynamo:-:*:*:*:*:*:*:*,3D4192EA-C1DA-4E0A-A179-59FA29821E5D,2007-09-14T17:36:49.090
Sybase Pylon Anywhere,Application,Sybase,Pylon Anywhere,-,,cpe:2.3:a:sybase:pylon_anywhere:-:*:*:*:*:*:*:*,A8337049-E922-47A4-B164-216608820F33,2007-09-14T17:36:49.090
Sybase Replication Server,Application,Sybase,Replication Server,-,,cpe:2.3:a:sybase:replication_server:-:*:*:*:*:*:*:*,BBAC0FC9-A505-48E9-8C5F-913977B3D3F7,2007-09-14T17:36:49.090
Symantec Automated Support Assistant,Application,Symantec,Automated Support Assistant,-,,cpe:2.3:a:symantec:automated_support_assistant:-:*:*:*:*:*:*:*,0E9A5742-1342-443A-B92E-C9ABABE6E497,2007-09-14T17:36:49.090
Symantec BackupExec System Recovery,Application,Symantec,Backupexec System Recovery,-,,cpe:2.3:a:symantec:backupexec_system_recovery:-:*:*:*:*:*:*:*,6898EC93-2C32-4A6D-B7B4-E9AC0D2A6465,2007-09-14T17:36:49.090
Symantec BrightMail AntiSpam,Application,Symantec,Brightmail Antispam,-,,cpe:2.3:a:symantec:brightmail_antispam:-:*:*:*:*:*:*:*,A27BC1B5-71DA-476D-9EE3-D783C52E37BA,2007-09-14T17:36:49.090
Symantec Client Firewall,Application,Symantec,Client Firewall,-,,cpe:2.3:a:symantec:client_firewall:-:*:*:*:*:*:*:*,D0409A99-642D-4A78-98C7-74CDB5F6AC07,2007-09-14T17:36:49.090
Symantec Client Security,Application,Symantec,Client Security,-,,cpe:2.3:a:symantec:client_security:-:*:*:*:*:*:*:*,FC16EE3C-E72D-47DB-9701-D1851F7F8AFA,2007-09-14T17:36:49.090
Symantec Discovery,Application,Symantec,Discovery,-,,cpe:2.3:a:symantec:discovery:-:*:*:*:*:*:*:*,85614436-DAF3-4F91-82A9-006319B08405,2007-09-14T17:36:49.090
Symantec Enterprise Firewall,Application,Symantec,Enterprise Firewall,-,,cpe:2.3:a:symantec:enterprise_firewall:-:*:*:*:*:*:*:*,8EFDE563-F223-40A9-B8A9-F1E0DADEB2C6,2007-09-14T17:36:49.090
Symantec Enterprise Security Manager,Application,Symantec,Enterprise Security Manager,-,,cpe:2.3:a:symantec:enterprise_security_manager:-:*:*:*:*:*:*:*,DB6203DB-94C0-42BE-AF45-EF2F43F40698,2007-09-14T17:36:49.090
Symantec Ghost,Application,Symantec,Norton Ghost,-,,cpe:2.3:a:symantec:norton_ghost:-:*:*:*:*:*:*:*,594F86E6-BDCD-4191-BBF5-C3B28BCBF59B,2008-04-01T16:56:23.310
Symantec Ghost Solutions Suite,Application,Symantec,Ghost Solutions Suite,-,,cpe:2.3:a:symantec:ghost_solutions_suite:-:*:*:*:*:*:*:*,B1B06FF1-DC77-4BEE-BF05-ECB84706C47C,2007-09-14T17:36:49.090
Symantec I-gear,Application,Symantec,I-Gear,-,,cpe:2.3:a:symantec:i-gear:-:*:*:*:*:*:*:*,22938815-AC3E-4FF8-9F2A-F398746C9EDB,2007-09-14T17:36:49.090
Symantec Intruder Alert,Application,Symantec,Intruder Alert,-,,cpe:2.3:a:symantec:intruder_alert:-:*:*:*:*:*:*:*,283D992C-BD07-4F0C-9B3D-CEF14C6751A1,2007-09-14T17:36:49.090
Symantec Intruder Alert Manager,Application,Symantec,Intruder Alert Manager,-,,cpe:2.3:a:symantec:intruder_alert_manager:-:*:*:*:*:*:*:*,E05D533F-1084-457D-A332-85869946B3A2,2007-09-14T17:36:49.090
Symantec Intruder Alert Workstation,Application,Symantec,Intruder Alert Workstation,-,,cpe:2.3:a:symantec:intruder_alert_workstation:-:*:*:*:*:*:*:*,EA4A3D33-6DE3-4EE1-96DC-01A725CF3D8A,2007-09-14T17:36:49.090
Symantec LiveState,Application,Symantec,Livestate,-,,cpe:2.3:a:symantec:livestate:-:*:*:*:*:*:*:*,7221309D-FF86-496D-828E-8979FA8F0174,2007-09-14T17:36:49.090
Symantec LiveState Recovery,Application,Symantec,Livestate Recovery,-,,cpe:2.3:a:symantec:livestate_recovery:-:*:*:*:*:*:*:*,74977018-BE75-4D32-B6BB-767BA54F39D5,2007-09-14T17:36:49.090
Symantec LiveUpdate,Application,Symantec,Liveupdate,-,,cpe:2.3:a:symantec:liveupdate:-:*:*:*:*:*:*:*,17A22063-FC94-4A7A-8623-B16C5C4C57FB,2007-09-14T17:36:49.090
Symantec LiveUpdate Administrative Utility,Application,Symantec,Liveupdate Administration Utility,-,,cpe:2.3:a:symantec:liveupdate_administration_utility:-:*:*:*:*:*:*:*,AC8915D9-F67E-4BAB-900E-5A564905368C,2008-04-01T16:56:24.513
Symantec LiveUpdate LOTS Manager,Application,Symantec,Liveupdate Lots Manager,-,,cpe:2.3:a:symantec:liveupdate_lots_manager:-:*:*:*:*:*:*:*,AEB9CC17-CD22-4CEE-B50F-D49D05A228C7,2007-09-14T17:36:49.090
Symantec Mail Security,Application,Symantec,Mail Security,-,,cpe:2.3:a:symantec:mail_security:-:*:*:*:*:*:*:*,D645C2E9-29B8-49A8-8680-002EF7879901,2007-09-14T17:36:49.090
Symantec Mail-Gear,Application,Symantec,Mail-Gear,-,,cpe:2.3:a:symantec:mail-gear:-:*:*:*:*:*:*:*,44C9F158-4103-4824-A59E-1FDB3133DEAF,2007-09-14T17:36:49.090
Symantec Norton AntiSpam,Application,Symantec,Norton Antispam,-,,cpe:2.3:a:symantec:norton_antispam:-:*:*:*:*:*:*:*,332D2EC1-16A6-4F80-84FF-82087E84D2B1,2007-09-14T17:36:49.090
Symantec Norton Personal Firewall,Application,Symantec,Norton Personal Firewall,-,,cpe:2.3:a:symantec:norton_personal_firewall:-:*:*:*:*:*:*:*,ED958663-0845-4395-9616-8990C11876F1,2007-09-14T17:36:49.090
Symantec Norton Save and Recovery,Application,Symantec,Norton Save And Recovery,-,,cpe:2.3:a:symantec:norton_save_and_recovery:-:*:*:*:*:*:*:*,5ABDBAA8-C2C8-44C0-A50B-F823723B04CB,2007-09-14T17:36:49.090
Symantec Norton System Works,Application,Symantec,Norton System Works,-,,cpe:2.3:a:symantec:norton_system_works:-:*:*:*:*:*:*:*,1747E128-7331-494C-9605-B8C1D1BD0469,2007-09-14T17:36:49.090
Symantec Norton Utilities,Application,Symantec,Norton Utilities,-,,cpe:2.3:a:symantec:norton_utilities:-:*:*:*:*:*:*:*,F6EC2C78-BC8B-4FE1-8F18-4E50274E83CE,2007-09-14T17:36:49.090
Symantec ON Command CCM,Application,Symantec,On Command Ccm,-,,cpe:2.3:a:symantec:on_command_ccm:-:*:*:*:*:*:*:*,A7309810-5484-42A1-A4D5-221ECB4BD5B5,2007-09-14T17:36:49.090
Symantec ON Command Discovery,Application,Symantec,On Command Discovery,-,,cpe:2.3:a:symantec:on_command_discovery:-:*:*:*:*:*:*:*,93A22840-D0D9-479F-A221-BCFB88F0FA40,2007-09-14T17:36:49.090
Symantec ON iCommand,Application,Symantec,On Icommand,-,,cpe:2.3:a:symantec:on_icommand:-:*:*:*:*:*:*:*,68E759AE-3A94-46CE-972F-6F9F5B2FF800,2007-09-14T17:36:49.090
Symantec On-Demand Agent,Application,Symantec,On-Demand Agent,-,,cpe:2.3:a:symantec:on-demand_agent:-:*:*:*:*:*:*:*,3BBE30BA-922F-4AED-8731-EB738F3CC970,2007-09-14T17:36:49.090
Symantec On-Demand Protection,Application,Symantec,On-Demand Protection,-,,cpe:2.3:a:symantec:on-demand_protection:-:*:*:*:*:*:*:*,42BAD917-6B75-4288-AB6A-59630306DD79,2007-09-14T17:36:49.090
Symantec PCAnywhere,Application,Symantec,Pcanywhere,-,,cpe:2.3:a:symantec:pcanywhere:-:*:*:*:*:*:*:*,DA7A5108-7BE7-4678-B264-654457B2F4BA,2007-09-14T17:36:49.090
Symantec PowerQuest DeployCenter,Application,Symantec,Powerquest Deploycenter,-,,cpe:2.3:a:symantec:powerquest_deploycenter:-:*:*:*:*:*:*:*,6497A548-0E32-4932-9DFB-CE4322572208,2007-09-14T17:36:49.090
Symantec Raptor Firewall,Application,Symantec,Raptor Firewall,-,,cpe:2.3:a:symantec:raptor_firewall:-:*:*:*:*:*:*:*,58609DB0-01C3-4F07-B90B-4DCEBD16F3AC,2007-09-14T17:36:49.090
Symantec SAV_Filter Domino NT,Application,Symantec,Sav Filter For Domino Nt,-,,cpe:2.3:a:symantec:sav_filter_for_domino_nt:-:*:*:*:*:*:*:*,0C6CB39D-01CA-4D76-A8C5-1C5C1F870354,2008-04-01T16:56:29.640
Symantec Scan Engine,Application,Symantec,Scan Engine,-,,cpe:2.3:a:symantec:scan_engine:-:*:*:*:*:*:*:*,71F0125B-1732-4463-A39A-7103773313CA,2007-09-14T17:36:49.090
Symantec Security Check,Application,Symantec,Security Check,-,,cpe:2.3:a:symantec:security_check:-:*:*:*:*:*:*:*,180C106D-514A-49AF-8473-29ECBB25B31A,2007-09-14T17:36:49.090
Symantec Security Check Virus Detection,Application,Symantec,Security Check Virus Detection,-,,cpe:2.3:a:symantec:security_check_virus_detection:-:*:*:*:*:*:*:*,27CDD8BC-66FC-49A1-BB09-17B80228EAD7,2007-09-14T17:36:49.090
Symantec Security Information Manager,Application,Symantec,Security Information Manager,-,,cpe:2.3:a:symantec:security_information_manager:-:*:*:*:*:*:*:*,B27B9C38-771A-40C2-8669-BDA7DE5B0564,2007-09-14T17:36:49.090
Symantec Sygate Management Server,Application,Symantec,Sygate Management Server,-,,cpe:2.3:a:symantec:sygate_management_server:-:*:*:*:*:*:*:*,EAE783FA-5043-4EF1-B93A-4345A748BDE2,2007-09-14T17:36:49.090
Symantec Sygate Network Access Control,Application,Symantec,Sygate Network Access Control,-,,cpe:2.3:a:symantec:sygate_network_access_control:-:*:*:*:*:*:*:*,67B53877-3FD7-4866-A01C-85FB97D1F8CA,2007-09-14T17:36:49.090
Symantec Sygate Personal Firewall,Application,Symantec,Sygate Personal Firewall,-,,cpe:2.3:a:symantec:sygate_personal_firewall:-:*:*:*:*:*:*:*,8C020F4C-EDCB-46F2-A14C-4FA4B5016861,2007-09-14T17:36:49.090
Symantec Symantec AntiVirus Scan Engine Clearswift,Application,Symantec,Antivirus Scan Engine Clearswift,-,,cpe:2.3:a:symantec:antivirus_scan_engine_clearswift:-:*:*:*:*:*:*:*,BACC3626-FAC5-41B8-B740-ABE13A138DBF,2008-04-01T16:16:25.733
Symantec Symantec AntiVirus Scan Engine for Network Attached Storage,Application,Symantec,Antivirus Scan Engine For Network Attached Storage,-,,cpe:2.3:a:symantec:antivirus_scan_engine_for_network_attached_storage:-:*:*:*:*:*:*:*,0C09FF4A-DC70-47E5-B081-E529848F096A,2008-04-01T16:56:44.890
Symantec Symantec AntiVirus_Filtering Domino,Application,Symantec,Symantec Antivirus Filtering \+For Domino,-,,cpe:2.3:a:symantec:symantec_antivirus_filtering_\+for_domino:-:*:*:*:*:*:*:*,D0F63452-3EAE-4760-88BB-8160A4CCA795,2008-06-17T17:50:51.280
Symantec Symantec Gateway Security,Application,Symantec,Gateway Security,-,,cpe:2.3:a:symantec:gateway_security:-:*:*:*:*:*:*:*,0B77D0F3-01B3-4E09-A28E-2832438FF488,2008-04-01T16:56:54.780
Symantec Symantec Host IDS,Application,Symantec,Host Ids,-,,cpe:2.3:a:symantec:host_ids:-:*:*:*:*:*:*:*,27E3C8B4-CDA3-45FF-B1B3-762D47276632,2008-04-01T16:56:55.280
Symantec Symantec Reporting Server,Application,Symantec,Reporting Server,-,,cpe:2.3:a:symantec:reporting_server:-:*:*:*:*:*:*:*,8B38718B-8254-482B-8F38-2F19AB97072D,2008-04-01T16:56:56.530
Symantec Symantec SAV_Filter Domino NT,Application,Symantec,Symav Filter Domino Nt,-,,cpe:2.3:a:symantec:symav_filter_domino_nt:-:*:*:*:*:*:*:*,1A0123CB-2412-49FA-A29F-6872AB5129F7,2008-04-01T16:56:56.750
Symantec Symantec Web Security,Application,Symantec,Web Security,-,,cpe:2.3:a:symantec:web_security:-:*:*:*:*:*:*:*,68765664-FCB4-44FD-9550-E078FBBE2FF3,2008-04-01T16:56:57.047
Symantec System Center,Application,Symantec,System Center,-,,cpe:2.3:a:symantec:system_center:-:*:*:*:*:*:*:*,73892E47-65A1-4BEA-A978-6E06B5DA0FD0,2007-09-14T17:36:49.090
Symantec VelociRaptor,Application,Symantec,Velociraptor,-,,cpe:2.3:a:symantec:velociraptor:-:*:*:*:*:*:*:*,7FD8E22F-DC67-4D4D-A7F6-9A7157F01EE8,2007-09-14T17:36:49.090
Symantec Veritas Backup Exec,Application,Symantec,Veritas Backup Exec,-,,cpe:2.3:a:symantec:veritas_backup_exec:-:*:*:*:*:*:*:*,8965CC2A-24F6-44A6-B6DE-C4D3074D01CE,2007-09-14T17:36:49.090
Symantec Veritas NetBackup Client,Application,Symantec,Veritas Netbackup Client,-,,cpe:2.3:a:symantec:veritas_netbackup_client:-:*:*:*:*:*:*:*,9839DE4B-7D94-464A-9578-66916C49D6B3,2007-09-14T17:36:49.090
Symantec Veritas NetBackup Enterprise Server,Application,Symantec,Veritas Netbackup Enterprise Server,-,,cpe:2.3:a:symantec:veritas_netbackup_enterprise_server:-:*:*:*:*:*:*:*,20423180-9037-4A5D-AF23-D1ABEE49D479,2007-09-14T17:36:49.090
Symantec Veritas NetBackup Server,Application,Symantec,Veritas Netbackup Server,-,,cpe:2.3:a:symantec:veritas_netbackup_server:-:*:*:*:*:*:*:*,62B444A3-C3E3-401D-93FA-4FD02404FDEA,2007-09-14T17:36:49.090
Symantec Veritas Storage Foundation,Application,Symantec,Veritas Storage Foundation,-,,cpe:2.3:a:symantec:veritas_storage_foundation:-:*:*:*:*:*:*:*,8C46C572-49C4-47CE-B02A-4982D15AE397,2007-09-14T17:36:49.090
Symantec Veritas Volume Replicator,Application,Symantec,Veritas Volume Replicator,-,,cpe:2.3:a:symantec:veritas_volume_replicator:-:*:*:*:*:*:*:*,87684917-D095-4578-98A5-71ABDBA04312,2007-09-14T17:36:49.090
Symantec Windows LiveUpdate,Application,Symantec,Windows Liveupdate,-,,cpe:2.3:a:symantec:windows_liveupdate:-:*:*:*:*:*:*:*,E8C897D4-F5B7-4F33-9724-8CB02CB0638D,2007-09-14T17:36:49.090
Syncsort Backup Express Manuals,Application,Syncsort,Backup Express,-,,cpe:2.3:a:syncsort:backup_express:-:*:*:*:*:*:*:*,30579D7B-D4D1-4759-87C9-B724DAF65443,2008-04-01T16:56:59.377
TamoSoft Commtraffic,Application,Tamos,Commtraffic,-,,cpe:2.3:a:tamos:commtraffic:-:*:*:*:*:*:*:*,A54E13F2-259F-46DF-B05F-F9DE6496D0E9,2008-03-25T19:18:17.007
TEC-IT TBarCode OCX,Application,Tec-It,Tbarcode Ocx,-,,cpe:2.3:a:tec-it:tbarcode_ocx:-:*:*:*:*:*:*:*,5E73AD94-0F57-4A89-B157-30BB7A9C67DC,2007-09-14T17:36:49.090
TEC-IT TBarCode3 ActiveX,Application,Tec-It,Tbarcode3 Activex,-,,cpe:2.3:a:tec-it:tbarcode3_activex:-:*:*:*:*:*:*:*,75CBFA0B-0682-4D76-AC43-BCBF657DFC6A,2007-09-14T17:36:49.090
TEC-IT TBarCode3 DLL,Application,Tec-It,Tbarcode3 Dll,-,,cpe:2.3:a:tec-it:tbarcode3_dll:-:*:*:*:*:*:*:*,6483C5D2-A20B-47DC-86AA-5FD87250B517,2007-09-14T17:36:49.090
Tektronix PhaserLink,Application,Tek,Phaserlink,-,,cpe:2.3:a:tek:phaserlink:-:*:*:*:*:*:*:*,D1BECA37-B226-4447-BF11-79285CBB72FB,2008-03-25T19:18:17.540
Telelogic DOORS,Application,Telelogic,Doors,-,,cpe:2.3:a:telelogic:doors:-:*:*:*:*:*:*:*,3A632296-C406-4E7E-A129-C05A69302AEC,2007-09-14T17:36:49.090
Telos Automated Messaging Handling System,Application,Telos,Xacta Automated Messaging Handling System,-,,cpe:2.3:a:telos:xacta_automated_messaging_handling_system:-:*:*:*:*:*:*:*,600E400E-9DFE-47DD-A5D9-A172D4DA3F1E,2008-04-01T16:56:59.797
TightVNC,Application,Tightvnc,Tightvnc,-,,cpe:2.3:a:tightvnc:tightvnc:-:*:*:*:*:*:*:*,DB4DE394-2F58-45AC-9C47-EE0759E318CC,2011-03-04T17:47:05.657
Tivoli NetView,Application,Ibm,Tivoli Netview,-,,cpe:2.3:a:ibm:tivoli_netview:-:*:*:*:*:*:*:*,360F11A2-0420-4780-8D49-17EA3920B90A,2008-04-01T16:57:00.390
Toshiba ACPI BIOS,Application,Toshiba,Acpi Flash Bios,-,,cpe:2.3:a:toshiba:acpi_flash_bios:-:*:*:*:*:*:*:*,0ABD9986-E543-4195-B3F1-E6C88D327F9F,2008-04-01T16:16:29.547
Trustix Secure Linux,Operating System,Trustix,Secure Linux,-,,cpe:2.3:o:trustix:secure_linux:-:*:*:*:*:*:*:*,225DF8EB-45BA-4482-9261-D600D6861231,2007-09-14T17:36:49.090
Trustix Trustix Antivirus,Application,Trustix,Antivirus,-,,cpe:2.3:a:trustix:antivirus:-:*:*:*:*:*:*:*,CC4950C1-ED8E-4684-96DC-3D9DEFE242C7,2008-04-01T16:16:30.563
Tumbleweed Desktop Validation,Application,Tumbleweed,Desktop Validator,-,,cpe:2.3:a:tumbleweed:desktop_validator:-:*:*:*:*:*:*:*,DDBDCDC8-E2D9-4E09-917E-87887680540F,2008-04-01T16:16:32.860
Tumbleweed MailGate Email Firewall,Application,Tumbleweed,Mailgate Email Firewall,-,,cpe:2.3:a:tumbleweed:mailgate_email_firewall:-:*:*:*:*:*:*:*,051284E7-2E07-413F-9D13-5A4A6C0BC860,2007-09-14T17:36:49.090
Tumbleweed Messaging Management System,Application,Tumbleweed,Messaging Management System,-,,cpe:2.3:a:tumbleweed:messaging_management_system:-:*:*:*:*:*:*:*,52F97711-2364-4ACF-BBDE-B19A9D3814C3,2007-09-14T17:36:49.090
UltraVNC VNC Viewer,Application,Ultravnc,Vnc Viewer,-,,cpe:2.3:a:ultravnc:vnc_viewer:-:*:*:*:*:*:*:*,7622CA8D-FC61-47A0-8362-4FA38BC2FD22,2007-09-14T17:36:49.090
Veritas Enterprise Administrator,Application,Veritas,Enterprise Administrator,-,,cpe:2.3:a:veritas:enterprise_administrator:-:*:*:*:*:*:*:*,620C0434-6017-4BAA-84C3-FEFC600995D8,2007-09-14T17:36:49.090
Veritas File System Management Services Provider,Application,Veritas,File System Management Services Provider,-,,cpe:2.3:a:veritas:file_system_management_services_provider:-:*:*:*:*:*:*:*,8E05D31E-F140-4B37-9161-07C93D60C41C,2007-09-14T17:36:49.090
Veritas License Utilities,Application,Veritas,License Utilities,-,,cpe:2.3:a:veritas:license_utilities:-:*:*:*:*:*:*:*,E0BDDAAC-F8B1-4CB7-A456-8F2417119D2E,2007-09-14T17:36:49.090
Veritas Volume Manager,Application,Veritas,Volume Manager,-,,cpe:2.3:a:veritas:volume_manager:-:*:*:*:*:*:*:*,E6DAA758-C1AE-4605-BCF5-21335F719638,2007-09-14T17:36:49.090
Veritas Volume Manager Management Services Provider,Application,Veritas,Volume Manager Services Provider,-,,cpe:2.3:a:veritas:volume_manager_services_provider:-:*:*:*:*:*:*:*,1E8D6F6A-2721-4BF3-86D6-2B617A39BDD8,2008-04-01T16:16:41.080
Vermont Systems Vermont Systems Progress,Application,Vermontsystems,Progress,-,,cpe:2.3:a:vermontsystems:progress:-:*:*:*:*:*:*:*,7E384739-6952-44D6-BEF2-D4986B7F1C4F,2008-04-01T16:16:41.250
VideoLAN VLC Media Player,Application,Videolan,Vlc Media Player,-,,cpe:2.3:a:videolan:vlc_media_player:-:*:*:*:*:*:*:*,84BE04CA-61AF-4A9E-8EAA-647F4B077B72,2011-03-04T17:47:06.453
VMWare ACE,Application,Vmware,Ace,-,,cpe:2.3:a:vmware:ace:-:*:*:*:*:*:*:*,0F852BED-ACF3-44BD-8B08-A61C68B7943C,2007-09-14T17:36:49.090
VMWare GSX Server,Application,Vmware,Gsx Server,-,,cpe:2.3:a:vmware:gsx_server:-:*:*:*:*:*:*:*,4245871B-9080-42EA-831B-1BD2908BD8FB,2007-09-14T17:36:49.090
VMWare VirtualCenter,Application,Vmware,Infrastructure Virtualcenter,-,,cpe:2.3:a:vmware:infrastructure_virtualcenter:-:*:*:*:*:*:*:*,E2954898-3298-4262-B21E-A6018E852224,2008-04-01T16:16:41.640
VMWare VMWare,Application,Vmware,Workstation,-,,cpe:2.3:a:vmware:workstation:-:*:*:*:*:*:*:*,A8660043-C22F-4B84-AA15-1CE4A860C548,2008-04-01T16:16:41.907
VMWare VMWare Infrastructure,Application,Vmware,Infrastructure,-,,cpe:2.3:a:vmware:infrastructure:-:*:*:*:*:*:*:*,E8DE0E02-327D-4057-8E22-A4E4314EE05A,2008-04-01T16:16:42.890
VMware Server,Application,Vmware,Server,-,,cpe:2.3:a:vmware:server:-:*:*:*:*:*:*:*,EC6DAAE5-4F2C-4C0C-9CCF-508F994177D4,2009-07-28T14:41:47.890
Wind River Systems BSD,Operating System,Windriver,Bsdos,-,,cpe:2.3:o:windriver:bsdos:-:*:*:*:*:*:*:*,8BE626A0-F994-4445-B728-F11DEA94C3F1,2008-04-01T16:16:46.580
Wind River Systems Platform SA,Operating System,Windriver,Platform Sa,-,,cpe:2.3:o:windriver:platform_sa:-:*:*:*:*:*:*:*,8183E45E-4B36-4D09-8A5D-38D75037785E,2008-03-25T19:18:21.210
WinZip WinZip,Application,Winzip,Winzip,-,,cpe:2.3:a:winzip:winzip:-:*:*:*:*:*:*:*,0432D189-C280-4336-8C7C-6A3802BFBFE1,2007-09-14T17:36:49.090
Yahoo Messenger,Application,Yahoo,Messenger,-,,cpe:2.3:a:yahoo:messenger:-:*:*:*:*:*:*:*,308F0002-EDE7-448F-9D2E-CC81DA9CB286,2011-01-12T14:35:58.693
Yahoo Toolbar,Application,Yahoo,Toolbar,-,,cpe:2.3:a:yahoo:toolbar:-:*:*:*:*:*:*:*,A37B6C06-DE17-41F8-B3CB-9788BA42F588,2007-09-14T17:36:49.090
Yahoo Yahoo Audio Conferencing ActiveX Control,Application,Yahoo,Audio Conferencing Activex Control,-,,cpe:2.3:a:yahoo:audio_conferencing_activex_control:-:*:*:*:*:*:*:*,A7C8307F-EAAB-4661-A26B-511AFC1A1BDA,2008-04-01T16:16:51.970
Yahoo Yahoo Pager,Application,Yahoo,Pager,-,,cpe:2.3:a:yahoo:pager:-:*:*:*:*:*:*:*,473403FE-8197-4368-89C9-5E73A4B0EED2,2008-04-01T16:16:52.377
Yahoo Yahoo UI framework,Application,Yahoo,Ui Library,-,,cpe:2.3:a:yahoo:ui_library:-:*:*:*:*:*:*:*,78136371-588E-44BE-8DAD-CFECC66A7214,2008-04-01T16:16:52.877
Yahoo Yahoo Widgets,Application,Yahoo,Widgets,-,,cpe:2.3:a:yahoo:widgets:-:*:*:*:*:*:*:*,BC91267D-DDB5-4C25-B6AD-18E3C5198641,2008-04-01T16:16:53.330
Ykoon Ykoon RssReader,Application,Rssreader,Rssreader,-,,cpe:2.3:a:rssreader:rssreader:-:*:*:*:*:*:*:*,BDA79730-A74E-4298-9C2D-A83880C7D0C2,2008-04-01T16:16:08.873
Zone Labs Check Point Integrity Client,Application,Checkpoint,Check Point Integrity Client,-,,cpe:2.3:a:checkpoint:check_point_integrity_client:-:*:*:*:*:*:*:*,94817ADF-05F8-412E-BAB3-79025CC111B7,2008-04-01T16:16:53.517
Zone Labs IMsecure,Application,Zonelabs,Imsecure,-,,cpe:2.3:a:zonelabs:imsecure:-:*:*:*:*:*:*:*,A4D34F88-B71F-4E9C-81AB-BA7B99F9C3E3,2008-03-25T19:18:22.820
Zone Labs Zone Integrity,Application,Zonelabs,Integrity,-,,cpe:2.3:a:zonelabs:integrity:-:*:*:*:*:*:*:*,A83DFA00-9D8C-45CA-BC70-35B8EBA02A7A,2008-04-01T16:16:54.173
Zone Labs ZoneAlarm,Application,Zonelabs,Zonealarm,-,,cpe:2.3:a:zonelabs:zonealarm:-:*:*:*:*:*:*:*,38DC0B17-5C9F-4CDD-BE6C-8B2015CADBF3,2008-03-25T19:18:23.257
Zone Labs ZoneAlarm Anti-Spyware,Application,Zonelabs,Zonealarm Anti-Spyware,-,,cpe:2.3:a:zonelabs:zonealarm_anti-spyware:-:*:*:*:*:*:*:*,96E10544-7982-4812-88B8-DB0854FEDA56,2008-03-25T19:18:24.087
Zone Labs ZoneAlarm Internet Security Suite,Application,Zonelabs,Zonealarm Internet Security Suite,-,,cpe:2.3:a:zonelabs:zonealarm_internet_security_suite:-:*:*:*:*:*:*:*,8AEEF8E0-376A-4967-9BC9-4841BF4C6FA6,2008-03-25T19:18:24.320
Zone Labs ZoneAlarm Security Suite,Application,Zonelabs,Zonealarm Security Suite,-,,cpe:2.3:a:zonelabs:zonealarm_security_suite:-:*:*:*:*:*:*:*,7D21C925-30E7-4DD1-8149-92861F1E27DA,2008-03-25T19:18:25.507
Zone Labs ZoneAlarm Wireless,Application,Zonelabs,Zonealarm Wireless Security,-,,cpe:2.3:a:zonelabs:zonealarm_wireless_security:-:*:*:*:*:*:*:*,4E239279-95BB-46C9-AC05-9B55D61A273C,2008-04-01T16:16:55.860
Adobe Bridge 2.0,Application,Adobe,Bridge,2.0,,cpe:2.3:a:adobe:bridge:2.0:*:*:*:*:*:*:*,06D697E3-4756-4FBC-99B0-F5174F4E5BD6,2009-11-25T18:26:20.277
Adobe ColdFusion MX,Application,Adobe,Coldfusion,6.0,,cpe:2.3:a:adobe:coldfusion:6.0:*:*:*:*:*:*:*,65695A37-02CD-4F12-8F09-E0C106012330,2009-03-05T17:16:53.063
Adobe FreeHand 11.0,Application,Adobe,Freehand,11.0,,cpe:2.3:a:adobe:freehand:11.0:*:*:*:*:*:*:*,718A58ED-A143-47B6-9BC7-F71ED0673B1B,2009-11-25T18:26:22.387
Adobe InDesign 5.0,Application,Adobe,Indesign,5.0,,cpe:2.3:a:adobe:indesign:5.0:*:*:*:*:*:*:*,E18E5BE2-DB8C-4AC9-8AA8-363C7CDECD79,2009-11-25T18:26:23.450
Adobe Illustrator 10.0,Application,Adobe,Illustrator,10.0,,cpe:2.3:a:adobe:illustrator:10.0:*:*:*:*:*:*:*,78A41AF6-6EAC-4008-8AC4-6C556D342E71,2009-03-05T17:16:56.250
Adobe Version Cue 1.0,Application,Adobe,Version Cue,1.0,,cpe:2.3:a:adobe:version_cue:1.0:*:*:*:*:*:*:*,2E01A706-9C88-4DB7-925B-4C7B33268F6A,2009-03-05T17:16:58.797
Alkacon OpenCms 6.0.0,Application,Alkacon,Opencms,6.0.0,,cpe:2.3:a:alkacon:opencms:6.0.0:*:*:*:*:*:*:*,3BC54857-9391-4CB9-8127-99A0BF5BA99B,2013-08-13T15:44:09.533
Altnet Altnet Download Manager 4.0.0.2,Application,Altnet,Altnet Download Manager,4.0.0.2,,cpe:2.3:a:altnet:altnet_download_manager:4.0.0.2:*:*:*:*:*:*:*,CE641A31-7B50-4527-A882-D15FC2FB788F,2012-08-20T17:14:14.043
Apache Software Foundation Apache 1.29,Application,Apache,Http Server,1.2.9,,cpe:2.3:a:apache:http_server:1.2.9:*:*:*:*:*:*:*,EF4B4D17-866A-44BA-A718-0D1FF6AB808E,2008-04-07T13:40:11.543
Apple Quicktime MP3 Broadcaster 4.1.3,Application,Apple,Quicktime Broadcaster,4.1.3,,cpe:2.3:a:apple:quicktime_broadcaster:4.1.3:*:*:*:*:*:*:*,8BC7C838-D94F-4270-AA40-83B7D733D1FB,2008-04-07T13:41:13.713
Atlassian JIRA 3.6.2_156,Application,Atlassian,Jira,3.6.2_156,,cpe:2.3:a:atlassian:jira:3.6.2_156:*:*:*:*:*:*:*,5FBEC89B-BA89-4B99-9B54-95B3F2982462,2012-05-30T20:58:30.753
Avaya Interaction Center Voice Quick Start,Application,Avaya,Interaction Center Voice Quick Start,-,,cpe:2.3:a:avaya:interaction_center_voice_quick_start:-:*:*:*:*:*:*:*,C4B9B93A-0BEE-4A2E-99EE-7BEEE7172A14,2008-04-07T13:41:28.107
Barcodewiz ActiveX Control 2.0,Application,Barcodewiz,Barcode Activex Control,2.0,,cpe:2.3:a:barcodewiz:barcode_activex_control:2.0:*:*:*:*:*:*:*,F439ECC7-20DC-40B1-873F-A0D682303027,2010-08-05T20:47:27.547
businessobjects Crystal Enterprise XI,Application,Businessobjects,Crystal Enterprise Xi,-,,cpe:2.3:a:businessobjects:crystal_enterprise_xi:-:*:*:*:*:*:*:*,DC26EDE5-C23E-4E71-8C8E-1C1067B269EE,2008-04-07T13:42:42.183
businessobjects Crystal Reports XI,Application,Businessobjects,Crystal Reports Xi,-,,cpe:2.3:a:businessobjects:crystal_reports_xi:-:*:*:*:*:*:*:*,81E7AE9E-93EE-48ED-930C-38058236331D,2008-04-07T13:42:42.777
businessobjects Crystal Reports Server XI,Application,Businessobjects,Crystal Reports Server Xi,-,,cpe:2.3:a:businessobjects:crystal_reports_server_xi:-:*:*:*:*:*:*:*,657C3AF7-59EA-4E37-85A5-B4E3827BF7DF,2008-04-07T13:42:43.153
BusyBox 1.1.1,Application,Busybox,Busybox,1.1.1,,cpe:2.3:a:busybox:busybox:1.1.1:*:*:*:*:*:*:*,321493CC-2057-4050-AF7B-B558BB8D4E7E,2012-07-25T15:25:49.167
bzip bzip2 1.0.4,Application,Bzip,Bzip2,1.0.4,,cpe:2.3:a:bzip:bzip2:1.0.4:*:*:*:*:*:*:*,F970B00E-1821-4B47-9453-836583439604,2014-05-06T11:28:04.213
Canon imageRUNNER 2620,Application,Canon,Imagerunner 2620,-,,cpe:2.3:a:canon:imagerunner_2620:-:*:*:*:*:*:*:*,2591B9DA-1C34-4895-A504-8F4393EF5EE1,2008-04-07T13:43:37.573
Canon imageRUNNER 5000i,Application,Canon,Imagerunner 5000I,-,,cpe:2.3:a:canon:imagerunner_5000i:-:*:*:*:*:*:*:*,88FD64E8-67E8-415D-A798-4DC26EA8E7B5,2008-04-07T13:43:37.730
Canon imageRUNNER 5020,Application,Canon,Imagerunner 5020,-,,cpe:2.3:a:canon:imagerunner_5020:-:*:*:*:*:*:*:*,C4C71856-24F8-4ADC-A2E7-DE3789E4990C,2008-04-07T13:43:37.933
Canon imageRUNNER 8500,Application,Canon,Imagerunner 8500,-,,cpe:2.3:a:canon:imagerunner_8500:-:*:*:*:*:*:*:*,A2716E8F-24A1-43CA-AFA1-2C7E469536D6,2008-04-07T13:43:38.090
Canon imageRUNNER 9070,Application,Canon,Imagerunner 9070,-,,cpe:2.3:a:canon:imagerunner_9070:-:*:*:*:*:*:*:*,88B0ADE7-6B92-46AE-8542-ADA9EDC6E0A7,2008-04-07T13:43:38.230
Canon imageRUNNER C3200,Application,Canon,Imagerunner C3200,-,,cpe:2.3:a:canon:imagerunner_c3200:-:*:*:*:*:*:*:*,C1AC216D-39CE-491C-A3AB-E1FBEFE3B6C2,2008-04-07T13:43:38.370
Canon imageRUNNER C3220,Application,Canon,Imagerunner C3220,-,,cpe:2.3:a:canon:imagerunner_c3220:-:*:*:*:*:*:*:*,D879D68C-BA6B-4553-9E41-2EC324EFD66F,2008-04-07T13:43:38.510
Canon imageRUNNER C6800,Application,Canon,Imagerunner C6800,-,,cpe:2.3:a:canon:imagerunner_c6800:-:*:*:*:*:*:*:*,8B9622B4-2C7B-4AD4-98B8-39BBA75445C8,2008-04-07T13:43:38.683
Canon imageRUNNER C6870,Application,Canon,Imagerunner 6870,-,,cpe:2.3:a:canon:imagerunner_6870:-:*:*:*:*:*:*:*,827F0059-F1E4-4133-8643-5A0AD8ECB9EC,2008-04-07T13:43:38.823
Cisco Access Server AS5300,Application,Cisco,As5300,-,,cpe:2.3:a:cisco:as5300:-:*:*:*:*:*:*:*,A47A4BAE-F133-405F-A315-ADCBE7C95080,2008-04-07T13:43:59.887
Cisco Access Server AS5800,Application,Cisco,As5800,-,,cpe:2.3:a:cisco:as5800:-:*:*:*:*:*:*:*,45750644-F946-451E-94B1-9E8652F613BB,2008-04-07T13:44:00.183
Cisco Catalyst 2900 11.2 (8.2)SA6,Operating System,Cisco,Ios,11.2\(8.2\)sa6,,cpe:2.3:o:cisco:ios:11.2\(8.2\)sa6:*:*:*:*:*:*:*,E6B7C615-91FB-4668-B8F6-525BF997D4F6,2008-06-17T17:51:43.950
Cisco Content Distribution Manager 4630,Application,Cisco,Content Distribution Manager 4630,-,,cpe:2.3:a:cisco:content_distribution_manager_4630:-:*:*:*:*:*:*:*,F5F5C1A3-3196-436F-B661-88FB1B0355C4,2008-04-07T13:48:49.010
Cisco Content Distribution Manager 4650,Application,Cisco,Content Distribution Manager 4650,-,,cpe:2.3:a:cisco:content_distribution_manager_4650:-:*:*:*:*:*:*:*,8A6EAADC-A65D-4032-8D4E-01950F9C17C9,2008-04-07T13:48:50.027
Cisco Content Distribution Manager 4670,Application,Cisco,Content Distribution Manager 4670,-,,cpe:2.3:a:cisco:content_distribution_manager_4670:-:*:*:*:*:*:*:*,2858CC39-2133-460B-9E4F-5982FDC2B57C,2008-04-07T13:48:51.010
Cisco MGX 8230 1.2.10,Operating System,Cisco,Mgx 8230,1.2.10,,cpe:2.3:o:cisco:mgx_8230:1.2.10:*:*:*:*:*:*:*,B7F0D88F-6B28-4C66-9599-6D1DA423C319,2008-04-15T22:29:41.877
Cisco MGX 8250 1.2.10,Operating System,Cisco,Mgx 8250,1.2.10,,cpe:2.3:o:cisco:mgx_8250:1.2.10:*:*:*:*:*:*:*,9E359326-4DB3-4FE8-A919-CA9BD2C5F08F,2008-04-15T22:29:42.520
Cisco Storage Router SN5428 2-3.3.1-K9,Operating System,Cisco,Sn 5428 Storage Router,2-3.3.1-k9,,cpe:2.3:o:cisco:sn_5428_storage_router:2-3.3.1-k9:*:*:*:*:*:*:*,B8353C07-B76A-4726-9A8F-48A6820FD4E8,2008-04-15T22:30:33.757
Cisco System Controller SC3640,Application,Cisco,System Controller 3640,-,,cpe:2.3:a:cisco:system_controller_3640:-:*:*:*:*:*:*:*,D0F2472A-B745-43E3-958D-4DBB2BE55796,2008-04-07T14:02:22.070
Cisco tac_plus 4.0.2alpha,Application,Cisco,Tacacs\+,f4.0.2alpha,,cpe:2.3:a:cisco:tacacs\+:f4.0.2alpha:*:*:*:*:*:*:*,C0C3A872-4F3C-485A-A686-A6E3DC6691A2,2008-06-17T17:50:33.860
Cisco Virtual Central Office 4000 (VCO_4K) 5.1.3,Application,Cisco,Virtual Central Office 4000,5.1.3,,cpe:2.3:a:cisco:virtual_central_office_4000:5.1.3:*:*:*:*:*:*:*,015F74C3-A788-4274-BA2C-89CE2CA6F6DF,2008-04-07T14:02:41.273
Cisco VPN 3030 Concentator 4.7 REL,Operating System,Cisco,Vpn 3030 Concentator,4.7\(rel\),,cpe:2.3:o:cisco:vpn_3030_concentator:4.7\(rel\):*:*:*:*:*:*:*,78EDD33F-E5B3-4302-A582-87011F69333E,2008-06-17T17:54:14.360
Compaq Easy Access Keyboard software 1.3,Application,Compaq,Easy Access Keyboard Software,1.3,,cpe:2.3:a:compaq:easy_access_keyboard_software:1.3:*:*:*:*:*:*:*,64AE63EB-566B-4F9E-8E06-10D4931C407E,2008-04-07T14:03:55.973
Compaq Enterprise Volume Manager_Command Scripter 1.0,Application,Compaq,Enterprise Volume Manager-Command Scripter,1.0,,cpe:2.3:a:compaq:enterprise_volume_manager-command_scripter:1.0:*:*:*:*:*:*:*,C1CA4BFA-6B6D-47EA-9C53-987C5072198A,2008-04-07T14:03:56.117
Computer Associates eTrust Secure Content Manager 8.0,Application,Ca,Etrust Secure Content Manager,8.0,,cpe:2.3:a:ca:etrust_secure_content_manager:8.0:*:*:*:*:*:*:*,318874B7-1DBC-4F8A-B710-CEDB2DC5D8AF,2021-04-12T15:26:45.817
Conectiva Conectiva Linux 1.0.0,Operating System,Conectiva,Linux,1.0.0,,cpe:2.3:o:conectiva:linux:1.0.0:*:*:*:*:*:*:*,9AB2851D-4E27-4002-8749-2D914E343D9F,2008-04-01T14:41:53.323
Cray UNICOS 1.3 MAX,Operating System,Cray,Unicos Max,1.3,,cpe:2.3:o:cray:unicos_max:1.3:*:*:*:*:*:*:*,8B5A0605-CD10-4E1F-8B96-352A2B923882,2008-04-07T14:04:05.210
"Simbirsk Technologies, Ltd CS-Cart 1.3.0",Application,Cs-Cart,Cs-Cart,1.3.0,,cpe:2.3:a:cs-cart:cs-cart:1.3.0:*:*:*:*:*:*:*,309428EF-7742-447D-88A3-7EE2590EAF2A,2013-02-25T19:39:45.643
Digium Asterisk 0.1.0,Application,Digium,Asterisk,0.1.0,,cpe:2.3:a:digium:asterisk:0.1.0:*:*:*:*:*:*:*,8F42535C-EEB1-4219-837A-239DFE558E5C,2012-07-03T18:47:23.647
JBMC Software DirectAdmin 1.30.1,Application,Directadmin,Directadmin,1.30.1,,cpe:2.3:a:directadmin:directadmin:1.30.1:*:*:*:*:*:*:*,804AFD12-F44C-48CA-A2C2-E0FFCB4EE226,2012-10-09T01:09:45.857
DotClear 1.2.1,Application,Dotclear,Dotclear,1.2.1,,cpe:2.3:a:dotclear:dotclear:1.2.1:*:*:*:*:*:*:*,821465FC-67D9-4B04-B44B-DEAE17AFF0E3,2011-07-27T16:01:32.900
Drupal 4.6.10,Application,Drupal,Drupal,4.6.10,,cpe:2.3:a:drupal:drupal:4.6.10:*:*:*:*:*:*:*,622042ED-5ED2-4018-B6B4-7A2810C6FA5C,2016-11-23T13:46:47.837
e107 0.7,Application,E107,E107,0.7,,cpe:2.3:a:e107:e107:0.7:*:*:*:*:*:*:*,660BDFF2-D562-4ACD-9417-C1F8D0D8C99C,2012-12-21T16:28:04.253
Elxis Elxis CMS 2006.1,Application,Elxis,Elxis Cms,2006.1,,cpe:2.3:a:elxis:elxis_cms:2006.1:*:*:*:*:*:*:*,AD172B03-DB35-4DBA-B759-75683A97580B,2012-08-31T18:04:39.077
eNdonesia 8.2,Application,Endonesia,Endonesia,8.2,,cpe:2.3:a:endonesia:endonesia:8.2:*:*:*:*:*:*:*,8C0B9C57-5DDE-4412-96B9-61AD15072062,2010-10-13T02:44:35.460
EtoShop Dynamic Biz Website Builder QuickWeb 1.0,Application,Etoshop,Dynamic Biz Website Builder Quickweb,1.0,,cpe:2.3:a:etoshop:dynamic_biz_website_builder_quickweb:1.0:*:*:*:*:*:*:*,23C074F6-037A-4F72-B989-57CCCD822355,2013-12-23T16:54:18.553
Fail2Ban 0.7.4,Application,Fail2Ban,Fail2Ban,0.7.4,,cpe:2.3:a:fail2ban:fail2ban:0.7.4:*:*:*:*:*:*:*,7DC07832-8A0D-423A-B573-3388550365AF,2013-01-08T19:28:19.523
Fetchmail 6.3.1,Application,Fetchmail,Fetchmail,6.3.1,,cpe:2.3:a:fetchmail:fetchmail:6.3.1:*:*:*:*:*:*:*,CBEF6AFB-4A3D-4F41-A42A-41963E281D50,2011-02-15T16:16:53.210
FFmpeg 0.4.6,Application,Ffmpeg,Ffmpeg,0.4.6,,cpe:2.3:a:ffmpeg:ffmpeg:0.4.6:*:*:*:*:*:*:*,0B39C335-0ADF-4620-89A1-9E3CCC4256CB,2012-08-21T23:53:50.653
FreeRADIUS 0.2,Application,Freeradius,Freeradius,0.2,,cpe:2.3:a:freeradius:freeradius:0.2:*:*:*:*:*:*:*,3A2B0324-4504-4986-B9C8-D133BAD4CAF5,2010-10-08T17:37:36.923
FreeType 2.0.9,Application,Freetype,Freetype,2.0.9,,cpe:2.3:a:freetype:freetype:2.0.9:*:*:*:*:*:*:*,F0FFC5F3-0674-4851-A113-0A91BFD0F188,2012-04-30T15:53:39.500
FTPRush 1.0.0.610,Application,Ftprush,Ftprush,1.0.0.610,,cpe:2.3:a:ftprush:ftprush:1.0.0.610:*:*:*:*:*:*:*,3977B8B5-8524-43B8-A4C8-DE57ACDE771D,2010-08-31T01:27:52.623
Geeklog Geeklog 1.3,Application,Geeklog,Geeklog,1.3,,cpe:2.3:a:geeklog:geeklog:1.3:*:*:*:*:*:*:*,B815ACC4-4A62-41F2-AF2E-EDEFA18D65BC,2012-09-10T23:31:30.570
GnuPG (Privacy Guard) 1.4.3,Application,Gnupg,Gnupg,1.4.3,,cpe:2.3:a:gnupg:gnupg:1.4.3:*:*:*:*:*:*:*,C0C80F9B-70F1-4029-AC33-AC7A6462A37C,2023-06-06T18:58:32.710
Hitachi Cosminexus Application Server Standard 6,Application,Hitachi,Cosminexus Application Server,6,,cpe:2.3:a:hitachi:cosminexus_application_server:6:*:*:*:*:*:*:*,C4630BA5-FB40-476F-A52C-C1ECF1E5B1BE,2010-04-23T18:43:34.730
Horde Application Framework 1.0.3,Application,Horde,Horde Application Framework,1.0.3,,cpe:2.3:a:horde:horde_application_framework:1.0.3:*:*:*:*:*:*:*,56FE277C-F7E3-4AC2-A68B-1F09D1178A7A,2010-11-19T18:29:42.547
Horde IMP 2.0,Application,Horde,Imp,2.0,,cpe:2.3:a:horde:imp:2.0:*:*:*:*:*:*:*,60AF70B0-4733-4AF6-AF90-EE7D12A945E3,2011-06-30T15:00:07.987
HP hpsockd 0.4,Application,Hp,Sockd,0.4,,cpe:2.3:a:hp:sockd:0.4:*:*:*:*:*:*:*,3776D442-5E6B-43A3-B26A-782AF7050B37,2008-04-07T14:06:04.787
HP Radia Notify Daemon 3.1.0.0,Application,Hp,Radia Client,3.1.0.0,,cpe:2.3:a:hp:radia_client:3.1.0.0:*:*:*:*:*:*:*,5B8C98F5-294E-4624-91BD-16332DCA3280,2008-04-07T14:13:00.207
IBM IBMHSSSB 1.0,Application,Ibm,Http Server Ssl Module Common,1.0,,cpe:2.3:a:ibm:http_server_ssl_module_common:1.0:*:*:*:*:*:*:*,6518A353-1E04-45A8-9DEB-229DC66CC354,2008-04-07T14:13:58.940
IBM Lotus Sametime 1.5,Application,Ibm,Lotus Sametime,1.5,,cpe:2.3:a:ibm:lotus_sametime:1.5:*:*:*:*:*:*:*,1B0D581C-E27B-445C-97FB-226FDD0C398D,2010-09-16T20:14:00.100
IBM SecureWay 3.2.1,Application,Ibm,Secureway Directory,3.2.1,,cpe:2.3:a:ibm:secureway_directory:3.2.1:*:*:*:*:*:*:*,84C33997-8940-4197-B5C6-6767AA6B2964,2008-04-07T14:14:26.017
IBM Tivoli Directory Server 3.2.2,Application,Ibm,Tivoli Directory Server,3.2.2,,cpe:2.3:a:ibm:tivoli_directory_server:3.2.2:*:*:*:*:*:*:*,C70FD91B-27EA-47B4-B0BD-BB1709D0DBC6,2007-09-14T17:36:49.090
IBM WSPortal 1.0,Application,Ibm,Websphere Portal,1.0,,cpe:2.3:a:ibm:websphere_portal:1.0:*:*:*:*:*:*:*,62E8853E-8E22-42B7-82AA-3BD8E5A17C44,2008-04-07T14:14:38.097
Iconics Dialog Wrapper Module ActiveX Control 8.4.165.0,Application,Iconics,Dialog Wrapper Module Activex Control,8.4.165.0,,cpe:2.3:a:iconics:dialog_wrapper_module_activex_control:8.4.165.0:*:*:*:*:*:*:*,A3293F3C-C002-476D-836C-16FB1515AB6C,2012-04-30T15:52:04.327
iDevspot AutoHost 3.0,Application,Idevspot,Autohost,3.0,,cpe:2.3:a:idevspot:autohost:3.0:*:*:*:*:*:*:*,060514F4-CB71-4CC7-8539-0FB31CA45528,2012-10-12T13:38:28.287
iDevspot iSupport 1.06,Application,Idevspot,Isupport,1.06,,cpe:2.3:a:idevspot:isupport:1.06:*:*:*:*:*:*:*,5219E35B-8558-45FB-9E65-50141B4F7B8C,2012-10-12T13:36:10.647
iDevspot NixieAffiliate 1.9,Application,Idevspot,Nixieaffiliate,1.9,,cpe:2.3:a:idevspot:nixieaffiliate:1.9:*:*:*:*:*:*:*,2553B01A-4C75-4AD4-B17B-D35E31DB295C,2012-10-12T13:38:28.617
iDevspot PHPHostBot 1.0,Application,Idevspot,Phphostbot,1.0,,cpe:2.3:a:idevspot:phphostbot:1.0:*:*:*:*:*:*:*,22076B08-CFE8-428C-BDA4-D76611EB7CA5,2012-10-12T13:38:28.663
iDevspot PhpLinkExchange 1.0,Application,Idevspot,Phplinkexchange,1.0,,cpe:2.3:a:idevspot:phplinkexchange:1.0:*:*:*:*:*:*:*,E31B25E0-C3CA-40C3-8677-6226BDCA30D8,2012-10-12T13:38:28.850
inkscape  0.40,Application,Inkscape,Inkscape,0.40,,cpe:2.3:a:inkscape:inkscape:0.40:*:*:*:*:*:*:*,2B0D0936-B3F1-4AE1-A75B-ADEE664045A8,2013-01-18T22:48:03.917
Ipswitch IMail 2006,Application,Ipswitch,Imail,2006,,cpe:2.3:a:ipswitch:imail:2006:*:*:*:*:*:*:*,02AAE400-48A7-4F93-AEC5-A9FE2C53B9B1,2012-08-20T18:31:12.357
Ipswitch IMail Express 8.03,Application,Ipswitch,Imail Express,8.03,,cpe:2.3:a:ipswitch:imail_express:8.03:*:*:*:*:*:*:*,A05A02F7-9548-4948-8CD6-2D12493503E3,2012-08-20T18:31:14.857
Ipswitch IMail Plus 2006,Application,Ipswitch,Imail Plus,2006,,cpe:2.3:a:ipswitch:imail_plus:2006:*:*:*:*:*:*:*,35A8580F-A629-4B59-AF2E-2F091D781649,2012-08-20T18:31:14.917
Ipswitch IMail Premium 2006,Application,Ipswitch,Imail Premium,2006,,cpe:2.3:a:ipswitch:imail_premium:2006:*:*:*:*:*:*:*,8C456CC5-54DD-4EED-BE76-4A6A104E5AB3,2012-08-20T18:31:14.980
Ipswitch IMail Secure Server 2006,Application,Ipswitch,Imail Secure Server,2006,,cpe:2.3:a:ipswitch:imail_secure_server:2006:*:*:*:*:*:*:*,6D50997C-1FAB-47C3-9969-AC91263C68F6,2012-08-20T18:31:15.043
Ipswitch IMail Server 2006.2,Application,Ipswitch,Imail Server,2006.2,,cpe:2.3:a:ipswitch:imail_server:2006.2:*:*:*:*:*:*:*,08E44A17-CADB-48AB-B236-3079FAF026CA,2012-08-20T18:31:15.107
Ipswitch IMserver 2.0.5.30,Application,Ipswitch,Imserver,2.0.5.30,,cpe:2.3:a:ipswitch:imserver:2.0.5.30:*:*:*:*:*:*:*,2281EE73-A98C-43FF-B69E-2EB4B99FD029,2012-08-20T18:31:15.403
Ipswitch Ipswitch Collaboration Suite 2.0,Application,Ipswitch,Ipswitch Collaboration Suite,2.0,,cpe:2.3:a:ipswitch:ipswitch_collaboration_suite:2.0:*:*:*:*:*:*:*,C16B2729-4C2A-4365-9603-FE99A897EEED,2012-08-20T18:31:15.667
Ipswitch WinCOM LPD 1.00.90,Application,Ipswitch,Wincom Lpd,1.00.90,,cpe:2.3:a:ipswitch:wincom_lpd:1.00.90:*:*:*:*:*:*:*,F6659C4A-C336-42B6-B898-8B35047451D5,2012-08-20T18:31:16.997
Ipswitch WS_FTP 2007,Application,Ipswitch,Ws Ftp,2007,,cpe:2.3:a:ipswitch:ws_ftp:2007:*:*:*:*:*:*:*,94BD4283-6A7B-4E43-ACD4-D6DCD326446A,2012-08-20T18:31:17.793
Irokez CMS 0.7.1,Application,Irokez,Irokez Cms,0.7.1,,cpe:2.3:a:irokez:irokez_cms:0.7.1:*:*:*:*:*:*:*,6BDE6371-DD04-4B21-870C-DC041800F2C5,2010-08-31T01:29:08.357
Juniper NetScreen-Security Manager 2004,Application,Juniper,Netscreen-Security Manager 2004,-,,cpe:2.3:a:juniper:netscreen-security_manager_2004:-:*:*:*:*:*:*:*,F26E1003-6C68-478E-AA36-8C11BF0B7C7E,2008-04-07T14:15:20.143
k5n WebCalendar 0.9.45,Application,K5N,Webcalendar,0.9.45,,cpe:2.3:a:k5n:webcalendar:0.9.45:*:*:*:*:*:*:*,1317866D-28FB-4134-BF37-4FFFBD681EDD,2012-10-12T13:26:28.083
Kadu 0.4.2,Application,Kadu,Kadu,0.4.2,,cpe:2.3:a:kadu:kadu:0.4.2:*:*:*:*:*:*:*,28C52E8B-F626-4EFB-9964-DEA1F9775F93,2012-03-01T00:21:35.550
KDE KOffice 1.2,Application,Kde,Koffice,1.2,,cpe:2.3:a:kde:koffice:1.2:*:*:*:*:*:*:*,E356279B-251D-4350-94F7-CB48A826E561,2012-08-23T02:39:54.140
Schezo Lhaplus 1.52,Application,Lhaplus,Lhaplus,1.52,,cpe:2.3:a:lhaplus:lhaplus:1.52:*:*:*:*:*:*:*,9EE5694B-F9B3-458E-933A-289CE1CF3CB0,2015-04-15T14:41:55.337
LibTIFF 3.4,Application,Libtiff,Libtiff,3.4,,cpe:2.3:a:libtiff:libtiff:3.4:*:*:*:*:*:*:*,02E5D50D-E90A-4102-9CCA-954CD645D7CF,2010-10-11T18:51:48.820
lighttpd 1.3.16,Application,Lighttpd,Lighttpd,1.3.16,,cpe:2.3:a:lighttpd:lighttpd:1.3.16:*:*:*:*:*:*:*,54B4B4E5-9396-43FC-8467-C076317AA73E,2009-04-24T19:04:38.813
Linux Omnikey Cardman 4040,Application,Omnikey.Aaitg,Omnikey Cardman 4040,-,,cpe:2.3:a:omnikey.aaitg:omnikey_cardman_4040:-:*:*:*:*:*:*:*,55E45ED0-194F-4C7B-9445-95C662386DAE,2008-04-07T14:46:39.490
Lunascape 4.1.1,Application,Lunascape,Lunascape,4.1.1,,cpe:2.3:a:lunascape:lunascape:4.1.1:*:*:*:*:*:*:*,DE4B6E12-996A-4BC1-A237-229FE3BE28A9,2011-03-01T19:23:29.567
Macromedia Director MX 5.0,Application,Macromedia,Director,5.0,,cpe:2.3:a:macromedia:director:5.0:*:*:*:*:*:*:*,8BC3452A-F7BE-453B-97AD-DA3C4F6AB2C9,2008-04-01T16:13:47.273
Macromedia Flash 4.0 r12,Application,Macromedia,Flash Player,4.0_r12,,cpe:2.3:a:macromedia:flash_player:4.0_r12:*:*:*:*:*:*:*,79535DB6-91CC-4BC0-AFBC-D636A85A5754,2008-04-07T14:17:25.077
Macromedia Flash Communication Server MX 1.0,Application,Macromedia,Flash Communication Server,1.0,,cpe:2.3:a:macromedia:flash_communication_server:1.0:*:*:*:*:*:*:*,8C0F3E31-5044-442A-8FD7-7756FBCD3EFB,2008-04-01T16:13:48.057
MandrakeSoft Mandrake LinuxSoft 2007.0,Operating System,Mandrakesoft,Mandrake Linuxsoft 2007,-,,cpe:2.3:o:mandrakesoft:mandrake_linuxsoft_2007:-:*:*:*:*:*:*:*,080DEBFE-B2B2-4501-9873-D6EEF7DBFF2B,2008-04-07T14:17:32.610
McAfee Remote Desktop 3.0,Application,Mcafee,Remote Desktop 32,3.0,,cpe:2.3:a:mcafee:remote_desktop_32:3.0:*:*:*:*:*:*:*,AC2BA44A-088C-46EE-9B45-B9E7CEE61F20,2008-04-07T14:17:36.423
McAfee SecurityCenter 4.3,Application,Mcafee,Security Center,4.3,,cpe:2.3:a:mcafee:security_center:4.3:*:*:*:*:*:*:*,6FB30C0E-C312-464D-9A48-9AD9C1318FF3,2012-05-10T15:20:22.080
McAfee WebShield 4.0,Application,Mcafee,Webshield Smtp,4.0,,cpe:2.3:a:mcafee:webshield_smtp:4.0:*:*:*:*:*:*:*,5E7553C3-DD24-4D99-BD47-CB1A2A5A8712,2008-04-07T14:17:39.780
MediaWiki 1.1.0,Application,Mediawiki,Mediawiki,1.1.0,,cpe:2.3:a:mediawiki:mediawiki:1.1.0:*:*:*:*:*:*:*,09ACFC4F-A8F5-420C-B90A-295E5394DDC6,2011-05-06T20:16:07.607
Microsoft .NET Framework 1.1 2003 sp2,Application,Microsoft,.Net Framework,1.1,sp2,cpe:2.3:a:microsoft:.net_framework:1.1:sp2:*:*:*:*:*:*,71E7228C-6767-47BE-A5D9-E2FEE2A53DAC,2008-04-07T14:26:05.263
Microsoft InterDev 1.0,Application,Microsoft,Visual Interdev,1.0,,cpe:2.3:a:microsoft:visual_interdev:1.0:*:*:*:*:*:*:*,364D29D5-BCDE-4CEE-9269-16B876859087,2008-04-01T16:14:14.977
Microsoft Internet Explorer Macintosh 5.0,Application,Microsoft,Ie For Macintosh,5.0,,cpe:2.3:a:microsoft:ie_for_macintosh:5.0:*:*:*:*:*:*:*,F9F63499-7954-4640-9916-68224AF02E1C,2008-04-07T14:26:57.420
Microsoft MDAC 1.5,Application,Microsoft,Data Access Components,1.5,,cpe:2.3:a:microsoft:data_access_components:1.5:*:*:*:*:*:*:*,AD7DDDF2-FB0A-4318-8CF7-83B8332EE37E,2008-04-07T14:27:05.480
Microsoft MSN Messenger Service 4.7,Application,Microsoft,Msn Messenger,4.7,,cpe:2.3:a:microsoft:msn_messenger:4.7:*:*:*:*:*:*:*,FDC76F0F-FB66-4825-A814-665CA3652A2E,2008-04-07T14:27:17.387
Microsoft Office Web Components 2002,Application,Microsoft,Office Web Components,2002,,cpe:2.3:a:microsoft:office_web_components:2002:*:*:*:*:*:*:*,874088AA-8BC6-4D5C-814D-A53624A34AF6,2007-09-14T17:36:49.090
Microsoft Outlook 2002 Connector,Application,Microsoft,Outlook Connector,2002,,cpe:2.3:a:microsoft:outlook_connector:2002:*:*:*:*:*:*:*,7B1FFDF0-565A-4239-BB71-EE75591A80E7,2008-04-07T14:27:30.450
Microsoft Outlook Express 5.0.2,Application,Microsoft,Outlook Express,5.0.2,,cpe:2.3:a:microsoft:outlook_express:5.0.2:*:*:*:*:*:*:*,406D0BA0-59AB-4BA2-B469-A298E19F3E4C,2007-09-14T17:36:49.090
Microsoft Photodraw 2000.1,Application,Microsoft,Photodraw 2000,1.0,,cpe:2.3:a:microsoft:photodraw_2000:1.0:*:*:*:*:*:*:*,CA7C4914-AC9E-4E0F-87BF-AED2713E2AAC,2008-04-07T14:27:36.857
Microsoft Systems Management Server 2.50.2726 .0,Application,Microsoft,Systems Management Server,2.50.2726,,cpe:2.3:a:microsoft:systems_management_server:2.50.2726:*:*:*:*:*:*:*,508C858A-666F-45DC-9535-75658CEEDB56,2008-04-07T14:28:10.323
Microsoft Visual C 2002,Application,Microsoft,Visual C\#,2002,,cpe:2.3:a:microsoft:visual_c\#:2002:*:*:*:*:*:*:*,5E91DB77-9058-4BEC-9AF7-84825CAF74BF,2008-06-17T17:50:44.967
Microsoft Windows 2003 Server Service Pack 1,Operating System,Microsoft,Windows 2003 Server,-,sp1,cpe:2.3:o:microsoft:windows_2003_server:-:sp1:*:*:*:*:*:*,DC04D279-E8A0-4A7E-BE9A-D7B5B031E5E4,2009-03-05T17:19:02.250
Microsoft Windows 98 Plus Pack,Application,Microsoft,Windows 98 Plus Pack,-,,cpe:2.3:a:microsoft:windows_98_plus_pack:-:*:*:*:*:*:*:*,3320E80F-B535-4F82-9822-C11D7E99EB26,2008-04-08T15:14:01.687
Microsoft Windows Media Player 11,Application,Microsoft,Windows Media Player,11,,cpe:2.3:a:microsoft:windows_media_player:11:*:*:*:*:*:*:*,F941D154-10EF-4AA6-85E4-8462EDC49A43,2007-09-14T17:36:49.090
Microsoft Windows SharePoint Services Windows Server 2003,Application,Microsoft,Sharepoint Portal Server,2003,,cpe:2.3:a:microsoft:sharepoint_portal_server:2003:*:*:*:*:*:*:*,9A305132-BD40-473F-B85A-63F782E22CD2,2008-04-07T14:27:49.433
mnoGoSearch 3.1.19,Application,Mnogosearch,Mnogosearch,3.1.19,,cpe:2.3:a:mnogosearch:mnogosearch:3.1.19:*:*:*:*:*:*:*,2BA8A259-8B23-4ED9-8CC2-46A9D7713BFA,2012-10-26T18:21:06.610
Novell Mono 1.0.5,Application,Mono,Mono,1.0.5,,cpe:2.3:a:mono:mono:1.0.5:*:*:*:*:*:*:*,5CA0F18C-8E41-4EC9-806D-89E443B2D535,2010-05-28T12:59:19.203
Monotone 0.25,Application,Monotone,Monotone,0.25,,cpe:2.3:a:monotone:monotone:0.25:*:*:*:*:*:*:*,B2661A0C-985F-499C-B52A-5FDBD1BB2D81,2010-10-29T17:38:45.183
Mutt 1.5.10,Application,Mutt,Mutt,1.5.10,,cpe:2.3:a:mutt:mutt:1.5.10:*:*:*:*:*:*:*,528F9D78-1C01-409C-B07F-B9AB0AA7F986,2014-03-17T14:34:21.927
MyBB 1.1.1,Application,Mybb,Mybb,1.1.1,,cpe:2.3:a:mybb:mybb:1.1.1:*:*:*:*:*:*:*,FBEB522F-5F2E-4AA8-AD5A-86D621E04D71,2012-08-31T18:19:58.340
MySQL MySQL Community Server 5.0.41,Application,Mysql,Community Server,5.0.41,,cpe:2.3:a:mysql:community_server:5.0.41:*:*:*:*:*:*:*,2FE41DA1-6775-45FF-BA21-DDAF5106740A,2008-04-07T14:32:04.713
MySQL Eventum MySQL Eventum 1.1,Application,Mysql,Eventum,1.1,,cpe:2.3:a:mysql:eventum:1.1:*:*:*:*:*:*:*,3B64E823-B008-4F80-A6DD-D9529D330EC7,2008-04-07T14:32:05.197
MysqlDumper MysqlDumper 1.22,Application,Mysqldumper,Mysqldumper,1.22,,cpe:2.3:a:mysqldumper:mysqldumper:1.22:*:*:*:*:*:*:*,31C429A2-A287-453C-AFFB-42698BDA0C55,2007-09-14T17:36:49.090
Namazu  2.0.13,Application,Namazu,Namazu,2.0.13,,cpe:2.3:a:namazu:namazu:2.0.13:*:*:*:*:*:*:*,212479CA-C4B3-4521-B5B7-DC6824EE8CB7,2012-01-05T19:29:36.720
Net-SNMP Net-SNMP 5.0,Application,Net-Snmp,Net-Snmp,5.0,,cpe:2.3:a:net-snmp:net-snmp:5.0:*:*:*:*:*:*:*,14001D37-8694-4914-81D1-37368F272737,2013-12-16T17:07:17.073
NetWin SurgeFTP 1.1h,Application,Netwin,Surgeftp,1.1h,,cpe:2.3:a:netwin:surgeftp:1.1h:*:*:*:*:*:*:*,081ACD02-54B9-465C-9F3E-B4F326E24444,2014-02-28T00:33:32.027
Nokia Nokia 3210,Application,Nokia,3210,-,,cpe:2.3:a:nokia:3210:-:*:*:*:*:*:*:*,20EE92EC-1602-42A6-9131-0AA79A4371FB,2008-04-07T14:36:46.790
Nokia Nokia 6310i,Application,Nokia,6310I,-,,cpe:2.3:a:nokia:6310i:-:*:*:*:*:*:*:*,AC09A6AC-77BA-4190-B416-DB92787603FF,2008-04-07T14:36:46.993
Nokia Nokia 7610,Application,Nokia,7610,-,,cpe:2.3:a:nokia:7610:-:*:*:*:*:*:*:*,DDC742B9-9936-4B17-B644-6B45689C1CC4,2008-04-07T14:36:47.150
Nokia Nokia 9500,Application,Nokia,9500,-,,cpe:2.3:a:nokia:9500:-:*:*:*:*:*:*:*,D6BF7E40-C775-4842-B10D-3EFE0E0BD624,2008-04-07T14:36:47.337
Nortel IP softphone 2050,Application,Nortel,Ip Softphone 2050,-,,cpe:2.3:a:nortel:ip_softphone_2050:-:*:*:*:*:*:*:*,24F86F45-2F37-4938-94F9-0BFEC89F20B2,2008-04-07T14:36:52.383
Nortel MCS 5100 3.0,Application,Nortel,Media Communication Server 5100,3.0,,cpe:2.3:a:nortel:media_communication_server_5100:3.0:*:*:*:*:*:*:*,0E663008-4EC4-4592-99E9-B4EC55CDC082,2008-04-07T14:36:52.523
Nortel MCS 5200 3.0,Application,Nortel,Media Communication Server 5200,3.0,,cpe:2.3:a:nortel:media_communication_server_5200:3.0:*:*:*:*:*:*:*,72AC5002-F6B8-4427-A599-4960186813A2,2008-04-07T14:36:52.790
Nortel Mobile Voice Client 2050,Application,Nortel,Mobile Voice Client 2050,-,,cpe:2.3:a:nortel:mobile_voice_client_2050:-:*:*:*:*:*:*:*,6949562C-7821-4C53-AC55-700898474C43,2008-04-07T14:36:53.837
Novell Novell client 3.1,Application,Novell,Client,3.1,,cpe:2.3:a:novell:client:3.1:*:*:*:*:*:*:*,D53A7B4D-1707-4869-A0FC-97F222495934,2008-04-01T16:40:20.737
Nullsoft Winamp 2.0,Application,Nullsoft,Winamp,2.0,,cpe:2.3:a:nullsoft:winamp:2.0:*:*:*:*:*:*:*,52D069E6-ADEC-4C13-8977-EF90EC723707,2009-11-25T18:34:27.467
Open-Realty 2.3.1,Application,Open-Realty,Open-Realty,2.3.1,,cpe:2.3:a:open-realty:open-realty:2.3.1:*:*:*:*:*:*:*,6F36BD3B-DF03-4D65-A35B-2AD33FBE2ABB,2012-09-10T23:33:57.837
OpenAFS 1.0,Application,Openafs,Openafs,1.0,,cpe:2.3:a:openafs:openafs:1.0:*:*:*:*:*:*:*,25B28171-D112-46D3-A8A7-2168768EB4AC,2016-08-30T17:39:42.930
OpenSolution Quick.Cms.Lite 0.3,Application,Opensolution,Quick.Cms.Lite,0.3,,cpe:2.3:a:opensolution:quick.cms.lite:0.3:*:*:*:*:*:*:*,2EEA7662-495D-4263-BA22-EC3EEAD9FFDC,2012-07-04T14:17:49.020
OpenTTD 0.3.6,Application,Openttd,Openttd,0.3.6,,cpe:2.3:a:openttd:openttd:0.3.6:*:*:*:*:*:*:*,F203546F-EC74-496C-8FBE-B2D2A9BAD523,2014-06-30T17:15:33.893
Oracle Formsbuilder 9.0.4,Application,Oracle,Forms Builder,9.0.4,,cpe:2.3:a:oracle:forms_builder:9.0.4:*:*:*:*:*:*:*,023C100B-9F69-47C9-A26D-06605558D8CB,2008-04-07T14:48:02.537
osCommerce osCommerce 1.1,Application,Oscommerce,Oscommerce,1.1,,cpe:2.3:a:oscommerce:oscommerce:1.1:*:*:*:*:*:*:*,7107B6C8-377A-4FD0-AD4A-81DA10336899,2012-11-13T23:50:55.997
Open Ticket Request System (OTRS) 1.0.0,Application,Otrs,Otrs,1.0.0,,cpe:2.3:a:otrs:otrs:1.0.0:*:*:*:*:*:*:*,CFBF3456-8DA9-48E3-BD72-2E77E8246785,2011-03-30T20:48:47.143
Philippe Jounin Tftpd32 2.81,Application,Philippe Jounin,Tftpd32,2.81,,cpe:2.3:a:philippe_jounin:tftpd32:2.81:*:*:*:*:*:*:*,2DD59025-C573-4CEA-BF2F-D045164FF327,2013-12-16T18:16:05.940
Phorum 3.0.7,Application,Phorum,Phorum,3.0.7,,cpe:2.3:a:phorum:phorum:3.0.7:*:*:*:*:*:*:*,B3486F50-DD3F-41F3-BE85-A05CDB89CAB9,2012-02-10T18:53:01.000
PHP dirLIST 0.1.1,Application,Dirlist,Dirlist Php,0.1.1,,cpe:2.3:a:dirlist:dirlist_php:0.1.1:*:*:*:*:*:*:*,1AAE8D9F-7F7B-407A-91D3-FF6428634A5D,2008-04-07T14:48:28.487
PHP EasyMoblog 0.5.1,Application,Easymoblog,Easymoblog,0.5.1,,cpe:2.3:a:easymoblog:easymoblog:0.5.1:*:*:*:*:*:*:*,E2ED51FC-012C-4FF4-8B25-8795CBBEC1E2,2008-04-07T14:48:28.630
PHP phpBookingCalendar 1.0c,Application,Jjwwebdesign,Phpbookingcalendar,1.0c,,cpe:2.3:a:jjwwebdesign:phpbookingcalendar:1.0c:*:*:*:*:*:*:*,6849F3A1-AC2D-42D6-B1F8-FFF4EDBBDB6A,2008-04-07T14:48:53.987
PHP-Nuke MyHeadlines 4.3.1,Application,Phpnuke,Myheadlines,4.3.1,,cpe:2.3:a:phpnuke:myheadlines:4.3.1:*:*:*:*:*:*:*,339D3FB5-777C-4661-8698-8EDBB95B2095,2008-04-07T14:48:55.690
PHP-Nuke 7.0,Application,Phpnuke,Php-Nuke,7.0,,cpe:2.3:a:phpnuke:php-nuke:7.0:*:*:*:*:*:*:*,56957119-1E62-4CFE-A9DE-4BA9663B5201,2011-06-21T14:12:21.860
phpList 2.10.2,Application,Phplist,Phplist,2.10.2,,cpe:2.3:a:phplist:phplist:2.10.2:*:*:*:*:*:*:*,2B286E18-CF44-4DC7-B8D7-05A7FE4EE1E3,2012-08-20T18:06:08.777
phpMyFAQ 1.3.12,Application,Phpmyfaq,Phpmyfaq,1.3.12,,cpe:2.3:a:phpmyfaq:phpmyfaq:1.3.12:*:*:*:*:*:*:*,279E5B42-0A26-4B2C-A8CE-199731715AF8,2012-10-23T20:58:35.377
Pi-Soft SpoonFTP 1.0.0.12,Application,Pi-Soft,Spoonftp,1.0.0.12,,cpe:2.3:a:pi-soft:spoonftp:1.0.0.12:*:*:*:*:*:*:*,DF6A8CD1-2377-449F-AC13-BE83453341E6,2016-05-26T14:51:40.613
Plone 2.0.5,Application,Plone,Plone,2.0.5,,cpe:2.3:a:plone:plone:2.0.5:*:*:*:*:*:*:*,88E58E1D-9133-4E07-A0C9-FA56CCE780E7,2009-05-14T15:09:08.657
Pluxml 0.3.1,Application,Pluxml,Pluxml,0.3.1,,cpe:2.3:a:pluxml:pluxml:0.3.1:*:*:*:*:*:*:*,FC30E904-05EC-45D8-AC0F-6D06D2EEB4CA,2012-09-06T18:50:55.877
PmWiki 2.0.0,Application,Pmwiki,Pmwiki,2.0.0,,cpe:2.3:a:pmwiki:pmwiki:2.0.0:*:*:*:*:*:*:*,805A4E65-AF66-4DED-8669-480EDF8365EA,2012-01-05T19:30:07.627
Process-one ejabberd 0.9,Application,Process-One,Ejabberd,0.9,,cpe:2.3:a:process-one:ejabberd:0.9:*:*:*:*:*:*:*,BCFC3146-B50C-4F09-AF59-0D6EE850D14C,2011-06-30T15:06:16.427
procmail 3.12,Application,Procmail,Procmail,3.12,,cpe:2.3:a:procmail:procmail:3.12:*:*:*:*:*:*:*,8A7A891D-A167-4DBF-BA83-8AD0140588A1,2014-09-08T22:03:09.053
PsychoStats PsychoStats 3.0.6b,Application,Psychostats,Psychostats,3.0.6b,,cpe:2.3:a:psychostats:psychostats:3.0.6b:*:*:*:*:*:*:*,0BB5A996-F28E-4A66-9CCC-DA46A8331AB0,2013-05-31T20:47:49.510
PureEdge Solutions PureEdge Viewer 6.5.0,Application,Ibm,Pureedge Viewer,6.5.0,,cpe:2.3:a:ibm:pureedge_viewer:6.5.0:*:*:*:*:*:*:*,EF9C92C1-8721-4208-A3B5-5C18BAF26D6A,2008-04-07T14:49:02.957
Qualiteam X-Cart 3.2.0,Application,Qualiteam,X-Cart,3.2.0,,cpe:2.3:a:qualiteam:x-cart:3.2.0:*:*:*:*:*:*:*,7E7F7A47-910E-4249-9C73-61E3331E3531,2012-09-03T15:08:55.657
Radscan Network Audio System 1.8a,Application,Radscan,Network Audio System,1.8a,,cpe:2.3:a:radscan:network_audio_system:1.8a:*:*:*:*:*:*:*,87D3B918-C7AC-4A62-BB83-A3BFC89B92BC,2013-10-09T18:40:53.837
RealNetworks Rhapsody Player 3.0,Application,Realnetworks,Rhapsody,3.0,,cpe:2.3:a:realnetworks:rhapsody:3.0:*:*:*:*:*:*:*,C7CC8EC7-CB4C-4FC7-A100-BF729CFCC4D9,2009-11-25T18:27:22.857
Red Hat ddskk_xemacs 11.6.0.10,Application,Redhat,Ddskk-Xemacs,11.6.0-10,,cpe:2.3:a:redhat:ddskk-xemacs:11.6.0-10:*:*:*:*:*:*:*,98CDF881-96E7-4DAF-BBE8-BE4B00C62A76,2008-04-07T14:50:06.393
Red Hat Desktop 3.0,Operating System,Redhat,Enterprise Linux Desktop,3.0,,cpe:2.3:o:redhat:enterprise_linux_desktop:3.0:*:*:*:*:*:*:*,EC41A2E6-65CE-41DF-8A1C-C4CD40FCBAD0,2008-04-07T14:49:09.253
Red Hat developer_suite 1.0,Application,Redhat,Enterprise Linux Developer Suite,1.0,,cpe:2.3:a:redhat:enterprise_linux_developer_suite:1.0:*:*:*:*:*:*:*,B5654E05-81B8-48B6-98A7-ACA4B5BE7768,2008-04-07T14:49:10.393
Red Hat Enterprise Linux 3.0,Operating System,Redhat,Enterprise Linux,3.0,,cpe:2.3:o:redhat:enterprise_linux:3.0:*:*:*:*:*:*:*,0DC6AF6F-714E-4BAE-94C4-1BF918B6233D,2008-03-25T19:16:49.930
Red Hat Linux 2.6.2,Operating System,Redhat,Linux,2.6.2,,cpe:2.3:o:redhat:linux:2.6.2:*:*:*:*:*:*:*,7F405739-C295-4A76-93F7-E9F1D81F8C8F,2008-03-25T19:17:24.337
Red Hat Linux 6.0 tmpwatch 2.5.1,Application,Redhat,Tmpwatch,2.5.1,,cpe:2.3:a:redhat:tmpwatch:2.5.1:*:*:*:*:*:*:*,2A27DE1F-1AE3-4A08-BE8C-106898F85A6C,2008-04-07T14:49:50.067
Red Hat PXE Server 0.1,Application,Redhat,Pre-Execution Environment,0.1,,cpe:2.3:a:redhat:pre-execution_environment:0.1:*:*:*:*:*:*:*,8B889D44-126A-4A0C-957B-0BF8F8A2FD0F,2008-04-07T14:49:57.613
Red Hat RPM 4.0.2_7.1,Application,Redhat,Redhat Package Manager,4.0.2-71,,cpe:2.3:a:redhat:redhat_package_manager:4.0.2-71:*:*:*:*:*:*:*,255E3A6F-1A59-45F7-A177-79E93E4ACDF0,2008-04-07T14:49:55.520
Redaxo 2.7.4,Application,Redaxo,Redaxo,2.7.4,,cpe:2.3:a:redaxo:redaxo:2.7.4:*:*:*:*:*:*:*,635EE5C9-1887-4C0C-9D5F-14B9911EA32D,2012-08-20T18:05:51.403
S9Y Serendipity 0.3,Application,S9Y,Serendipity,0.3,,cpe:2.3:a:s9y:serendipity:0.3:*:*:*:*:*:*:*,7EA80371-D9E7-4C6C-93BB-2DB20169BEBD,2012-06-29T14:54:12.390
SAP NetWeaver Nw04 Service Pack 15,Application,Sap,Netweaver Nw04,sp15,,cpe:2.3:a:sap:netweaver_nw04:sp15:*:*:*:*:*:*:*,F7D7F5F0-08C3-4CA2-B229-A958F53967D0,2012-08-20T18:29:49.370
SAP NetWeaver Nw04s Service Pack 10,Application,Sap,Netweaver Nw04S,sp10,,cpe:2.3:a:sap:netweaver_nw04s:sp10:*:*:*:*:*:*:*,FB030799-4DB8-435C-A273-D98466FB5CCC,2012-08-20T18:29:49.917
Sawmill 6.2,Application,Sawmill,Sawmill,6.2,,cpe:2.3:a:sawmill:sawmill:6.2:*:*:*:*:*:*:*,5785C1A9-0578-4EF0-956C-40CE5FEED722,2013-08-01T01:31:51.983
Sendcard 3.2,Application,Sendcard,Sendcard,3.2,,cpe:2.3:a:sendcard:sendcard:3.2:*:*:*:*:*:*:*,B7319F2D-C53A-4B72-BB6E-53A4A20929D9,2011-04-22T16:23:18.437
Sendmail Sendmail Pro 8.9.2,Application,Sendmail,Sendmail Pro,8.9.2,,cpe:2.3:a:sendmail:sendmail_pro:8.9.2:*:*:*:*:*:*:*,81C0B92D-844C-45EA-99EB-7529ED85AB50,2008-04-07T14:50:36.253
SGI IRIX 4.0.1,Operating System,Sgi,Irix,4.0.1,,cpe:2.3:o:sgi:irix:4.0.1:*:*:*:*:*:*:*,5716572F-3B04-44B4-AB3B-D0368033EE7C,2008-04-01T16:42:30.553
Shoutcast DNAS 1.7.1,Application,Shoutcast,Dnas,1.7.1,,cpe:2.3:a:shoutcast:dnas:1.7.1:*:*:*:*:*:*:*,11C1EEE6-ED74-4AD2-8D5C-083B68B8C772,2014-06-20T02:14:28.243
Slackware Linux 10.0,Operating System,Slackware,Slackware Linux,10.0,,cpe:2.3:o:slackware:slackware_linux:10.0:*:*:*:*:*:*:*,6E118990-CD9E-48A7-9D3D-F0952D5270D1,2011-11-08T18:21:32.427
Smarty 2.6.1,Application,Smarty,Smarty,2.6.1,,cpe:2.3:a:smarty:smarty:2.6.1:*:*:*:*:*:*:*,AD236322-34FC-4A49-86C7-55E726CE4BB4,2012-08-20T18:27:20.763
Snitz Communications Snitz Forums 2000 3.0,Application,Snitz Communications,Snitz Forums 2000,3.0,,cpe:2.3:a:snitz_communications:snitz_forums_2000:3.0:*:*:*:*:*:*:*,179C0735-4135-445A-B1CB-487536E3EAD0,2012-10-12T13:29:59.240
Softartisans Fileup 5.0.14,Application,Softartisans,Fileup,5.0.14,,cpe:2.3:a:softartisans:fileup:5.0.14:*:*:*:*:*:*:*,8EA9C444-5119-4F0F-9003-A0A71F327EBB,2012-07-10T03:19:47.167
Sophos Sophos Anti-Virus 2.3,Application,Sophos,Sophos Anti-Virus,2.3,,cpe:2.3:a:sophos:sophos_anti-virus:2.3:*:*:*:*:*:*:*,CF510C5B-CDCF-407B-962E-ACC816C6CAE0,2012-08-24T20:00:59.507
SSH Communications Security SSH daemon 1.2.0,Application,Ssh,Ssh,1.2.0,,cpe:2.3:a:ssh:ssh:1.2.0:*:*:*:*:*:*:*,C46208B0-ABF1-4622-9EB2-908E417B544A,2008-04-07T14:50:55.410
StrongSwan strongSwan 2.1.2,Application,Strongswan,Strongswan,2.1.2,,cpe:2.3:a:strongswan:strongswan:2.1.2:*:*:*:*:*:*:*,F7164E5C-00BA-48DE-80D2-7F08FE15EDEA,2013-07-18T16:35:18.997
Sun SunPCi II Driver Software 2.3,Application,Sun,Sun Pci Ii Driver,2.3,,cpe:2.3:a:sun:sun_pci_ii_driver:2.3:*:*:*:*:*:*:*,9901CC06-A0C7-49DA-B57B-3D2DFC64380B,2008-04-07T14:53:04.707
Symantec LiveState 7.1,Application,Symantec,Livestate Agent For Windows,7.1,,cpe:2.3:a:symantec:livestate_agent_for_windows:7.1:*:*:*:*:*:*:*,2DD7C3FE-5AD6-489C-A7FA-B4CC8782BBBF,2008-04-07T14:53:24.423
Symantec Norton Antivirus 1.0,Application,Symantec,Norton Antivirus,1.0,,cpe:2.3:a:symantec:norton_antivirus:1.0:*:*:*:*:*:*:*,632954EF-5A1F-4B6E-BE58-D0221FFB8745,2007-09-14T17:36:49.090
Symantec Scan Engine 5.0.0.24,Application,Symantec,Antivirus Scan Engine,5.0.0.24,,cpe:2.3:a:symantec:antivirus_scan_engine:5.0.0.24:*:*:*:*:*:*:*,4AECF28C-49B5-4C46-9168-A17CC4631CD0,2008-04-07T14:53:40.657
Sympa  4.1,Application,Sympa,Sympa,4.1,,cpe:2.3:a:sympa:sympa:4.1:*:*:*:*:*:*:*,B7399CAF-07E4-4C4D-A494-0B2550F65DCD,2012-06-15T16:28:10.170
Tincan PHPList 2.10.1,Application,Tincan,Phplist,2.10.1,,cpe:2.3:a:tincan:phplist:2.10.1:*:*:*:*:*:*:*,9B48863D-1BFB-41E3-ADB0-5ACA00778485,2011-05-06T20:16:36.887
Todd Miller Sudo 1.6,Application,Todd Miller,Sudo,1.6,,cpe:2.3:a:todd_miller:sudo:1.6:*:*:*:*:*:*:*,C728C5BD-4BBB-4C91-A73E-FDDC0CFBF336,2012-06-15T16:26:52.030
TYPO3 3.8.1,Application,Typo3,Typo3,3.8.1,,cpe:2.3:a:typo3:typo3:3.8.1:*:*:*:*:*:*:*,A40C3F6F-CA1A-426B-9E74-10EAEAD70044,2012-05-31T17:01:04.810
TYPSoft TYPSoft FTP Server 0.85,Application,Typsoft,Typsoft Ftp Server,0.85,,cpe:2.3:a:typsoft:typsoft_ftp_server:0.85:*:*:*:*:*:*:*,AD7E4681-2454-4378-8DB6-DCEC90055F5A,2012-10-12T13:37:05.537
UseBB UseBB 0.1,Application,Usebb,Usebb,0.1,,cpe:2.3:a:usebb:usebb:0.1:*:*:*:*:*:*:*,7B660B46-1E34-4FD4-9FEB-08CEF95ED3DD,2010-10-29T17:38:08.560
Veritas Backup Exec Windows Servers 10.0.0 rev5484 SP1,Application,Veritas,Backup Exec Remote Agent,10.0.5484,sp1,cpe:2.3:a:veritas:backup_exec_remote_agent:10.0.5484:sp1:windows_servers:*:*:*:*:*,DDD44667-DB55-4510-AEB1-DB3DD7B09AA3,2008-04-07T14:53:53.360
Veritas NetBackup Netware Media Servers 4.5.0 MP1,Application,Veritas,Netbackup,4.5.0,mp1,cpe:2.3:a:veritas:netbackup:4.5.0:mp1:netware_media_servers:*:*:*:*:*,FD1F8C5B-9D70-4CA5-AB99-8F8BD39F3DB6,2008-04-07T14:53:58.690
ViewVC 1.0.2,Application,Viewvc,Viewvc,1.0.2,,cpe:2.3:a:viewvc:viewvc:1.0.2:*:*:*:*:*:*:*,2A8D961B-18C5-42B1-ADDA-DAFE8BB0CA20,2011-05-25T16:57:32.460
VMWare VirtualCenter 1.4.1,Application,Vmware,Virtualcenter,1.4.1,,cpe:2.3:a:vmware:virtualcenter:1.4.1:*:*:*:*:*:*:*,0CAB171E-9A32-44F4-A2CD-116B58ABCB28,2008-04-07T14:54:04.783
vtiger vtiger CRM 4.2,Application,Vtiger,Vtiger Crm,4.2,,cpe:2.3:a:vtiger:vtiger_crm:4.2:*:*:*:*:*:*:*,5E3B4584-8A87-4FEE-A2E7-6AF4A270CCE2,2012-02-10T19:48:30.720
VWar Virtual War 1.0.0,Application,Vwar,Virtual War,1.0.0,,cpe:2.3:a:vwar:virtual_war:1.0.0:*:*:*:*:*:*:*,7A4CA11F-5E8F-4F9B-A40B-3D34866275D1,2012-10-09T01:05:45.217
WinPcap 3.1,Application,Winpcap,Winpcap,3.1,,cpe:2.3:a:winpcap:winpcap:3.1:*:*:*:*:*:*:*,7781423A-F436-49CB-A423-1CE8A3E61A43,2009-11-25T18:33:49.310
Wireshark 0.99.2,Application,Wireshark,Wireshark,0.99.2,,cpe:2.3:a:wireshark:wireshark:0.99.2:*:*:*:*:*:*:*,C3761B3C-19E4-4AA1-84B7-3304C387A95E,2010-05-04T17:19:27.057
WordPress 1.0.2,Application,Wordpress,Wordpress,1.0.2,,cpe:2.3:a:wordpress:wordpress:1.0.2:*:*:*:*:*:*:*,2614AE2D-7135-4EF2-B00F-0D1E10F2AC33,2011-06-30T15:00:51.737
X7 Group X7 Chat 1.3.2b,Application,X7 Group,X7 Chat,1.3.2b,,cpe:2.3:a:x7_group:x7_chat:1.3.2b:*:*:*:*:*:*:*,B073A67B-3D61-4D26-92B8-FFA2CA01EFE5,2012-12-18T21:38:28.650
XChat XChat 1.2.1,Application,Xchat,Xchat,1.2.1,,cpe:2.3:a:xchat:xchat:1.2.1:*:*:*:*:*:*:*,02D5532E-0785-496C-9A4D-0DDA0A08BD88,2012-09-03T20:49:01.140
Xinetd Xinetd 2.3.10,Application,Xinetd,Xinetd,2.3.10,,cpe:2.3:a:xinetd:xinetd:2.3.10:*:*:*:*:*:*:*,A5C137F5-15D5-415C-A5A2-0247F984D110,2012-06-29T14:49:45.563
XMLSoft Libxml2 2.4.19,Application,Xmlsoft,Libxml2,2.4.19,,cpe:2.3:a:xmlsoft:libxml2:2.4.19:*:*:*:*:*:*:*,ABA55870-0106-4D60-98C1-3B044F2E2DAE,2010-11-19T18:32:16.420
ZABBIX 1.1.2,Application,Zabbix,Zabbix,1.1.2,,cpe:2.3:a:zabbix:zabbix:1.1.2:*:*:*:*:*:*:*,A8894058-8067-4989-84D5-C6BC926EE88C,2010-08-05T20:47:23.173
Zenphoto zenphoto 0.9,Application,Zenphoto,Zenphoto,0.9,,cpe:2.3:a:zenphoto:zenphoto:0.9:*:*:*:*:*:*:*,7F86A395-25CF-4DC7-A5DB-A60702D1DB33,2012-03-01T00:18:06.610
Zone Labs ZoneAlarm Antivirus,Application,Zonelabs,Zonealarm Antivirus,-,,cpe:2.3:a:zonelabs:zonealarm_antivirus:-:*:*:*:*:*:*:*,8DC94899-6C5B-4BE4-B106-155699A1F1F1,2008-04-07T14:54:36.533
Zope 2.5.1,Application,Zope,Zope,2.5.1,,cpe:2.3:a:zope:zope:2.5.1:*:*:*:*:*:*:*,C03AEBB5-A8F9-403E-BBE9-603ED47B702A,2009-07-09T15:25:42.233
Blue Coat Systems CacheOS CA_SA 4.1.10,Operating System,Bluecoat,Cacheos Ca,4.1.10,,cpe:2.3:o:bluecoat:cacheos_ca:4.1.10:*:*:*:*:*:*:*,50A9A1C6-DF07-4E79-A790-7F5C971EBA80,2008-04-07T13:42:34.027
Blue Coat Systems CacheOS CA_SA 4.1.10,Operating System,Bluecoat,Cacheos Sa,4.1.10,,cpe:2.3:o:bluecoat:cacheos_sa:4.1.10:*:*:*:*:*:*:*,6D607B1A-DDF0-4EB8-9F5D-481BA29FE4BB,2008-04-07T13:42:34.137
Red Hat Extras 5 Client,Application,Redhat,Rhel Extras,5,,cpe:2.3:a:redhat:rhel_extras:5:*:client:*:*:*:*:*,84C5B314-A521-48F5-B09E-F66318D0949C,2008-04-15T22:37:59.913
Novell Client Login Extension (CLE),Application,Novell,Client Login Extension \(Cle\),-,,cpe:2.3:a:novell:client_login_extension_\(cle\):-:*:*:*:*:*:*:*,F60DD817-7B03-4FA6-8D84-858106081A50,2008-06-17T17:50:49.360
Mandriva Linux,Operating System,Mandriva,Linux,-,,cpe:2.3:o:mandriva:linux:-:*:*:*:*:*:*:*,AC5EFB6A-49D3-4C5B-98EC-D7F683804028,2010-07-28T16:24:08.767
OpenSymphony XWork 2.0.4,Application,Opensymphony,Xwork,2.0.4,,cpe:2.3:a:opensymphony:xwork:2.0.4:*:*:*:*:*:*:*,88D8BB37-E75D-4696-8C70-FC7F6D9A8E7E,2013-08-26T15:23:55.830
Microsoft windows 98_se,Operating System,Microsoft,Windows 98Se,-,,cpe:2.3:o:microsoft:windows_98se:-:*:*:*:*:*:*:*,47812FB0-1B1D-4334-951B-71BB7C77A4FB,2008-04-07T14:28:48.073
Microsoft Internet Information Server 4.0 Alpha,Application,Microsoft,Internet Information Server,4.0,alpha,cpe:2.3:a:microsoft:internet_information_server:4.0:alpha:*:*:*:*:*:*,6B10089E-7C1E-4F1C-8666-611094CE7025,2008-04-15T23:55:05.120
Microsoft windows_2000_terminal_services,Application,Microsoft,Windows 2000 Terminal Services,-,,cpe:2.3:a:microsoft:windows_2000_terminal_services:-:*:*:*:*:*:*:*,AD6C20CC-BEBB-4D6B-844B-27EBACA726F4,2008-04-15T23:01:04.353
Microsoft windows_2000_resource_kit,Application,Microsoft,Windows 2000 Resource Kit,-,,cpe:2.3:a:microsoft:windows_2000_resource_kit:-:*:*:*:*:*:*:*,1AA6DB12-027D-490F-BC95-47F47C89853E,2008-04-15T23:01:04.460
Microsoft Small Business Server,Application,Microsoft,Small Business Server,-,,cpe:2.3:a:microsoft:small_business_server:-:*:*:*:*:*:*:*,FB94157C-BA94-498A-98ED-FA7DE4838EDE,2009-11-25T18:26:27.497
Microsoft atlas_framework,Application,Microsoft,Atlas Framework,-,,cpe:2.3:a:microsoft:atlas_framework:-:*:*:*:*:*:*:*,165AD42A-10C6-4690-96FC-23F791B0FB50,2008-04-15T23:01:05.273
Microsoft backoffice_resource_kit,Application,Microsoft,Backoffice Resource Kit,-,,cpe:2.3:a:microsoft:backoffice_resource_kit:-:*:*:*:*:*:*:*,CE6557A4-0291-4743-807E-B0C3A66EE939,2007-09-14T17:36:49.090
Microsoft Biztalk Server,Application,Microsoft,Biztalk Server,-,,cpe:2.3:a:microsoft:biztalk_server:-:*:*:*:*:*:*:*,84B64EBB-163E-418A-8410-FD2891F4F9D0,2008-04-15T23:33:40.067
Microsoft business_solutions_crm,Application,Microsoft,Business Solutions Crm,-,,cpe:2.3:a:microsoft:business_solutions_crm:-:*:*:*:*:*:*:*,0EBAF8D9-EFA9-4197-B8EB-A731E53649C7,2007-09-14T17:36:49.090
Microsoft class_package_export_tool,Application,Microsoft,Class Package Export Tool,-,,cpe:2.3:a:microsoft:class_package_export_tool:-:*:*:*:*:*:*:*,82AECF83-6803-4D70-A69B-3FFE235F20B3,2007-09-14T17:36:49.090
Microsoft clip_art,Application,Microsoft,Clip Art,-,,cpe:2.3:a:microsoft:clip_art:-:*:*:*:*:*:*:*,A687E1E6-3F7B-4F27-9944-02D35F8C293D,2007-09-14T17:36:49.090
Microsoft color_management_module,Application,Microsoft,Icm Color Management Module,-,,cpe:2.3:a:microsoft:icm_color_management_module:-:*:*:*:*:*:*:*,86DDB717-8B97-46F7-881A-6BBF3F2C3DC1,2008-04-01T16:13:58.527
Microsoft commercial_internet_system,Application,Microsoft,Commercial Internet System,-,,cpe:2.3:a:microsoft:commercial_internet_system:-:*:*:*:*:*:*:*,41F42555-452F-4C24-872C-9F9CD470D870,2007-09-14T17:36:49.090
Microsoft content_management_server,Application,Microsoft,Content Management Server,-,,cpe:2.3:a:microsoft:content_management_server:-:*:*:*:*:*:*:*,45E3F5A5-07AF-4324-8A2D-D488AFE6524C,2008-04-15T23:01:05.930
Microsoft Office Converter Pack,Application,Microsoft,Office Converter Pack,-,,cpe:2.3:a:microsoft:office_converter_pack:-:*:*:*:*:*:*:*,0A1830C7-8114-430E-8672-98137CCA06A1,2009-12-10T13:58:51.670
Microsoft dhcp_client_service,Application,Microsoft,Dhcp Client Service,-,,cpe:2.3:a:microsoft:dhcp_client_service:-:*:*:*:*:*:*:*,12C3DC93-4913-4684-BDE3-DFF75FA28D1E,2007-09-14T17:36:49.090
Microsoft digital_image_pro,Application,Microsoft,Digital Image Pro,-,,cpe:2.3:a:microsoft:digital_image_pro:-:*:*:*:*:*:*:*,75FDA3DC-FED5-410D-A318-934D43383F8E,2007-09-14T17:36:49.090
Microsoft digital_image_suite,Application,Microsoft,Digital Image Suite,-,,cpe:2.3:a:microsoft:digital_image_suite:-:*:*:*:*:*:*:*,A7DEDBE7-BC75-47B2-A354-B5C02EABF9A3,2007-09-14T17:36:49.090
Microsoft directx_files_viewer,Application,Microsoft,Directx Files Viewer Control,-,,cpe:2.3:a:microsoft:directx_files_viewer_control:-:*:*:*:*:*:*:*,6888638C-F5A2-424F-AFA0-4C55E1E5A63F,2008-04-01T16:14:03.430
Microsoft Excel Viewer,Application,Microsoft,Excel Viewer,-,,cpe:2.3:a:microsoft:excel_viewer:-:*:*:*:*:*:*:*,69691763-773C-47F3-833F-5A863227F78C,2012-05-10T15:20:29.847
Microsoft exchange_instant_messenger,Application,Microsoft,Exchange Instant Messenger,-,,cpe:2.3:a:microsoft:exchange_instant_messenger:-:*:*:*:*:*:*:*,919C5496-F565-4DCD-A728-703B2C0BC656,2007-09-14T17:36:49.090
Microsoft exchange_instant_messenger 4.5,Application,Microsoft,Msn Messenger Service For Exchange,4.5,,cpe:2.3:a:microsoft:msn_messenger_service_for_exchange:4.5:*:*:*:*:*:*:*,C6755AB1-CF54-425E-820F-7ED50EEC7D68,2008-04-07T14:26:34.433
Microsoft Office Communicator,Application,Microsoft,Office Communicator,-,,cpe:2.3:a:microsoft:office_communicator:-:*:*:*:*:*:*:*,6AD08E31-8E90-4954-A4C2-92833B97949B,2008-11-20T20:56:17.170
Microsoft Exchange Server,Application,Microsoft,Exchange Server,-,,cpe:2.3:a:microsoft:exchange_server:-:*:*:*:*:*:*:*,0CB4266A-42F5-484B-959C-B8263152A770,2012-10-19T13:53:40.263
Microsoft file_transfer_manager,Application,Microsoft,File Transfer Manager,-,,cpe:2.3:a:microsoft:file_transfer_manager:-:*:*:*:*:*:*:*,DB7835B1-EFBB-4332-B365-495A61F2E9A3,2007-09-14T17:36:49.090
Microsoft foundation_class_library,Application,Microsoft,Foundation Class Library,-,,cpe:2.3:a:microsoft:foundation_class_library:-:*:*:*:*:*:*:*,5DB09EF2-CCC6-447E-A6ED-FEE5F50FCBF5,2007-09-14T17:36:49.090
Microsoft frontpage_server_extensions,Application,Microsoft,Frontpage Server Extensions,-,,cpe:2.3:a:microsoft:frontpage_server_extensions:-:*:*:*:*:*:*:*,ADBA113E-0A40-4BD5-96FE-62DEF2D7F6E3,2007-09-14T17:36:49.090
Microsoft help_workshop 4.02.0002,Application,Microsoft,Html Help Workshop,4.02.0002,,cpe:2.3:a:microsoft:html_help_workshop:4.02.0002:*:*:*:*:*:*:*,A48D4857-DB6D-405F-AEFF-55E62D4EC90E,2008-04-01T16:14:08.823
Microsoft home_publishing,Application,Microsoft,Home Publishing,-,,cpe:2.3:a:microsoft:home_publishing:-:*:*:*:*:*:*:*,F1B8F30E-8BC9-4932-86EE-9A02AFC3A6EA,2007-09-14T17:36:49.090
Microsoft html_help,Application,Microsoft,Html Help,-,,cpe:2.3:a:microsoft:html_help:-:*:*:*:*:*:*:*,3935D502-9193-46C4-A059-4737C3BB4759,2007-09-14T17:36:49.090
Microsoft hyperlink_object_library,Application,Microsoft,Hyperlink Object Library,-,,cpe:2.3:a:microsoft:hyperlink_object_library:-:*:*:*:*:*:*:*,5C4B117C-51A5-4DC9-B5EF-516912198A3B,2007-09-14T17:36:49.090
Microsoft index_server,Application,Microsoft,Index Server,-,,cpe:2.3:a:microsoft:index_server:-:*:*:*:*:*:*:*,32D7FE0F-D004-4374-B775-1C9AD54529EB,2007-09-14T17:36:49.090
Microsoft indexing_service,Application,Microsoft,Indexing Service,-,,cpe:2.3:a:microsoft:indexing_service:-:*:*:*:*:*:*:*,7867A16A-5DE3-4B4B-BC33-E04DE7AB33D2,2007-09-14T17:36:49.090
Microsoft infotech_storage_system_libary,Application,Microsoft,Infotech Storage System Library,-,,cpe:2.3:a:microsoft:infotech_storage_system_library:-:*:*:*:*:*:*:*,EDF7437E-15FF-47D1-A4FC-E60DE30014BD,2008-04-01T16:14:14.680
Microsoft isa server,Application,Microsoft,Isa Server,-,,cpe:2.3:a:microsoft:isa_server:-:*:*:*:*:*:*:*,639CFBA7-1D84-4B18-97CE-19D0FAAA72F2,2008-04-15T23:01:13.150
Microsoft learning_essentials,Application,Microsoft,Learning Essentials,-,,cpe:2.3:a:microsoft:learning_essentials:-:*:*:*:*:*:*:*,8AE17C3B-9D4B-4492-A220-B26F4B0A455C,2007-09-14T17:36:49.090
Microsoft malware_protection_engine,Application,Microsoft,Malware Protection Engine,-,,cpe:2.3:a:microsoft:malware_protection_engine:-:*:*:*:*:*:*:*,78E7D384-CD5B-4A48-AAC2-860E5DAA21D9,2007-09-14T17:36:49.090
Microsoft message_compiler,Application,Microsoft,Message Compiler,-,,cpe:2.3:a:microsoft:message_compiler:-:*:*:*:*:*:*:*,00CB9FEA-F6A8-4D20-82DA-F30D7EB774BB,2007-09-14T17:36:49.090
Microsoft baseline_security_analyzer,Application,Microsoft,Baseline Security Analyzer,-,,cpe:2.3:a:microsoft:baseline_security_analyzer:-:*:*:*:*:*:*:*,8453F0DC-F2A1-44CA-A616-DAAB3F182546,2007-09-14T17:36:49.090
Microsoft commerce server,Application,Microsoft,Commerce Server,-,,cpe:2.3:a:microsoft:commerce_server:-:*:*:*:*:*:*:*,149FB048-D977-44A6-9BFF-41973CBD88FB,2008-04-15T23:01:14.243
Microsoft distributed_transaction_coordinator,Application,Microsoft,Distributed Transaction Coordinator,-,,cpe:2.3:a:microsoft:distributed_transaction_coordinator:-:*:*:*:*:*:*:*,4CCA99EB-D573-4A29-B2BD-E14BE484B63C,2007-09-14T17:36:49.090
Microsoft metadirectory_services,Application,Microsoft,Metadirectory Services,-,,cpe:2.3:a:microsoft:metadirectory_services:-:*:*:*:*:*:*:*,DF8B0AE1-76F6-4D0E-8477-CF8012D285F0,2007-09-14T17:36:49.090
Microsoft personal_web_server,Application,Microsoft,Personal Web Server,-,,cpe:2.3:a:microsoft:personal_web_server:-:*:*:*:*:*:*:*,E13B8A55-39B9-4B9C-9335-784ACC3E3DC6,2007-09-14T17:36:49.090
Microsoft proxy_server,Application,Microsoft,Proxy Server,-,,cpe:2.3:a:microsoft:proxy_server:-:*:*:*:*:*:*:*,95D32E1D-8286-437C-A8F6-5EE4C4E83357,2007-09-14T17:36:49.090
Microsoft services,Application,Microsoft,Services,-,,cpe:2.3:a:microsoft:services:-:*:*:*:*:*:*:*,27B28F97-2F5A-496A-9D8F-1E2E2EA11BFB,2007-09-14T17:36:49.090
Microsoft Site Server,Application,Microsoft,Site Server,-,,cpe:2.3:a:microsoft:site_server:-:*:*:*:*:*:*:*,6A0CD378-1D11-41FA-9BA0-36F9304ED83C,2009-11-25T18:26:27.060
Microsoft Site Server Commerce 3.0,Application,Microsoft,Site Server Commerce,3.0,,cpe:2.3:a:microsoft:site_server_commerce:3.0:*:*:*:*:*:*:*,5F1CEBB3-4800-413F-B8AF-5E72159588B6,2009-11-25T18:26:27.387
Microsoft SQLServer,Application,Microsoft,Sql Server,-,,cpe:2.3:a:microsoft:sql_server:-:*:*:*:*:*:*:*,791F28BF-B0CF-4085-911D-CA3115FCF314,2008-04-15T23:55:07.667
Microsoft windows_messaging,Application,Microsoft,Windows Messaging,-,,cpe:2.3:a:microsoft:windows_messaging:-:*:*:*:*:*:*:*,4D67AE88-7FF3-476E-A9A6-18B48DD9F9B2,2007-09-14T17:36:49.090
Microsoft msn_chat_control,Application,Microsoft,Msn Chat Control,-,,cpe:2.3:a:microsoft:msn_chat_control:-:*:*:*:*:*:*:*,F2C989D7-E561-45D3-96CE-1A433911372E,2007-09-14T17:36:49.090
Microsoft msn_messenger_service,Application,Microsoft,Msn Messenger Service,-,,cpe:2.3:a:microsoft:msn_messenger_service:-:*:*:*:*:*:*:*,61C72D1C-EF3E-4677-B13C-87D6432FF663,2007-09-14T17:36:49.090
Microsoft msn_messenger_service 9.0,Application,Microsoft,Live Messenger,9.0,,cpe:2.3:a:microsoft:live_messenger:9.0:*:*:*:*:*:*:*,9EE182BF-8418-4B9C-931C-F6EB20587EE3,2008-04-07T14:27:18.810
Microsoft msn_setup_bbs,Application,Microsoft,Msn Setup Bulletin Board Services,-,,cpe:2.3:a:microsoft:msn_setup_bulletin_board_services:-:*:*:*:*:*:*:*,78D8F21D-F9A6-4D69-807B-8A6260CB8CF6,2008-04-01T16:14:40.807
Microsoft nt_option_pack,Application,Microsoft,Windows Nt Option Pack,-,,cpe:2.3:a:microsoft:windows_nt_option_pack:-:*:*:*:*:*:*:*,F76BE1D0-5D44-410B-8620-6DEAD0203D15,2008-04-01T16:14:41.340
Microsoft office_infopath,Application,Microsoft,Office Infopath,-,,cpe:2.3:a:microsoft:office_infopath:-:*:*:*:*:*:*:*,6406CCD6-949A-44A8-A7FE-6E0FC3E8AD7B,2007-09-14T17:36:49.090
Microsoft Office Multilingual User Interface (MUI) Pack,Application,Microsoft,Office Multilingual User Interface Pack,-,,cpe:2.3:a:microsoft:office_multilingual_user_interface_pack:-:*:*:*:*:*:*:*,13772F78-57D2-45F4-9230-C142283F404D,2009-11-25T18:26:25.310
Microsoft office_proofing_tools,Application,Microsoft,Office Proofing Tools,-,,cpe:2.3:a:microsoft:office_proofing_tools:-:*:*:*:*:*:*:*,896F5B71-C867-466C-BAB3-65B4B93C0B33,2007-09-14T17:36:49.090
Microsoft outlook_web_access,Application,Microsoft,Outlook Web Access,-,,cpe:2.3:a:microsoft:outlook_web_access:-:*:*:*:*:*:*:*,E5A38092-D80A-4B0C-BC3A-90A9C2A0A6FB,2007-09-14T17:36:49.090
Microsoft picture_it,Application,Microsoft,Picture It,-,,cpe:2.3:a:microsoft:picture_it:-:*:*:*:*:*:*:*,98E680AF-B881-4AC8-9474-B0A5028E3E62,2007-09-14T17:36:49.090
Microsoft pocket_internet_explorer,Application,Microsoft,Pocket Ie,-,,cpe:2.3:a:microsoft:pocket_ie:-:*:*:*:*:*:*:*,E2E3D7B2-9B3B-40D6-B0E3-2BB3F2507478,2008-04-01T16:14:45.713
Microsoft project_multilingual_user_interface,Application,Microsoft,Project Multilingual User Interface Pack,-,,cpe:2.3:a:microsoft:project_multilingual_user_interface_pack:-:*:*:*:*:*:*:*,7C9D1EA8-B3E1-4969-B848-49CF36D8AEA4,2008-04-01T16:14:46.620
Microsoft project_server,Application,Microsoft,Project Server,-,,cpe:2.3:a:microsoft:project_server:-:*:*:*:*:*:*:*,8CB2FC1D-2CB5-4C14-9EF7-147BCFFB84F6,2007-09-14T17:36:49.090
Microsoft remote_desktop 5.1.2600.2180,Application,Microsoft,Remote Desktop Connection,5.1.2600.2180,,cpe:2.3:a:microsoft:remote_desktop_connection:5.1.2600.2180:*:*:*:*:*:*:*,BDDC3E37-111D-41B6-92FC-AE15EB4B6838,2008-04-07T14:27:46.467
Microsoft server_service,Application,Microsoft,Server Service,-,,cpe:2.3:a:microsoft:server_service:-:*:*:*:*:*:*:*,C7A219CA-46C8-45C7-853E-9FC3FA3A7F8C,2007-09-14T17:36:49.090
Microsoft sharepoint_server,Application,Microsoft,Sharepoint Server,-,,cpe:2.3:a:microsoft:sharepoint_server:-:*:*:*:*:*:*:*,AAE0958F-5287-40D4-AB2A-7A55E3C54998,2007-09-14T17:36:49.090
Microsoft Sharepoint Team Services,Application,Microsoft,Sharepoint Team Services,-,,cpe:2.3:a:microsoft:sharepoint_team_services:-:*:*:*:*:*:*:*,5399B70D-F5EF-4EBC-845F-8677FBA6C337,2009-11-25T18:26:26.857
Microsoft SNA Server,Application,Microsoft,Sna Server,-,,cpe:2.3:a:microsoft:sna_server:-:*:*:*:*:*:*:*,D43671F3-78C9-4AB2-9361-3562AB0060D0,2009-11-25T18:26:27.590
Microsoft sql_server_desktop_engine,Application,Microsoft,Msde,-,,cpe:2.3:a:microsoft:msde:-:*:*:*:*:*:*:*,CF55EE23-F21F-4E55-83D3-A25CA3B81BBE,2008-04-01T16:14:54.183
Microsoft step-by-step_interactive_training,Application,Microsoft,Step-By-Step Interactive Training,-,,cpe:2.3:a:microsoft:step-by-step_interactive_training:-:*:*:*:*:*:*:*,D752AB45-FCE1-42CF-BB7D-C59FCAD89F57,2007-09-14T17:36:49.090
Microsoft telnet_client,Application,Microsoft,Telnet Client,-,,cpe:2.3:a:microsoft:telnet_client:-:*:*:*:*:*:*:*,3CEDDFC5-EFAA-45DB-94B8-C4E04D64EC38,2007-09-14T17:36:49.090
Microsoft terminal_server,Application,Microsoft,Terminal Server,-,,cpe:2.3:a:microsoft:terminal_server:-:*:*:*:*:*:*:*,BFCEB427-BDAA-4588-97B3-B91D8AA0CE34,2007-09-14T17:36:49.090
Microsoft tsac_activex_control,Application,Microsoft,Tsac Activex Control,-,,cpe:2.3:a:microsoft:tsac_activex_control:-:*:*:*:*:*:*:*,F2A1D747-8CC8-4FCE-8C9B-62C6A47C2104,2007-09-14T17:36:49.090
Microsoft visio_multilingual_user_interface,Application,Microsoft,Visio Multilingual User Interface Pack,-,,cpe:2.3:a:microsoft:visio_multilingual_user_interface_pack:-:*:*:*:*:*:*:*,65B7F9AE-49FF-4EFB-BADA-327DF3510519,2008-04-01T16:15:00.933
Microsoft visual_basic,Application,Microsoft,Visual Basic,-,,cpe:2.3:a:microsoft:visual_basic:-:*:*:*:*:*:*:*,37A9C071-5484-41D4-A3E4-E63D735F6859,2007-09-14T17:36:49.090
Microsoft visual_c# 2002,Application,Microsoft,Visual C\+\+,2002,,cpe:2.3:a:microsoft:visual_c\+\+:2002:*:*:*:*:*:*:*,76F7DEB6-A8D1-47A0-A510-FFFF8314DB7B,2008-06-17T17:50:45.483
Microsoft visual_database_tools_database_designer,Application,Microsoft,Visual Database Tools Database Designer,-,,cpe:2.3:a:microsoft:visual_database_tools_database_designer:-:*:*:*:*:*:*:*,34CB045A-23F4-40CC-AE35-FC7FF339B427,2007-09-14T17:36:49.090
Microsoft visual_fox_pro,Application,Microsoft,Visual Foxpro,-,,cpe:2.3:a:microsoft:visual_foxpro:-:*:*:*:*:*:*:*,AB7B96C2-B7F9-4A3A-A004-5D2F9680DF60,2008-04-01T16:15:05.107
Microsoft visual_j#,Application,Microsoft,Visual J\#,-,,cpe:2.3:a:microsoft:visual_j\#:-:*:*:*:*:*:*:*,0F092CCA-956A-4444-8A84-0BD08BC5C77C,2008-06-17T17:50:46.313
Microsoft visual_j# 2003,Application,Microsoft,Visual J\# .Net,2003,,cpe:2.3:a:microsoft:visual_j\#_.net:2003:*:*:*:*:*:*:*,75A40934-A064-4196-817D-A3E504A0F803,2008-06-17T17:50:46.530
Microsoft Visual Studio,Application,Microsoft,Visual Studio,-,,cpe:2.3:a:microsoft:visual_studio:-:*:*:*:*:*:*:*,5E981F75-12B4-4349-9397-70B68A8BD515,2010-09-01T13:48:31.490
Microsoft windows_antigen,Application,Microsoft,Antigen,-,,cpe:2.3:a:microsoft:antigen:-:*:*:*:*:*:*:*,85D6FCED-213C-4102-9792-5834D043F10C,2008-04-01T16:15:41.450
Microsoft Windows Defender,Application,Microsoft,Windows Defender,-,,cpe:2.3:a:microsoft:windows_defender:-:*:*:*:*:*:*:*,C89B462B-620D-4231-843F-D84F26B7543D,2013-04-10T15:03:33.597
Microsoft windows_digital_rights_management_system,Application,Microsoft,Windows Digital Rights Management,-,,cpe:2.3:a:microsoft:windows_digital_rights_management:-:*:*:*:*:*:*:*,C425936E-48B3-4080-9C70-A9F89E147AAE,2008-04-01T16:15:41.733
Microsoft windows_event_viewer,Application,Microsoft,Windows Event Viewer,-,,cpe:2.3:a:microsoft:windows_event_viewer:-:*:*:*:*:*:*:*,E2AC4E8A-763C-4504-82A9-99E08F1A67A6,2007-09-14T17:36:49.090
Microsoft windows_explorer,Application,Microsoft,Windows Explorer,-,,cpe:2.3:a:microsoft:windows_explorer:-:*:*:*:*:*:*:*,AD2D3DE1-72DB-4D6A-A890-8BB5D09FDE91,2007-09-14T17:36:49.090
Microsoft windows_forefront_security,Application,Microsoft,Forefront Security,-,,cpe:2.3:a:microsoft:forefront_security:-:*:*:*:*:*:*:*,D63A0A9D-4CC6-4628-9FD6-C265DB1F41D3,2008-04-01T16:15:42.047
Microsoft windows_help_file_viewer,Application,Microsoft,Help File Viewer,-,,cpe:2.3:a:microsoft:help_file_viewer:-:*:*:*:*:*:*:*,B15FB545-F211-4A51-B8DC-113929235F11,2008-04-01T16:15:42.247
Microsoft Windows Live Messenger,Application,Microsoft,Windows Live Messenger,-,,cpe:2.3:a:microsoft:windows_live_messenger:-:*:*:*:*:*:*:*,A23FAD3E-720C-440B-A938-D3975B8924A0,2008-11-20T20:56:17.327
Microsoft windows_live_onecare,Application,Microsoft,Windows Live Onecare,-,,cpe:2.3:a:microsoft:windows_live_onecare:-:*:*:*:*:*:*:*,3ACA5BC0-E5FA-4EE6-91B8-7BAACBF4EAB2,2007-09-14T17:36:49.090
Microsoft Windows Mail,Application,Microsoft,Windows Mail,-,,cpe:2.3:a:microsoft:windows_mail:-:*:*:*:*:*:*:*,49BF5785-5F24-4CC9-AF4F-5458794A291D,2010-05-12T20:46:11.703
Microsoft windows_media_license_manager,Application,Microsoft,Windows Media Rights Manager,-,,cpe:2.3:a:microsoft:windows_media_rights_manager:-:*:*:*:*:*:*:*,FF25AB9E-E28C-445E-B3B1-37160EAD1B68,2008-04-01T16:15:42.640
Microsoft windows_media_services,Application,Microsoft,Windows Media Services,-,,cpe:2.3:a:microsoft:windows_media_services:-:*:*:*:*:*:*:*,8D08C09E-8744-48B2-8B18-65C250ED2B98,2007-09-14T17:36:49.090
Microsoft windows_messenger,Application,Microsoft,Windows Messenger,-,,cpe:2.3:a:microsoft:windows_messenger:-:*:*:*:*:*:*:*,B8CF5D2E-9089-4B25-B13D-49127FB3D107,2007-09-14T17:36:49.090
Microsoft windows_nat_helper_components,Application,Microsoft,Windows Nt Helper Components,-,,cpe:2.3:a:microsoft:windows_nt_helper_components:-:*:*:*:*:*:*:*,F5D2E9F6-5E49-41C5-A7EE-259B7755B628,2008-04-01T16:15:43.233
Microsoft windows_script_host,Application,Microsoft,Windows Script Host,-,,cpe:2.3:a:microsoft:windows_script_host:-:*:*:*:*:*:*:*,19AC46E6-9C4E-4F63-94E6-5B94296C0667,2007-09-14T17:36:49.090
Microsoft Sharepoint Services 2.0,Application,Microsoft,Sharepoint Services,2.0,,cpe:2.3:a:microsoft:sharepoint_services:2.0:*:*:*:*:*:*:*,16233E46-97C5-4501-933E-59AB2FC030E5,2009-11-25T18:26:26.637
Microsoft Word Viewer,Application,Microsoft,Word Viewer,-,,cpe:2.3:a:microsoft:word_viewer:-:*:*:*:*:*:*:*,9810D43C-139A-417B-B6F0-CEDAEA793816,2010-10-14T16:08:33.700
Microsoft wordperfect_converter,Application,Microsoft,Wordperfect Converter,-,,cpe:2.3:a:microsoft:wordperfect_converter:-:*:*:*:*:*:*:*,ECDF1730-4489-4381-82EA-EFA827FB6A9B,2007-09-14T17:36:49.090
Microsoft xml_core_services,Application,Microsoft,Xml Core Services,-,,cpe:2.3:a:microsoft:xml_core_services:-:*:*:*:*:*:*:*,686E116E-1738-41A2-98DB-0E0807B6F622,2007-09-14T17:36:49.090
Microsoft xml_parser,Application,Microsoft,Xml Parser,-,,cpe:2.3:a:microsoft:xml_parser:-:*:*:*:*:*:*:*,A8BF214D-80B0-4273-865D-236385B2F25E,2007-09-14T17:36:49.090
HP DynRootDisk,Application,Hp,Dynrootdisk,-,,cpe:2.3:a:hp:dynrootdisk:-:*:*:*:*:*:*:*,A5682C89-DD4E-4BAC-9715-3A58995BD710,2007-09-14T17:36:49.090
Oracle JInitiator,Application,Oracle,Jinitiator,-,,cpe:2.3:a:oracle:jinitiator:-:*:*:*:*:*:*:*,0661E922-28A3-490F-864F-A6388F94DBCB,2007-09-14T17:36:49.090
HP compaqhttpserver,Application,Hp,Compaqhttpserver,-,,cpe:2.3:a:hp:compaqhttpserver:-:*:*:*:*:*:*:*,935A801E-98A3-4144-A09D-148C4748B0CD,2007-09-14T17:36:49.090
HP ssl http server,Application,Hp,Ssl Http Server,-,,cpe:2.3:a:hp:ssl_http_server:-:*:*:*:*:*:*:*,0390DCE6-A78B-4B2D-BF20-3D19263A2C82,2007-09-14T17:36:49.090
HP mpe,Operating System,Hp,Mpe,-,,cpe:2.3:o:hp:mpe:-:*:*:*:*:*:*:*,55033FF7-F5FB-48A9-AADB-7F75FC3A33D3,2007-09-14T17:36:49.090
HP mpe ix,Operating System,Hp,Mpe Ix,-,,cpe:2.3:o:hp:mpe_ix:-:*:*:*:*:*:*:*,00B5A0FA-F11F-4A99-94C2-3837C824E38B,2007-09-14T17:36:49.090
HP openvms,Operating System,Hp,Openvms,-,,cpe:2.3:o:hp:openvms:-:*:*:*:*:*:*:*,058B8FE9-38D7-440F-91E9-20C11B768A09,2008-04-15T22:37:40.600
HP proliant integrated lights out 2,Application,Hp,Proliant Integrated Lights Out 2,-,,cpe:2.3:a:hp:proliant_integrated_lights_out_2:-:*:*:*:*:*:*:*,45FFA1F3-F40D-40E1-8ED8-6374CDDB6FE2,2007-09-14T17:36:49.090
HP storageworks secure path,Application,Hp,Storageworks Secure Path,-,,cpe:2.3:a:hp:storageworks_secure_path:-:*:*:*:*:*:*:*,23879DC6-E7B7-4A8A-A67D-98DC20845634,2007-09-14T17:36:49.090
HP color laserjet 2500 toolbox,Application,Hp,Color Laserjet 2500 Toolbox,-,,cpe:2.3:a:hp:color_laserjet_2500_toolbox:-:*:*:*:*:*:*:*,B7CF7199-3B74-4E05-BB80-8A47E2DFB05D,2007-09-14T17:36:49.090
HP color laserjet 4600 toolbox,Application,Hp,Color Laserjet 4600 Toolbox,-,,cpe:2.3:a:hp:color_laserjet_4600_toolbox:-:*:*:*:*:*:*:*,00C1887F-BA90-4D58-971E-6A97870877FA,2007-09-14T17:36:49.090
HP hp-ux series 700,Operating System,Hp,Hp-Ux Series 700,-,,cpe:2.3:o:hp:hp-ux_series_700:-:*:*:*:*:*:*:*,10DA4FB3-D65D-4933-914A-3FB103143539,2007-09-14T17:36:49.090
HP hp-ux series 800,Operating System,Hp,Hp-Ux Series 800,-,,cpe:2.3:o:hp:hp-ux_series_800:-:*:*:*:*:*:*:*,20276AA9-2363-4B52-BECE-6FCDC0390A13,2007-09-14T17:36:49.090
HP eva 3000,Application,Hp,Eva 3000,-,,cpe:2.3:a:hp:eva_3000:-:*:*:*:*:*:*:*,11534C5C-7829-4093-878F-5B3228DBC778,2007-09-14T17:36:49.090
HP eva 5000,Application,Hp,Eva 5000,-,,cpe:2.3:a:hp:eva_5000:-:*:*:*:*:*:*:*,E1C86259-78D8-4965-8B9B-D266739EEA39,2007-09-14T17:36:49.090
HP ipfilter,Application,Hp,Ipfilter,-,,cpe:2.3:a:hp:ipfilter:-:*:*:*:*:*:*:*,A8335F37-68A3-4398-80EE-24AC4853F144,2007-09-14T17:36:49.090
HP ignite-ux,Application,Hp,Ignite-Ux,-,,cpe:2.3:a:hp:ignite-ux:-:*:*:*:*:*:*:*,A020CE9F-4A55-4023-BB0B-434881C9992C,2007-09-14T17:36:49.090
HP storageworks secure path 4.0c sp2 windows,Application,Hp,Storageworks Secure Path Windows,4.0c,sp2,cpe:2.3:a:hp:storageworks_secure_path_windows:4.0c:sp2:*:*:*:*:*:*,8DFE61DA-DE9F-4E56-B002-AF368ACFC24A,2008-04-15T22:21:14.467
Debian reprepro,Application,Debian,Reprepro,-,,cpe:2.3:a:debian:reprepro:-:*:*:*:*:*:*:*,1E515A4D-42D1-4673-87CA-709FD244F386,2007-09-14T17:36:49.090
Cisco Video Surveillance IP Gateway Encoder_Decoder,Application,Cisco,Video Surveillance Ip Gateway Encoder Decoder,-,,cpe:2.3:a:cisco:video_surveillance_ip_gateway_encoder_decoder:-:*:*:*:*:*:*:*,153C019B-10C6-4AB4-968B-9EAD27CF9F1C,2008-04-01T14:41:44.213
Cisco Video Surveillance SP_ISP Decoder Software,Application,Cisco,Video Surveillance Sp Isp Decoder Software,-,,cpe:2.3:a:cisco:video_surveillance_sp_isp_decoder_software:-:*:*:*:*:*:*:*,D040BB7A-FD54-489A-8E4B-5862E088E7B1,2008-04-01T14:41:44.683
Debian debian-goodies,Application,Debian,Debian-Goodies,-,,cpe:2.3:a:debian:debian-goodies:-:*:*:*:*:*:*:*,245F1229-15BF-48C0-8191-8E83955A2722,2007-09-14T17:36:49.090
Sony Micro Vault Fingerprint Access Software,Application,Sony,Micro Vault Fingerprint Access Software,-,,cpe:2.3:a:sony:micro_vault_fingerprint_access_software:-:*:*:*:*:*:*:*,3975342B-2495-4998-B6B6-6FDD0AE8BFC6,2007-09-14T17:36:49.090
Google Picasa,Application,Google,Picasa,-,,cpe:2.3:a:google:picasa:-:*:*:*:*:*:*:*,21932596-84E9-455C-BE27-9A3A138B060D,2007-09-14T17:36:49.090
Microsoft Windows Services for UNIX,Application,Microsoft,Windows Services For Unix,-,,cpe:2.3:a:microsoft:windows_services_for_unix:-:*:*:*:*:*:*:*,02889A26-4D9A-4CD3-B77F-1BFD67527005,2007-09-14T17:36:49.090
Microsoft Subsystem for UNIX-based Applications,Application,Microsoft,Subsystem For Unix-Based Applications,-,,cpe:2.3:a:microsoft:subsystem_for_unix-based_applications:-:*:*:*:*:*:*:*,BC2C8EDA-63C7-4EF2-987E-95A2CEC6FADB,2007-09-14T17:36:49.090
Microsoft sql_srv_desktop_engine,Application,Microsoft,Sql Server Desktop Engine,-,,cpe:2.3:a:microsoft:sql_server_desktop_engine:-:*:*:*:*:*:*:*,F0C878A9-47F9-40E4-B75F-DC049E7B4A49,2008-04-01T16:14:56.917
Microsoft visual_basic_sdk,Application,Microsoft,Visual Basic Software Development Kit,-,,cpe:2.3:a:microsoft:visual_basic_software_development_kit:-:*:*:*:*:*:*:*,358E4F7E-EB98-4109-82B8-5E637A327CE7,2008-04-01T16:15:01.840
Fedora 7,Operating System,Redhat,Fedora,7,,cpe:2.3:o:redhat:fedora:7:*:*:*:*:*:*:*,ECB97ED0-5B2C-4280-9AA7-1F488BB052A6,2008-04-15T22:37:37.410
Red Hat Application Server 1,Application,Redhat,Rhel Application Server,1,,cpe:2.3:a:redhat:rhel_application_server:1:*:*:*:*:*:*:*,7D27EC8F-6CDA-4C26-A462-3D9CA677AB79,2008-04-15T22:37:58.320
Red Hat Cluster,Application,Redhat,Rhel Cluster Suite,-,,cpe:2.3:a:redhat:rhel_cluster_suite:-:*:*:*:*:*:*:*,4BC2C457-11FB-44B5-8785-A1A8A42801C9,2008-04-01T16:42:20.350
Red Hat Cluster 3,Application,Redhat,Enterprise Linux Cluster Suite,3,,cpe:2.3:a:redhat:enterprise_linux_cluster_suite:3:*:*:*:*:*:*:*,EA243A2E-0A5E-49DC-A84C-471C1C054804,2008-04-07T14:49:58.020
Red Hat Cluster Storage,Application,Redhat,Rhel Cluster Storage,-,,cpe:2.3:a:redhat:rhel_cluster_storage:-:*:*:*:*:*:*:*,CC9B1E3E-71F7-4000-A4FE-C7F517507825,2008-04-15T22:37:59.007
Red Hat Cluster Storage 5,Application,Redhat,Enterprise Linux Cluster-Storage,5,,cpe:2.3:a:redhat:enterprise_linux_cluster-storage:5:*:*:*:*:*:*:*,83A02555-F90E-4A0A-8118-B4BE9847EFE5,2008-04-07T14:49:57.787
Red Hat Developer Suite,Application,Redhat,Rhel Developer Suite,-,,cpe:2.3:a:redhat:rhel_developer_suite:-:*:*:*:*:*:*:*,73F0E0E0-E713-4197-87E6-8C8A17FC546F,2008-04-15T22:37:59.147
Red Hat Productivity 5,Application,Redhat,Rhel Productivity,5,,cpe:2.3:a:redhat:rhel_productivity:5:*:*:*:*:*:*:*,EBF77A8E-7F52-4E3C-A64D-C857FFA57C65,2008-04-15T22:38:00.523
Red Hat Virtualization,Operating System,Redhat,Enterprise Linux Virtualization,-,,cpe:2.3:o:redhat:enterprise_linux_virtualization:-:*:*:*:*:*:*:*,961030F2-8858-4CBF-81D1-FA2695D18560,2008-04-01T16:42:22.037
Adobe Connect Enterprise Server,Application,Adobe,Connect Enterprise Server,-,,cpe:2.3:a:adobe:connect_enterprise_server:-:*:*:*:*:*:*:*,81665C5D-2684-4256-875A-E73CDF2E8F75,2009-03-05T17:16:59.717
Autodesk Autodesk,Application,Autodesk,Autodesk,-,,cpe:2.3:a:autodesk:autodesk:-:*:*:*:*:*:*:*,A8328287-F937-4B2D-9E24-5286992D64B1,2007-09-14T17:36:49.090
Autodesk Autodesk 3.0.2,Application,Autodesk,Backburner,3.0.2,,cpe:2.3:a:autodesk:backburner:3.0.2:*:*:*:*:*:*:*,716761B0-956E-400F-A4FC-276384C4EB2A,2008-04-07T13:41:22.917
PHP MySQL extension,Application,Php,Mysql Extension,-,,cpe:2.3:a:php:mysql_extension:-:*:*:*:*:*:*:*,B993E850-D4AE-4967-950C-FA4F2A9EFE97,2007-09-14T19:06:07.557
RSA EnVision,Application,Rsa,Envision,-,,cpe:2.3:a:rsa:envision:-:*:*:*:*:*:*:*,846A0BE4-982D-498D-A29C-23FEAAE8C5C9,2007-09-17T11:47:59.183
Winscp 3.8.2,Application,Winscp,Winscp,3.8.2,,cpe:2.3:a:winscp:winscp:3.8.2:*:*:*:*:*:*:*,26D31167-7478-48EC-B31F-5ADB16FD3F54,2012-08-01T21:34:05.877
HP photo & imaging gallery,Application,Hp,Photo And Imaging Gallery,-,,cpe:2.3:a:hp:photo_and_imaging_gallery:-:*:*:*:*:*:*:*,3011A1A0-6022-43C7-9089-60A80335C397,2008-04-01T16:10:43.907
HP all-in-one,Application,Hp,All-In-One,-,,cpe:2.3:a:hp:all-in-one:-:*:*:*:*:*:*:*,E7F56859-F123-4A27-B727-3E300366E0D5,2007-09-19T01:29:02.503
IBM Tivoli Storage Manager Client,Application,Ibm,Tivoli Storage Manager Client,-,,cpe:2.3:a:ibm:tivoli_storage_manager_client:-:*:*:*:*:*:*:*,BEC1AE22-C77E-4931-9DC1-0FB60A6B0895,2007-09-24T14:44:05.370
VMWare ACE 2,Application,Vmware,Ace 2,-,,cpe:2.3:a:vmware:ace_2:-:*:*:*:*:*:*:*,BE2797C3-639A-4C2A-BDE3-8AD56BC2EAC2,2007-09-24T14:58:19.390
VMWare Player,Application,Vmware,Player,-,,cpe:2.3:a:vmware:player:-:*:*:*:*:*:*:*,C78DE59E-0C5B-4B79-86FB-25BD41563651,2007-09-24T15:27:14.817
EMC VMware Server,Application,Emc,Vmware Server,-,,cpe:2.3:a:emc:vmware_server:-:*:*:*:*:*:*:*,A08C5A5E-DBAE-46F7-B159-0D1D2C2D1EEC,2007-09-24T15:33:38.770
PHP-Nuke Mobile Entertainment module,Application,Php-Nuke,Mobile Entertainment Module,-,,cpe:2.3:a:php-nuke:mobile_entertainment_module:-:*:*:*:*:*:*:*,6207DC7F-8C51-4B7A-83E2-52FEBB3C3F74,2007-09-25T18:37:56.110
Aimluck Aipo,Application,Aimluck,Aipo,-,,cpe:2.3:a:aimluck:aipo:-:*:*:*:*:*:*:*,0E5A038C-9857-41D4-ABAE-96D7AF730970,2011-01-17T14:09:56.380
Ruby-lang Ruby,Application,Ruby-Lang,Ruby,-,,cpe:2.3:a:ruby-lang:ruby:-:*:*:*:*:*:*:*,A4E41F22-6D9F-4D4C-876B-CD893A109DE3,2011-03-04T17:47:06.250
Sun Embedded Lights Out Manager,Application,Sun,Embedded Lights Out Manager,-,,cpe:2.3:a:sun:embedded_lights_out_manager:-:*:*:*:*:*:*:*,AAD789E9-7861-4C81-8C99-18C43B99C503,2007-10-02T14:26:42.670
PHP-Fusion Expanded Calendar module,Application,Php-Fusion,Expanded Calendar Module,-,,cpe:2.3:a:php-fusion:expanded_calendar_module:-:*:*:*:*:*:*:*,F46A8AF1-A411-4FB6-90C9-9F61D0C7B05C,2007-10-04T00:38:01.690
Nagios Plugins 1.4.9,Application,Nagios,Plugins,1.4.9,,cpe:2.3:a:nagios:plugins:1.4.9:*:*:*:*:*:*:*,FCF9FC78-FE5B-48DC-A6EA-C1B55CBCD93C,2014-05-15T01:06:38.437
Debian guilt,Application,Debian,Guilt,-,,cpe:2.3:a:debian:guilt:-:*:*:*:*:*:*:*,9448AC8B-9BE2-4797-86F9-96D0BFDEEFEF,2007-10-05T16:30:44.587
Debian Duplicity,Application,Debian,Duplicity,-,,cpe:2.3:a:debian:duplicity:-:*:*:*:*:*:*:*,E3C974EE-17CF-4903-A143-7CE46B9DB068,2007-10-05T16:33:42.633
Cyberlink PowerDVD,Application,Cyberlink,Powerdvd,-,,cpe:2.3:a:cyberlink:powerdvd:-:*:*:*:*:*:*:*,1F2D973A-07E4-411B-B4ED-DBDB40F7E1F3,2007-10-05T18:12:16.770
libpng  1.2.20,Application,Libpng,Libpng,1.2.20,,cpe:2.3:a:libpng:libpng:1.2.20:*:*:*:*:*:*:*,4C217A33-A033-4451-9205-730CB91EFF16,2012-06-15T15:21:39.060
Kodak Image Viewer,Application,Kodak,Image Viewer,-,,cpe:2.3:a:kodak:image_viewer:-:*:*:*:*:*:*:*,7AA8B3D2-171F-403C-9A9F-724353666F77,2007-10-09T23:01:45.837
Microsoft Sysinternals,Application,Microsoft,Sysinternals,-,,cpe:2.3:a:microsoft:sysinternals:-:*:*:*:*:*:*:*,A6CAAC8C-5DB3-49AE-A370-A15F22D22B1F,2007-10-10T11:10:28.320
Microsoft Sysinternals PsTools,Application,Microsoft,Sysinternals Pstools,-,,cpe:2.3:a:microsoft:sysinternals_pstools:-:*:*:*:*:*:*:*,2FE28EDF-E3AA-4830-A921-CB07DCC7D972,2007-10-10T11:11:02.043
Microsoft PsExec,Application,Microsoft,Psexec,-,,cpe:2.3:a:microsoft:psexec:-:*:*:*:*:*:*:*,2AB48EB6-3AFF-498B-8320-9D0DC61A2331,2007-10-10T11:13:47.070
Microsoft PsGetsid,Application,Microsoft,Psgetsid,-,,cpe:2.3:a:microsoft:psgetsid:-:*:*:*:*:*:*:*,5B2CD9BC-3FB3-434C-9076-1E334C50088D,2007-10-10T11:15:16.113
Microsoft PsInfo,Application,Microsoft,Psinfo,-,,cpe:2.3:a:microsoft:psinfo:-:*:*:*:*:*:*:*,1FFC46A0-5F66-4B8E-8342-C80FDD39512A,2007-10-10T11:16:22.220
Microsoft PsKill,Application,Microsoft,Pskill,-,,cpe:2.3:a:microsoft:pskill:-:*:*:*:*:*:*:*,2E04013E-4C0F-466C-85FB-44AA41DC2858,2007-10-10T11:16:33.097
Microsoft PsList,Application,Microsoft,Pslist,-,,cpe:2.3:a:microsoft:pslist:-:*:*:*:*:*:*:*,D4A4CA53-E7FE-4DDA-AB5D-793B4D86BAEB,2007-10-10T11:16:44.037
Microsoft PsLoglist,Application,Microsoft,Psloglist,-,,cpe:2.3:a:microsoft:psloglist:-:*:*:*:*:*:*:*,654D74E6-B854-4BEB-9636-7D9833916FC1,2007-10-10T11:16:56.880
Microsoft PsPasswd,Application,Microsoft,Pspasswd,-,,cpe:2.3:a:microsoft:pspasswd:-:*:*:*:*:*:*:*,62572F06-BDB0-4BFA-8E7A-64C4D79A6054,2007-10-10T11:17:08.243
Microsoft PsService,Application,Microsoft,Psservice,-,,cpe:2.3:a:microsoft:psservice:-:*:*:*:*:*:*:*,7EF06ED9-6560-484C-9BE9-B1F642111AC3,2007-10-10T11:17:17.180
Microsoft PsSuspend,Application,Microsoft,Pssuspend,-,,cpe:2.3:a:microsoft:pssuspend:-:*:*:*:*:*:*:*,6458B21F-9906-4EC1-B914-1F7C0249B4C2,2007-10-10T11:17:28.010
Microsoft PsShutdown,Application,Microsoft,Psshutdown,-,,cpe:2.3:a:microsoft:psshutdown:-:*:*:*:*:*:*:*,3600A789-5FB0-478A-886B-B2302D747472,2007-10-10T11:17:37.887
EMC Replistor,Application,Emc,Replistor,-,,cpe:2.3:a:emc:replistor:-:*:*:*:*:*:*:*,57A40D31-ED6D-49A5-818F-ABB97D37CAF3,2007-10-11T13:44:16.187
Debian ldapscripts,Application,Debian,Ldapscripts,-,,cpe:2.3:a:debian:ldapscripts:-:*:*:*:*:*:*:*,B68E6C48-A25D-4B3E-82CB-25B06C299A73,2007-10-11T17:31:04.893
Sun Java Virtual Machine,Application,Sun,Java Virtual Machine,-,,cpe:2.3:a:sun:java_virtual_machine:-:*:*:*:*:*:*:*,E4532F8D-2639-4199-A703-607FF7584A7F,2007-10-11T17:46:41.813
GNU TRAMP,Application,Gnu,Tramp,-,,cpe:2.3:a:gnu:tramp:-:*:*:*:*:*:*:*,85B7FA13-468E-4E76-B746-11216E46D82C,2007-10-12T10:30:53.843
HP Select Identity,Application,Hp,Select Identity,-,,cpe:2.3:a:hp:select_identity:-:*:*:*:*:*:*:*,CF4CC881-EFFB-4A63-A427-8CC5FEBED787,2007-10-12T14:16:07.397
HP Linux Imaging and Printing Project,Application,Hp,Linux Imaging And Printing Project,-,,cpe:2.3:a:hp:linux_imaging_and_printing_project:-:*:*:*:*:*:*:*,47A93023-8078-40A3-B77A-75E83913FA8D,2007-10-15T17:04:26.933
EMC VMware Player,Application,Emc,Vmware Player,-,,cpe:2.3:a:emc:vmware_player:-:*:*:*:*:*:*:*,36DE4ED3-838B-4B02-8063-2F44CDFC2878,2007-10-15T18:30:22.157
Microsoft ActiveSync,Application,Microsoft,Activesync,-,,cpe:2.3:a:microsoft:activesync:-:*:*:*:*:*:*:*,D7D28A97-1C40-41C1-9E0B-67B8D6355516,2007-10-16T10:09:31.930
Microsoft Expression Media,Application,Microsoft,Expression Media,-,,cpe:2.3:a:microsoft:expression_media:-:*:*:*:*:*:*:*,C43B27A9-87D7-4B18-A1A8-7F9BF5BFD331,2007-10-16T15:01:57.190
HP Bastille,Application,Hp,Bastille,-,,cpe:2.3:a:hp:bastille:-:*:*:*:*:*:*:*,90694EDF-FE5B-41C9-92B0-AF9E0180F96F,2007-10-17T16:16:40.663
Oracle Oracle Workspace Manager,Application,Oracle,Workspace Manager,-,,cpe:2.3:a:oracle:workspace_manager:-:*:*:*:*:*:*:*,4C59AC59-4542-4339-8E18-F2188377F007,2008-04-01T16:41:10.707
Cisco Unified Intelligent Contact Management Enterprise,Application,Cisco,Unified Intelligent Contact Management Enterprise,-,,cpe:2.3:a:cisco:unified_intelligent_contact_management_enterprise:-:*:*:*:*:*:*:*,4C844314-E895-4755-B3B6-E13E0381B447,2007-10-19T01:50:20.390
Cisco Cisco Unified ICM Hosted,Application,Cisco,Unified Icm Hosted,-,,cpe:2.3:a:cisco:unified_icm_hosted:-:*:*:*:*:*:*:*,F333A909-E608-4417-9735-2F5FD710D25B,2008-04-01T14:40:55.713
Cisco Cisco System Unified Contact Center Enterprise,Application,Cisco,System Unified Contact Center Enterprise,-,,cpe:2.3:a:cisco:system_unified_contact_center_enterprise:-:*:*:*:*:*:*:*,8AEE325F-19C2-4A6C-A9E6-25E3477B471B,2008-04-01T14:40:55.307
Symantec Altiris Deployment Solution,Application,Symantec,Altiris Deployment Solution,-,,cpe:2.3:a:symantec:altiris_deployment_solution:-:*:*:*:*:*:*:*,58AACAD0-B641-44D9-9800-A68CD7EBD4EC,2007-10-19T15:04:53.050
IBM ThinkVantage TPM,Application,Ibm,Thinkvantage Tpm,-,,cpe:2.3:a:ibm:thinkvantage_tpm:-:*:*:*:*:*:*:*,33053752-BE17-44CC-8E2B-6A15CF1E6B1E,2008-04-01T16:39:22.093
Juniper HTTP Service,Application,Juniper,Http Service,-,,cpe:2.3:a:juniper:http_service:-:*:*:*:*:*:*:*,20EEA9F6-2030-4D39-9CF9-D7D7048EE1EF,2007-10-19T17:25:10.070
Oracle OPMN daemon,Application,Oracle,Opmn Daemon,-,,cpe:2.3:a:oracle:opmn_daemon:-:*:*:*:*:*:*:*,5E14BF14-9082-46B6-850F-C857CF57074C,2007-10-19T17:30:17.653
secureideas BASE Basic Analysis and Security Engine 1.3.6,Application,Secureideas,Basic Analysis And Security Engine,1.3.6,,cpe:2.3:a:secureideas:basic_analysis_and_security_engine:1.3.6:*:*:*:*:*:*:*,D1A3DC2F-BF66-4A72-8AB5-CADC64080AB3,2012-07-03T18:37:16.317
Pligg CMS 9.5,Application,Pligg,Pligg Cms,9.5,,cpe:2.3:a:pligg:pligg_cms:9.5:*:*:*:*:*:*:*,2070CE49-4261-4EA7-82A5-135B9DE29608,2011-11-17T21:08:33.297
phpMYAdmin 2.11.1.1,Application,Phpmyadmin,Phpmyadmin,2.11.1.1,,cpe:2.3:a:phpmyadmin:phpmyadmin:2.11.1.1:*:*:*:*:*:*:*,1AC19604-7305-4D02-AB83-B1F40C529A13,2010-08-31T01:28:03.077
Nortel VoIP-Core-CS,Application,Nortel,Cs1000M,-,,cpe:2.3:a:nortel:cs1000m:-:*:*:*:*:*:*:*,0F7C6884-E4EB-4517-84D8-9CAF7D358405,2008-04-01T16:40:12.580
Nortel VoIP-Core-CS,Application,Nortel,Cs1000E,-,,cpe:2.3:a:nortel:cs1000e:-:*:*:*:*:*:*:*,C5978966-99B6-410F-BECF-1DE85711A232,2008-04-01T16:40:13.047
Nortel VoIP-Core-CS,Application,Nortel,Cs1000S,-,,cpe:2.3:a:nortel:cs1000s:-:*:*:*:*:*:*:*,F77D7B34-DF1F-4402-9083-A8A13565F8F5,2008-04-01T16:40:13.470
Nortel VoIP-Core-CS,Application,Nortel,11C,-,,cpe:2.3:a:nortel:11c:-:*:*:*:*:*:*:*,E8A7DEC2-58B2-420F-BB12-BF5B55A891AA,2008-04-01T16:40:13.940
Nortel VoIP-Core-CS,Application,Nortel,51C,-,,cpe:2.3:a:nortel:51c:-:*:*:*:*:*:*:*,54BCDAE5-CFE1-4D8A-B88A-FB5629AC5A3D,2008-04-01T16:40:14.423
Nortel VoIP-Core-CS,Application,Nortel,61C,-,,cpe:2.3:a:nortel:61c:-:*:*:*:*:*:*:*,6BDBE2D8-690C-4DD3-85AF-F34C78019A2A,2008-04-01T16:40:14.893
Nortel VoIP-Core-CS,Application,Nortel,81C,-,,cpe:2.3:a:nortel:81c:-:*:*:*:*:*:*:*,549FC779-4680-4D44-BB08-396439AFC045,2008-04-01T16:40:15.440
Nortel Meridian-Core-Option,Application,Nortel,Meridian Option Core Card,-,,cpe:2.3:a:nortel:meridian_option_core_card:-:*:*:*:*:*:*:*,03674521-1497-4F14-9293-9F57F8E9B4ED,2008-04-01T16:40:09.283
Nortel Meridian-Core-Option 11C,Application,Nortel,Meridian Option 11C,-,,cpe:2.3:a:nortel:meridian_option_11c:-:*:*:*:*:*:*:*,75E2B635-EC59-4365-9D62-B4FBD1ABB992,2008-04-07T14:36:53.070
Nortel Meridian-Core-Option 51C,Application,Nortel,Meridian Option 51C,-,,cpe:2.3:a:nortel:meridian_option_51c:-:*:*:*:*:*:*:*,A4E2500B-D4CA-4BFD-9801-5E9647FF940B,2008-04-07T14:36:53.273
Nortel Meridian-Core-Option 61C,Application,Nortel,Meridian Option 61C,-,,cpe:2.3:a:nortel:meridian_option_61c:-:*:*:*:*:*:*:*,B33652B6-9CEA-4C5D-A383-63803C2DA0F4,2008-04-07T14:36:53.417
Nortel Meridian-Core-Option 81C,Application,Nortel,Meridian Option 81C,-,,cpe:2.3:a:nortel:meridian_option_81c:-:*:*:*:*:*:*:*,4E5CF21A-007C-4635-95A6-2920B9C43794,2008-04-07T14:36:53.667
Alcatel-Lucent OmniVista,Application,Alcatel-Lucent,Omnivista,-,,cpe:2.3:a:alcatel-lucent:omnivista:-:*:*:*:*:*:*:*,969C3A5E-C5AA-4862-9A9A-AA4FA93677E2,2007-10-23T13:30:48.960
SocketMail SocketMail 2.2.8,Application,Socketmail,Socketmail,2.2.8,,cpe:2.3:a:socketmail:socketmail:2.2.8:*:*:*:*:*:*:*,E44E255B-4294-48DC-95BE-7F219EEA6ED0,2012-07-30T16:23:35.550
Nortel Meridian SL100,Application,Nortel,Meridian Sl100,-,,cpe:2.3:a:nortel:meridian_sl100:-:*:*:*:*:*:*:*,4FDB8DE6-16A7-48E2-B04D-F9FA2B422731,2007-10-24T12:32:16.820
Nortel Multimedia Communications Server MCS5100,Application,Nortel,Multimedia Communication Server 5100,-,,cpe:2.3:a:nortel:multimedia_communication_server_5100:-:*:*:*:*:*:*:*,0349112C-C14B-47FC-B4A1-BC0E69E2F937,2008-04-07T14:36:53.977
Nortel Multimedia Communications Server MCS5200,Application,Nortel,Multimedia Communication Server 5200,-,,cpe:2.3:a:nortel:multimedia_communication_server_5200:-:*:*:*:*:*:*:*,D3B3450B-C1FF-4984-8C44-473C82AA93FC,2008-04-07T14:36:54.167
Nortel Centrex IP Client Manager,Application,Nortel,Centrex Ip Client Manager,-,,cpe:2.3:a:nortel:centrex_ip_client_manager:-:*:*:*:*:*:*:*,28C18ACC-14AB-48A9-BEDD-E48052178524,2007-10-24T12:46:07.207
Nortel Centrex IP Element Manager,Application,Nortel,Centrex Ip Element Manager,-,,cpe:2.3:a:nortel:centrex_ip_element_manager:-:*:*:*:*:*:*:*,94D0B920-533F-40E0-9567-3D34CDAD31AE,2007-10-24T12:46:39.290
PHP-Nuke PHP-Nuke Platinum,Application,Php-Nuke,Platinum,-,,cpe:2.3:a:php-nuke:platinum:-:*:*:*:*:*:*:*,1048C9A5-F988-44BC-BC87-68FEF87AFC2C,2008-04-01T16:41:54.333
PHP-Nuke PHP-Nuke Platinum 7.6.b.5,Application,Futurenuke,Platinum,7.6.b.5,,cpe:2.3:a:futurenuke:platinum:7.6.b.5:*:*:*:*:*:*:*,0928F9EF-01B8-4BB6-A4EF-9DACBE61BFE9,2008-04-07T14:48:58.537
IBM OS_390,Operating System,Ibm,Os 390,-,,cpe:2.3:o:ibm:os_390:-:*:*:*:*:*:*:*,2A59F67A-86AD-45F6-918F-ECDC0510ED92,2007-10-29T21:53:04.663
HP OpenView Configuration Management,Application,Hp,Openview Configuration Management,-,,cpe:2.3:a:hp:openview_configuration_management:-:*:*:*:*:*:*:*,7BB449B7-F7FA-4C0F-9C23-692B5849549E,2007-10-31T02:47:26.393
Novell OpenSUSE SWAMP Workflow Administration_Management,Application,Novell,Opensuse Swamp Workflow Administration Management,-,,cpe:2.3:a:novell:opensuse_swamp_workflow_administration_management:-:*:*:*:*:*:*:*,E4B15BA7-59CA-4D27-996E-24D4FF76AD66,2008-04-01T16:40:23.487
Novell OpenSUSE SWAMP,Application,Novell,Opensuse Swamp,-,,cpe:2.3:a:novell:opensuse_swamp:-:*:*:*:*:*:*:*,43AF0BCB-9358-47AF-B60C-5E39E14CC457,2007-10-31T03:10:17.487
RSA KEON Registration Authority Web Interface,Application,Rsa,Keon Registration Authority Web Interface,-,,cpe:2.3:a:rsa:keon_registration_authority_web_interface:-:*:*:*:*:*:*:*,21AC5C05-0ADE-4E14-A46C-9983F3182C77,2007-10-31T03:16:23.993
Sony SonicStage CONNECT Player,Application,Sony,Sonicstage Connect Player,-,,cpe:2.3:a:sony:sonicstage_connect_player:-:*:*:*:*:*:*:*,7E4EE658-5AE2-4332-AEC6-76FB38B59DE6,2007-10-31T10:41:46.247
Gentoo MLDonkey ebuild,Application,Gentoo,Mldonkey Ebuild,-,,cpe:2.3:a:gentoo:mldonkey_ebuild:-:*:*:*:*:*:*:*,D131547F-50E1-463C-9958-FC133806BE6B,2007-10-31T11:32:00.403
Apache Software Foundation Jakarta Slide,Application,Apache,Jakarta Slide,-,,cpe:2.3:a:apache:jakarta_slide:-:*:*:*:*:*:*:*,288CB7DE-7D8B-4B9B-8368-215207E2ED2B,2008-03-25T18:12:21.530
Ipswitch IMail Client 9.22,Application,Ipswitch,Imail Client,9.22,,cpe:2.3:a:ipswitch:imail_client:9.22:*:*:*:*:*:*:*,4D33B002-6BB3-482E-996A-6E3F87348581,2012-08-20T18:31:14.793
Compaq OpenVMS,Application,Compaq,Openvms,-,,cpe:2.3:a:compaq:openvms:-:*:*:*:*:*:*:*,61B4C5D9-C242-4229-8725-2336F72E77B5,2007-11-01T16:01:46.530
IBM Tivoli Continuous Data Protection for Files,Application,Ibm,Tivoli Continuous Data Protection For Files,-,,cpe:2.3:a:ibm:tivoli_continuous_data_protection_for_files:-:*:*:*:*:*:*:*,04592876-3798-4D5E-A290-626C8C69DD1F,2007-11-07T02:57:52.323
Avaya Message Networking,Application,Avaya,Message Networking,-,,cpe:2.3:a:avaya:message_networking:-:*:*:*:*:*:*:*,D2F5C9F0-D586-4473-AB27-E16E673D228F,2007-11-07T03:40:07.417
Red Hat Certificate System,Application,Redhat,Certificate System,-,,cpe:2.3:a:redhat:certificate_system:-:*:*:*:*:*:*:*,16A83709-572C-4B5A-9B42-2E70E3111631,2008-04-15T22:37:56.523
Red Hat rhel_certificate_server,Application,Redhat,Certificate Server,-,,cpe:2.3:a:redhat:certificate_server:-:*:*:*:*:*:*:*,35ADFAD1-993F-4485-B466-2B981A89F706,2008-04-01T16:42:19.943
Microsoft Sysinternals DebugView,Application,Microsoft,Sysinternals Debugview,-,,cpe:2.3:a:microsoft:sysinternals_debugview:-:*:*:*:*:*:*:*,204E49D7-14E8-4DD8-A4ED-11F7EF57FD29,2007-11-09T04:14:34.397
Red Hat msctrans,Application,Redhat,Mcstrans,-,,cpe:2.3:a:redhat:mcstrans:-:*:*:*:*:*:*:*,FECCE1C6-698A-44D9-A505-7378BF43BB2D,2008-04-01T16:42:18.257
OrangeHRM 2.2.1,Application,Orangehrm,Orangehrm,2.2.1,,cpe:2.3:a:orangehrm:orangehrm:2.2.1:*:*:*:*:*:*:*,7FD95FED-B7E1-4EF0-919E-C051F49FB342,2012-08-24T19:40:59.677
Red Hat Conga,Application,Redhat,Conga,-,,cpe:2.3:a:redhat:conga:-:*:*:*:*:*:*:*,D8304196-DE39-4D45-9C18-529A8665854B,2007-11-14T17:37:55.760
IBM Tivoli Service Desk,Application,Ibm,Tivoli Service Desk,-,,cpe:2.3:a:ibm:tivoli_service_desk:-:*:*:*:*:*:*:*,3D0B1772-5F04-4519-A5F5-711C7240D30D,2007-11-15T04:16:14.960
ComponentOne FlexGrid,Application,Componentone,Flexgrid,-,,cpe:2.3:a:componentone:flexgrid:-:*:*:*:*:*:*:*,1D7DE026-2688-4A4D-8711-33249B69633A,2007-11-20T12:46:36.957
Cacti 0.8.7,Application,Cacti,Cacti,0.8.7,,cpe:2.3:a:cacti:cacti:0.8.7:*:*:*:*:*:*:*,734448B5-244E-4031-9D99-5D0107551804,2014-04-24T23:16:08.857
Citrix NetScaler,Application,Citrix,Netscaler,-,,cpe:2.3:a:citrix:netscaler:-:*:*:*:*:*:*:*,98D9CB38-C790-4420-B7BD-E55404AA519C,2007-11-20T19:50:45.857
Alcatel-Lucent OmniPCX,Application,Alcatel-Lucent,Omnipcx,-,,cpe:2.3:a:alcatel-lucent:omnipcx:-:*:*:*:*:*:*:*,C304A32E-04CA-4E77-BCEC-4092F0D9FEFE,2007-11-20T20:28:51.957
IBM WebSphere MQ,Application,Ibm,Websphere Mq,-,,cpe:2.3:a:ibm:websphere_mq:-:*:*:*:*:*:*:*,5B81C91C-990E-4A68-919C-609167C62739,2007-11-21T15:00:24.743
FileMaker FileMaker Server,Application,Filemaker,Filemaker Server,-,,cpe:2.3:a:filemaker:filemaker_server:-:*:*:*:*:*:*:*,20919BC4-70B9-41AA-8BD7-8C3E8CC0C45C,2007-11-27T01:11:09.743
Red Hat Cygwin,Application,Redhat,Cygwin,-,,cpe:2.3:a:redhat:cygwin:-:*:*:*:*:*:*:*,36D726B6-CDD5-4FC7-8501-E778167D763F,2008-04-01T16:41:59.210
Red Hat Cairo,Application,Redhat,Cairo,-,,cpe:2.3:a:redhat:cairo:-:*:*:*:*:*:*:*,FD5C747E-21FD-495F-A568-0908F5088153,2008-03-25T19:17:47.350
OpenSSL Project FIPS Object Module,Application,Openssl,Fips Object Module,-,,cpe:2.3:a:openssl:fips_object_module:-:*:*:*:*:*:*:*,89E0BDF5-643E-44A9-BE69-3A0F6AEC4CD1,2008-03-25T19:16:31.240
BEA Systems AquaLogic Interaction,Application,Bea,Aqualogic Interaction,-,,cpe:2.3:a:bea:aqualogic_interaction:-:*:*:*:*:*:*:*,4CF2C60D-8863-4723-B5ED-EFE32F3E2442,2008-03-25T18:12:56.733
IBM Tivoli Netcool Security Manager,Application,Ibm,Tivoli Netcool Security Manager,-,,cpe:2.3:a:ibm:tivoli_netcool_security_manager:-:*:*:*:*:*:*:*,F194AB23-F8D5-40CD-93D3-525E741504CB,2007-12-04T18:49:07.003
APC Rack Power Distribution Unit,Application,Apc,Switched Rack Pdu Firmware,-,,cpe:2.3:a:apc:switched_rack_pdu_firmware:-:*:*:*:*:*:*:*,6CC41949-AE1D-4541-BF90-F942C425287D,2008-04-01T14:36:23.730
QEMU 0.9.0,Application,Qemu,Qemu,0.9.0,,cpe:2.3:a:qemu:qemu:0.9.0:*:*:*:*:*:*:*,515D4144-5FF9-489B-9C96-16FE1CD5D271,2012-06-21T20:46:10.847
Linux netkit_ftp,Application,Netkit-Ftp,Netkit Ftp,-,,cpe:2.3:a:netkit-ftp:netkit_ftp:-:*:*:*:*:*:*:*,4B199D13-E622-430B-A6EF-B46D6C790A9D,2008-04-01T16:13:40.087
Linux netkit_ftpd,Application,Netkit-Ftp,Netkit Ftpd,-,,cpe:2.3:a:netkit-ftp:netkit_ftpd:-:*:*:*:*:*:*:*,7BD58F44-6F5D-4F1D-B677-D55981ED6D38,2008-04-01T16:13:40.290
Sun SunForum,Application,Sun,Sunforum,-,,cpe:2.3:a:sun:sunforum:-:*:*:*:*:*:*:*,7267EB8B-4165-47A5-882C-E3A9E61EA21A,2007-12-06T20:13:47.147
Citrix EdgeSight for Presentation Server,Application,Citrix,Edgesight For Presentation Server,-,,cpe:2.3:a:citrix:edgesight_for_presentation_server:-:*:*:*:*:*:*:*,6E97DD92-EE4E-4D1C-8D0C-8659DD9557DA,2007-12-07T17:44:48.240
Citrix Edgesight,Application,Citrix,Edgesight,-,,cpe:2.3:a:citrix:edgesight:-:*:*:*:*:*:*:*,9313B27A-3910-42EC-BDC7-5FD438C78C6E,2007-12-07T17:47:06.073
Citrix EdgeSight for Endpoints,Application,Citrix,Edgesight For Endpoints,-,,cpe:2.3:a:citrix:edgesight_for_endpoints:-:*:*:*:*:*:*:*,E9C855CA-F7D8-46C3-8631-A9616C6025AE,2007-12-07T17:47:37.783
Citrix EdgeSight for NetScaler,Application,Citrix,Edgesight For Netscaler,-,,cpe:2.3:a:citrix:edgesight_for_netscaler:-:*:*:*:*:*:*:*,1FCDD7C8-2C42-4714-9446-EC5FF1983887,2007-12-07T17:48:56.217
Gentoo Syslinux,Application,Gentoo,Syslinux,-,,cpe:2.3:a:gentoo:syslinux:-:*:*:*:*:*:*:*,35C9FAE9-7B7C-4DDF-9AF7-7A9E66C3F5CC,2007-12-10T15:29:52.060
Macromedia ColdFusion MX Professional,Application,Macromedia,Coldfusion Professional,-,,cpe:2.3:a:macromedia:coldfusion_professional:-:*:*:*:*:*:*:*,BCFC1F92-04D1-473D-B6F5-083FC6ECDB69,2008-04-07T14:17:22.110
FreeBSD slashem-tty,Application,Freebsd,Slashem-Tty,-,,cpe:2.3:a:freebsd:slashem-tty:-:*:*:*:*:*:*:*,2784E324-369C-4BDB-B02B-72000CCE8AC8,2007-12-11T18:38:14.247
Microsoft Message Queuing MSMQ,Application,Microsoft,Message Queuing,-,,cpe:2.3:a:microsoft:message_queuing:-:*:*:*:*:*:*:*,06F0006F-A943-46DC-89FE-DE189E37C515,2008-04-01T16:14:38.120
Microsoft Media Format Runtime 7.1,Application,Microsoft,Windows Media Format Runtime,7.1,,cpe:2.3:a:microsoft:windows_media_format_runtime:7.1:*:*:*:*:*:*:*,B478D79A-2306-4F5F-A50A-DD948C48758A,2008-04-01T16:14:35.870
HP Insight Manager,Application,Hp,Insight Manager,-,,cpe:2.3:a:hp:insight_manager:-:*:*:*:*:*:*:*,D5A297E7-2944-46FF-A0B4-638AF8C512C1,2007-12-12T19:34:17.030
HP Remote Diagnostics Enabling Agent,Application,Hp,Remote Diagnostics Enabling Agent,-,,cpe:2.3:a:hp:remote_diagnostics_enabling_agent:-:*:*:*:*:*:*:*,B7D8F667-C32E-4D3B-85D1-709D5CBD3724,2007-12-12T19:36:13.847
HP Info Center,Application,Hp,Info Center,-,,cpe:2.3:a:hp:info_center:-:*:*:*:*:*:*:*,510A32B7-49D5-4AE6-812D-0E88DC594C48,2007-12-14T15:34:02.807
Cisco CiscoWorks Server,Application,Cisco,Ciscoworks Server,-,,cpe:2.3:a:cisco:ciscoworks_server:-:*:*:*:*:*:*:*,ADE382D3-6019-423F-A17F-C466DF700AF2,2007-12-17T15:35:24.770
Gentoo Portage,Application,Gentoo,Portage,-,,cpe:2.3:a:gentoo:portage:-:*:*:*:*:*:*:*,90B31C7C-014B-42C6-A38A-6F59FB274484,2007-12-17T15:54:50.800
Trivantis CourseMill Enterprise Learning Management System 4.1 Service Pack 4,Application,Trivantis,Coursemill Enterprise Learning Management System,4.1,sp4,cpe:2.3:a:trivantis:coursemill_enterprise_learning_management_system:4.1:sp4:*:*:*:*:*:*,ED52EA7D-5F0C-4909-9CA5-15AC9C8420F2,2014-03-03T17:15:14.553
Sun eXtended System Control Facility,Application,Sun,Extended System Control Facility,-,,cpe:2.3:a:sun:extended_system_control_facility:-:*:*:*:*:*:*:*,1BEB8041-F95D-4F20-9559-D0B1EA31201A,2007-12-17T16:38:13.127
Sun eXtended System Control Facility XCP,Application,Sun,Extended System Control Facility Xcp,-,,cpe:2.3:a:sun:extended_system_control_facility_xcp:-:*:*:*:*:*:*:*,5FE27C9D-69A8-42E2-AA4C-ED61DA38CED5,2007-12-17T16:38:30.270
BEA Systems WebLogic Mobility Server,Application,Bea,Weblogic Mobility Server,-,,cpe:2.3:a:bea:weblogic_mobility_server:-:*:*:*:*:*:*:*,4F8B39E8-EF49-49FC-9674-FA2599A53D0C,2008-03-25T18:12:57.060
Microsoft ActiveX,Application,Microsoft,Activex,-,,cpe:2.3:a:microsoft:activex:-:*:*:*:*:*:*:*,F6ECD5FE-0A91-4846-84EA-7E44A3BFA04D,2007-12-17T19:11:33.730
IBM Tivoli Provisioning Manager Express,Application,Ibm,Tivoli Provisioning Manager Express,-,,cpe:2.3:a:ibm:tivoli_provisioning_manager_express:-:*:*:*:*:*:*:*,13BA1392-5CEA-4540-9A08-ED7927F5A65A,2007-12-17T20:31:03.380
IBM Internet Security Systems BlackICE Defender,Application,Ibm,Internet Security Systems Blackice Defender,-,,cpe:2.3:a:ibm:internet_security_systems_blackice_defender:-:*:*:*:*:*:*:*,AEC30DDC-BD8B-4087-B971-1CCD17D0E472,2007-12-18T17:41:34.830
IBM BlackICE Server Protection,Application,Ibm,Blackice Server Protection,-,,cpe:2.3:a:ibm:blackice_server_protection:-:*:*:*:*:*:*:*,03C3B617-54CF-4E51-8E9D-5E4D66B0B635,2007-12-18T17:42:12.107
Sun StarSuite,Application,Sun,Starsuite,-,,cpe:2.3:a:sun:starsuite:-:*:*:*:*:*:*:*,267402D5-FF28-4275-8FB8-B4B4478464C9,2007-12-18T19:33:46.550
Aertherwide exiftags 1.01,Application,Aertherwide,Exiftags,1.01,,cpe:2.3:a:aertherwide:exiftags:1.01:*:*:*:*:*:*:*,70453FD3-8DEB-4BBA-A439-2B76845EE207,2011-05-25T16:55:41.883
NetBSD ftpd,Application,Netbsd,Ftpd,-,,cpe:2.3:a:netbsd:ftpd:-:*:*:*:*:*:*:*,21D8E4D9-FA1B-467F-8E34-7A2B89098BD3,2007-12-19T18:05:58.257
Sybase Adaptive Server,Application,Sybase,Adaptive Server,-,,cpe:2.3:a:sybase:adaptive_server:-:*:*:*:*:*:*:*,1A85B6BF-305D-42E6-8855-4295AE37A0C8,2007-12-19T18:45:14.500
t1lib 5.1.1,Application,T1Lib,T1Lib,5.1.1,,cpe:2.3:a:t1lib:t1lib:5.1.1:*:*:*:*:*:*:*,CBB273C6-07CF-4A8E-897E-527A4646C7BF,2011-06-30T15:03:00.973
St. Bernard Open File Manager,Application,Stbernard,Open File Manager,-,,cpe:2.3:a:stbernard:open_file_manager:-:*:*:*:*:*:*:*,F2B3B433-3D0A-4180-85AA-2623393A7666,2008-03-25T19:18:06.180
SuSE Office Server,Operating System,Suse,Office Server,-,,cpe:2.3:o:suse:office_server:-:*:*:*:*:*:*:*,E4A2B1E0-61AC-4E54-91EF-1717FE57E7F6,2007-12-21T16:57:12.033
PHP mysql_banner_exchange,Application,Php,Mysql Banner Exchange,-,,cpe:2.3:a:php:mysql_banner_exchange:-:*:*:*:*:*:*:*,55C51BC0-9A71-4C24-9651-C361C5741263,2007-12-24T14:16:57.483
HP eSupportDiagnostics,Application,Hp,Esupportdiagnostics,-,,cpe:2.3:a:hp:esupportdiagnostics:-:*:*:*:*:*:*:*,6FD23E6E-5B45-44A7-8B67-3E58E6F1FDFD,2007-12-24T14:20:21.983
IBM Domino Web Access,Application,Ibm,Domino Web Access,-,,cpe:2.3:a:ibm:domino_web_access:-:*:*:*:*:*:*:*,5C22E525-52AC-4D49-8E65-D531C9F5F964,2007-12-27T23:49:03.937
Webmin Usermin 1.280,Application,Webmin,Usermin,1.280,,cpe:2.3:a:webmin:usermin:1.280:*:*:*:*:*:*:*,2012E4CF-DA22-4365-9436-5CF703E99D38,2014-06-24T18:10:00.687
IBM DB2 Content Manager Toolkit,Application,Ibm,Db2 Content Manager Toolkit,-,,cpe:2.3:a:ibm:db2_content_manager_toolkit:-:*:*:*:*:*:*:*,6F24F602-FB61-4B84-8E6A-F61EE757961E,2007-12-28T01:34:38.443
Persits Software XUpload,Application,Persits,Xupload,-,,cpe:2.3:a:persits:xupload:-:*:*:*:*:*:*:*,C26A943C-5FC6-41A1-B5CB-F86552729B85,2008-04-01T16:41:46.757
HP LoadRunner,Application,Hp,Loadrunner,-,,cpe:2.3:a:hp:loadrunner:-:*:*:*:*:*:*:*,D41A624A-3FD6-447B-9522-4B7A37AD7B48,2007-12-28T13:20:32.520
IBM Infoprint Controller Software,Application,Ibm,Infoprint Controller,-,,cpe:2.3:a:ibm:infoprint_controller:-:*:*:*:*:*:*:*,6D4D5173-CED2-4334-B7AC-781A32D20951,2008-04-01T16:39:16.843
IBM Infoprint Controller Software 1.0_47012,Application,Ibm,Infoprint 21,1.047012,,cpe:2.3:a:ibm:infoprint_21:1.047012:*:*:*:*:*:*:*,811BBB32-4E2C-4BC0-9EDC-F6883E5D1721,2008-04-07T14:13:59.110
Apple TCP_IP Configuration Utility,Application,Apple,Tcp Ip Configuration Utility,-,,cpe:2.3:a:apple:tcp_ip_configuration_utility:-:*:*:*:*:*:*:*,7A6FFB80-71EA-4422-8558-4D8F5897F9B5,2007-12-31T15:11:42.657
Sun PatchPro,Application,Sun,Patchpro,-,,cpe:2.3:a:sun:patchpro:-:*:*:*:*:*:*:*,314C84D2-5B70-44E7-976C-CF1EDD508F2E,2007-12-31T15:22:57.800
Apple iMovie HD,Application,Apple,Imovie,-,,cpe:2.3:a:apple:imovie:-:*:*:*:*:*:*:*,FF63A565-88CD-4408-A1DF-92F4C369A4CB,2008-04-01T14:36:28.340
SuSE Linux Enterprise Desktop,Operating System,Suse,Linux Enterprise Desktop,-,,cpe:2.3:o:suse:linux_enterprise_desktop:-:*:*:*:*:*:*:*,CC296B54-BA7C-466F-970B-AA8933377CE6,2008-04-01T16:56:01.513
Debian Unp,Application,Debian,Unp,-,,cpe:2.3:a:debian:unp:-:*:*:*:*:*:*:*,948FCECA-F907-4092-AA72-9ACB4B3D5827,2008-04-01T14:41:58.717
GNU libcdio,Application,Gnu,Libcdio,-,,cpe:2.3:a:gnu:libcdio:-:*:*:*:*:*:*:*,F9FBBC39-FB27-4FD2-9A72-95033B442775,2008-01-04T13:40:21.693
VMWare OpenPegasus Management Server,Application,Vmware,Openpegasus Management Server,-,,cpe:2.3:a:vmware:openpegasus_management_server:-:*:*:*:*:*:*:*,54E0A350-9764-4BF8-BB91-F2C8AC5EEC21,2008-01-09T17:46:26.323
Novell ZENworks Endpoint Security Management,Application,Novell,Zenworks Endpoint Security Management,-,,cpe:2.3:a:novell:zenworks_endpoint_security_management:-:*:*:*:*:*:*:*,284EF412-259F-4709-B2BB-BEE6EF610ADE,2008-01-09T18:27:02.260
Microsoft ActiveX AmpX,Application,Microsoft,Ampx,-,,cpe:2.3:a:microsoft:ampx:-:*:*:*:*:*:*:*,3A49E435-80F2-4A9E-986A-A6BE86199ABB,2008-04-07T14:26:13.480
SuSE YaST2,Operating System,Suse,Yast2,-,,cpe:2.3:o:suse:yast2:-:*:*:*:*:*:*:*,9D92FFFE-77E1-414A-83FB-A0F30B050F85,2008-01-10T18:21:57.220
Microsoft Rich Textbox Control,Application,Microsoft,Rich Textbox Control,-,,cpe:2.3:a:microsoft:rich_textbox_control:-:*:*:*:*:*:*:*,967B8BBF-4081-4EEE-A806-46CDD4A364F4,2008-01-11T15:37:45.563
HP Quick Launch Button,Application,Hp,Quick Launch Button,-,,cpe:2.3:a:hp:quick_launch_button:-:*:*:*:*:*:*:*,4870BB3E-7539-4775-BB3E-46FE6BF77360,2008-01-11T21:20:47.223
Sun Java System Identity Manager,Application,Sun,Java System Identity Manager,-,,cpe:2.3:a:sun:java_system_identity_manager:-:*:*:*:*:*:*:*,C141E4AD-7E19-421F-902A-E8DB26557E49,2008-01-14T13:34:42.523
IBM Tivoli Storage Manager Express,Application,Ibm,Tivoli Storage Manager Express,-,,cpe:2.3:a:ibm:tivoli_storage_manager_express:-:*:*:*:*:*:*:*,824C3225-C780-468A-B485-DA1AE5D37653,2008-01-14T15:27:35.483
Cherrypy Cherrypy 2.2.1,Application,Cherrypy,Cherrypy,2.2.1,,cpe:2.3:a:cherrypy:cherrypy:2.2.1:*:*:*:*:*:*:*,21876A79-6413-48D7-B20B-653166759C49,2009-04-24T19:04:23.780
Menalto Gallery 2.2.3,Application,Menalto,Gallery,2.2.3,,cpe:2.3:a:menalto:gallery:2.2.3:*:*:*:*:*:*:*,CFB10FE3-FC10-48B0-ACF7-DB72D88AF177,2012-08-20T18:29:09.810
Debian apt-listchanges,Application,Debian,Apt-Listchanges,-,,cpe:2.3:a:debian:apt-listchanges:-:*:*:*:*:*:*:*,35C2A895-F6F1-4841-898C-4ACCFDC41160,2008-01-17T16:10:00.823
Citrix Desktop Server,Application,Citrix,Desktop Server,-,,cpe:2.3:a:citrix:desktop_server:-:*:*:*:*:*:*:*,2B560011-6AB9-46F3-9F67-477FDED6D68A,2008-01-21T13:16:21.280
Sun Solaris libfont,Application,Sun,Solaris Libfont,-,,cpe:2.3:a:sun:solaris_libfont:-:*:*:*:*:*:*:*,42FA1614-E642-4DF8-844D-9C3B2F227346,2008-01-21T14:15:36.930
Sun Solaris libXfont,Application,Sun,Solaris Libxfont,-,,cpe:2.3:a:sun:solaris_libxfont:-:*:*:*:*:*:*:*,E5B1CB56-729C-4FA8-8CE6-20C4F4A31649,2008-01-21T14:15:55.700
PHP F1 Maxs File Uploader,Application,Php,F1 Maxs File Uploader,-,,cpe:2.3:a:php:f1_maxs_file_uploader:-:*:*:*:*:*:*:*,38C218D0-ABBA-4439-955B-D67E41E157F1,2008-01-23T14:47:05.873
NEC SocksCap,Application,Nec,Sockscap,-,,cpe:2.3:a:nec:sockscap:-:*:*:*:*:*:*:*,0C3A51AA-92A9-4034-9433-17690D09B045,2012-05-10T15:20:30.893
Mahara 0.9.0,Application,Mahara,Mahara,0.9.0,,cpe:2.3:a:mahara:mahara:0.9.0:*:*:*:*:*:*:*,E0736C84-6BC9-4D38-B9C4-4BEC92BBC33A,2010-10-11T18:50:57.947
Citadel Citadel_SMTP,Application,Citadel,Smtp,-,,cpe:2.3:a:citadel:smtp:-:*:*:*:*:*:*:*,80FE5A7A-5C6E-4D6C-BC98-EBE3B4B8C60A,2008-04-01T14:41:49.497
Toshiba Surveillix RecordSend Class,Application,Toshiba,Surveillix,-,,cpe:2.3:a:toshiba:surveillix:-:*:*:*:*:*:*:*,E83F5479-6B27-4370-AFDF-242EDF827E39,2008-04-01T16:16:29.860
IBM Websphere Business Modeler Basic,Application,Ibm,Websphere Business Modeler Basic,-,,cpe:2.3:a:ibm:websphere_business_modeler_basic:-:*:*:*:*:*:*:*,41816A8A-5096-45D8-999A-DFC84671616A,2008-01-23T15:45:00.440
IBM Websphere Business Modeler Advanced,Application,Ibm,Websphere Business Modeler Advanced,-,,cpe:2.3:a:ibm:websphere_business_modeler_advanced:-:*:*:*:*:*:*:*,241D576B-5A59-4FC8-A81B-E571A013C7ED,2008-01-23T15:47:32.960
Cisco AVS,Application,Cisco,Application Velocity System,-,,cpe:2.3:a:cisco:application_velocity_system:-:*:*:*:*:*:*:*,7347D6FD-2BDA-42EF-A8CB-F5239060C962,2008-04-01T14:40:19.570
HP HP Virtual Rooms,Application,Hp,Virtual Rooms,-,,cpe:2.3:a:hp:virtual_rooms:-:*:*:*:*:*:*:*,2D4FA6A7-C094-4A04-BA5B-9D3DD831FFE1,2008-04-01T16:10:18.017
Endian Firewall 2.1.2,Application,Endian,Firewall,2.1.2,,cpe:2.3:a:endian:firewall:2.1.2:*:*:*:*:*:*:*,5270320F-1A43-4553-9779-2DF20099B4CF,2012-09-18T14:16:14.257
Bigware Bigware Shop 2.0,Application,Bigware,Bigware Shop,2.0,,cpe:2.3:a:bigware:bigware_shop:2.0:*:*:*:*:*:*:*,46E8383D-26DC-42A9-B7DB-B6418896B903,2012-10-12T13:33:11.257
Gentoo xdg-utils,Application,Gentoo,Xdg-Utils,-,,cpe:2.3:a:gentoo:xdg-utils:-:*:*:*:*:*:*:*,42838FBE-5C17-4507-9EF1-7C9C664E9D5F,2008-02-05T14:17:47.477
Red Hat desktop,Operating System,Redhat,Desktop,-,,cpe:2.3:o:redhat:desktop:-:*:*:*:*:*:*:*,96B14D05-3702-43A4-AB17-1FDBF4BF2ECB,2008-02-05T15:56:54.380
Nero MediaPlayer,Application,Nero,Mediaplayer,-,,cpe:2.3:a:nero:mediaplayer:-:*:*:*:*:*:*:*,FE6714DE-BEFE-4149-A84E-8D61962F86F3,2008-02-06T15:30:25.777
Yahoo Yahoo Music Jukebox,Application,Yahoo,Music Jukebox,-,,cpe:2.3:a:yahoo:music_jukebox:-:*:*:*:*:*:*:*,7B22A2A6-7320-45A7-843D-0576C3A77ED4,2008-04-01T16:16:52.157
Apple Mac OS Server 9,Operating System,Apple,Mac Os Server,9,,cpe:2.3:o:apple:mac_os_server:9:*:*:*:*:*:*:*,A514242E-DD83-41EA-9111-B98CEF5C84D6,2008-04-15T22:37:33.443
Fedora,Operating System,Fedoraproject,Fedora,-,,cpe:2.3:o:fedoraproject:fedora:-:*:*:*:*:*:*:*,C3D52372-0060-4F4E-8E4C-3F1829C929DF,2008-04-15T22:37:38.363
HP Secure OS,Operating System,Hp,Secure Os,-,,cpe:2.3:o:hp:secure_os:-:*:*:*:*:*:*:*,AE546EC4-34EC-49BC-8184-61242E9D9CDA,2008-04-15T22:37:40.677
HP Color LaserJet 4700 printer software,Application,Hp,Color Laserjet 4700 Driver,-,,cpe:2.3:a:hp:color_laserjet_4700_driver:-:*:*:*:*:*:*:*,3948AB19-3902-468C-A3DA-819D9E0C0910,2008-04-15T22:37:41.537
HP StorageWorks VCS Base Firmware,Application,Hp,Storage Vcs Base Firmware,-,,cpe:2.3:a:hp:storage_vcs_base_firmware:-:*:*:*:*:*:*:*,E322F8C6-A758-4E64-AF2A-43E37D869DF7,2008-04-15T22:37:42.037
HP TCP_IP Services OpenVMS,Application,Hp,Tcp Ip Services Openvms,-,,cpe:2.3:a:hp:tcp_ip_services_openvms:-:*:*:*:*:*:*:*,98EFFA9E-027B-4E13-A1CD-B54A85D94DAB,2008-04-15T22:37:42.207
Red Hat Directory Server,Application,Redhat,Directory Server,-,,cpe:2.3:a:redhat:directory_server:-:*:*:*:*:*:*:*,E050C6FD-3C54-494D-8746-2CB4DC8440A9,2008-04-15T22:37:57.007
Red Hat Network Proxy,Application,Redhat,Network Proxy,-,,cpe:2.3:a:redhat:network_proxy:-:*:*:*:*:*:*:*,04E7EF43-5821-4A89-8D5A-C7FE896678ED,2008-04-15T22:37:57.240
Red Hat Cluster,Application,Redhat,Rhel Cluster,-,,cpe:2.3:a:redhat:rhel_cluster:-:*:*:*:*:*:*:*,F492C702-59C6-4E78-AE74-3255D536E3FC,2008-04-15T22:37:58.680
Red Hat eXchange EnterpriseDB,Application,Redhat,Rhx Enterprise Db,5.0,,cpe:2.3:a:redhat:rhx_enterprise_db:5.0:*:*:*:*:*:*:*,75D1AB51-DFEC-404F-8339-A8A2DF3364AB,2008-04-15T22:38:01.147
Shavlik NetChk Compliance,Application,Shavlik,Netchk Compliance,-,,cpe:2.3:a:shavlik:netchk_compliance:-:*:*:*:*:*:*:*,A6105C1E-4AC6-4194-AD51-DD90844B54BC,2008-04-15T22:38:01.227
Shavlik NetChk Protect,Application,Shavlik,Netchk Protect,-,,cpe:2.3:a:shavlik:netchk_protect:-:*:*:*:*:*:*:*,0C79ADE4-7208-4BAC-B9E9-1A7AA20CB56C,2008-04-15T22:38:01.367
Microsoft desktop_engine 2000,Application,Microsoft,Desktop Engine,2000,,cpe:2.3:a:microsoft:desktop_engine:2000:*:*:*:*:*:*:*,1F6EEC94-8043-493C-81F4-DC66FB8AA49B,2008-04-15T23:01:06.883
Microsoft frontpage_express,Application,Microsoft,Frontpage Express,-,,cpe:2.3:a:microsoft:frontpage_express:-:*:*:*:*:*:*:*,C9B9E3AF-5363-403D-A01A-8A22FC3EB5BB,2008-04-15T23:01:08.227
Microsoft InterDev 1.0,Application,Microsoft,Interdev,1.0,,cpe:2.3:a:microsoft:interdev:1.0:*:*:*:*:*:*:*,972584F9-A2D8-494C-8496-525B0BD2F79F,2008-04-15T22:39:21.077
Microsoft Internet Explorer 6 SP1,Application,Microsoft,Internet Explorer,6,sp1,cpe:2.3:a:microsoft:internet_explorer:6:sp1:*:*:*:*:*:*,9541B807-DCFC-4E23-8719-35A61E84404A,2021-07-23T12:16:45.877
Ikiwiki 1.33.3,Application,Ikiwiki,Ikiwiki,1.33.3,,cpe:2.3:a:ikiwiki:ikiwiki:1.33.3:*:*:*:*:*:*:*,19BB039F-B3D4-414B-AB39-DEB8C3A68E07,2012-01-05T19:27:18.067
ATutor ATutor 1.5.5,Application,Atutor,Atutor,1.5.5,,cpe:2.3:a:atutor:atutor:1.5.5:*:*:*:*:*:*:*,A3BB5248-DCE8-4317-B019-DC54DA6E190C,2012-10-23T21:05:48.940
Novell iPrint Client,Application,Novell,Iprint,-,,cpe:2.3:a:novell:iprint:-:*:*:*:*:*:*:*,749CFB31-7080-4698-B18C-A32321EF8D77,2011-03-04T17:47:05.530
Ipswitch Instant Messaging 2.0.8.1,Application,Ipswitch,Instant Messaging,2.0.8.1,,cpe:2.3:a:ipswitch:instant_messaging:2.0.8.1:*:*:*:*:*:*:*,248B6195-A75D-4C20-A11D-DF78B2813F7C,2012-08-20T18:31:15.590
Cubecart   4.2.1,Application,Cubecart,Cubecart,4.2.1,,cpe:2.3:a:cubecart:cubecart:4.2.1:*:*:*:*:*:*:*,2996153F-A845-4F1B-9E38-749DC2C58F86,2012-07-03T18:35:42.617
Apple CUPS 1.3.6,Application,Apple,Cups,1.3.6,,cpe:2.3:a:apple:cups:1.3.6:*:*:*:*:*:*:*,F0C95596-43E4-44E2-A49A-1F4AEBF05B73,2012-11-26T16:39:30.813
Symantec Norton 360,Application,Symantec,Norton 360,-,,cpe:2.3:a:symantec:norton_360:-:*:*:*:*:*:*:*,0B2413D0-E801-406C-ABB3-61E022A19BD9,2016-09-09T17:48:05.307
Microsoft Windows Server 2003 Service Pack 2,Operating System,Microsoft,Windows Server 2003,-,sp2,cpe:2.3:o:microsoft:windows_server_2003:-:sp2:*:*:*:*:*:*,1D58E457-774B-46F9-A4BA-9C6CF9D0A8B2,2010-10-13T02:39:17.930
SAP Netweaver 7.0 (aka 2004s),Application,Sap,Netweaver,7.0,,cpe:2.3:a:sap:netweaver:7.0:*:*:*:*:*:*:*,E3086E7F-E5A3-43D4-98BD-CAE2277B8F4C,2012-03-01T00:21:25.597
Perl 5.8.8,Application,Perl,Perl,5.8.8,,cpe:2.3:a:perl:perl:5.8.8:*:*:*:*:*:*:*,423C586A-928A-4ABC-A99D-894FCF7E4CDB,2012-11-01T01:59:02.047
Akiva WebBoard 8.0,Application,Akiva,Webboard,8.0,,cpe:2.3:a:akiva:webboard:8.0:*:*:*:*:*:*:*,770F0E39-A37E-4373-B56B-9F2F85F92DA9,2012-10-05T18:23:49.003
toocharger smartblog 1.3,Application,Toocharger,Smartblog,1.3,,cpe:2.3:a:toocharger:smartblog:1.3:*:*:*:*:*:*:*,3AC8C449-10C3-415F-833B-771B51D18B28,2012-08-20T18:27:52.590
Maian Script World Maian Weblog 4.0,Application,Maianscriptworld,Maian Weblog,4.0,,cpe:2.3:a:maianscriptworld:maian_weblog:4.0:*:*:*:*:*:*:*,C01BCA23-2BC3-4C0A-B2B7-2CA27C198938,2015-04-02T16:56:58.617
Fusebox 5.5.1,Application,Fusebox,Fusebox,5.5.1,,cpe:2.3:a:fusebox:fusebox:5.5.1:*:*:*:*:*:*:*,DC124DB3-43F4-4BBA-A446-269997B5D78C,2011-11-17T21:00:17.343
vastal phpvid 1.2,Application,Vastal,Phpvid,1.2,,cpe:2.3:a:vastal:phpvid:1.2:*:*:*:*:*:*:*,ED1E7A8C-6F51-4CBC-A62C-C207CF2C37A8,2013-08-29T14:18:30.967
Cisco Unified Customer Voice Portal (CVP) Software 4.0,Application,Cisco,Unified Customer Voice Portal,4.0,,cpe:2.3:a:cisco:unified_customer_voice_portal:4.0:*:*:*:*:*:*:*,D2476D70-B89B-4B62-8E43-790C7125D111,2013-05-14T22:57:00.267
toocharger myboard 1.0.12,Application,Toocharger,Myboard,1.0.12,,cpe:2.3:a:toocharger:myboard:1.0.12:*:*:*:*:*:*:*,2E98D3B5-01D3-4EBE-86B2-D6346CFB8A7A,2012-08-20T18:27:52.543
LimeSurvey LimeSurvey 1.52,Application,Limesurvey,Limesurvey,1.52,,cpe:2.3:a:limesurvey:limesurvey:1.52:*:*:*:*:*:*:*,9ECEEE00-C55A-4EAC-B37C-2B6675E5C334,2012-09-21T20:27:43.557
freeSSHd freeSSHd 1.2.1,Application,Freesshd,Freesshd,1.2.1,,cpe:2.3:a:freesshd:freesshd:1.2.1:*:*:*:*:*:*:*,BF57FB1C-1965-44E4-90DB-E5DCCE032D6F,2012-12-18T21:39:16.430
Cisco Intrusion Prevention System 5.1,Application,Cisco,Intrusion Prevention System,5.1,,cpe:2.3:a:cisco:intrusion_prevention_system:5.1:*:*:*:*:*:*:*,255B6EC6-C9F9-425B-BF3D-843E3419407A,2012-05-30T20:46:10.353
spamdyke spamdyke 3.0.0,Application,Spamdyke,Spamdyke,3.0.0,,cpe:2.3:a:spamdyke:spamdyke:3.0.0:*:*:*:*:*:*:*,12CB848F-0B0E-4C74-8003-EA82DC551989,2012-06-29T14:49:28.047
Glub Tech Secure FTP 2.5.15,Application,Glub,Secure Ftp,2.5.15,,cpe:2.3:a:glub:secure_ftp:2.5.15:*:*:*:*:*:*:*,75C69C09-EAF8-49DC-BDAD-68AFBC1AEA06,2009-11-25T18:28:00.747
Red Hat Desktop Workstation 5,Operating System,Redhat,Desktop Workstation,5,,cpe:2.3:o:redhat:desktop_workstation:5:*:*:*:*:*:*:*,30694461-6CA9-468C-8AE3-470F66ECC301,2010-08-09T22:07:56.677
Haudenschilt Family Connections CMS (FCMS) 1.4,Application,Haudenschilt,Family Connections Cms,1.4,,cpe:2.3:a:haudenschilt:family_connections_cms:1.4:*:*:*:*:*:*:*,8B9139AB-00E2-47D1-A540-73AAAEAF4ADD,2010-10-13T02:42:49.743
Caucho Technology Resin 2.1.1,Application,Caucho,Resin,2.1.1,,cpe:2.3:a:caucho:resin:2.1.1:*:*:*:*:*:*:*,50D90B4B-075C-4B53-BB28-4EE38A4C1DC5,2012-08-23T02:38:58.047
Microsoft Groove 2007,Application,Microsoft,Groove,2007,,cpe:2.3:a:microsoft:groove:2007:*:*:*:*:*:*:*,9C497FAC-9FFE-410B-A615-FAA05B542E3E,2009-12-02T19:16:00.520
Microsoft Sharepoint Designer 2007,Application,Microsoft,Sharepoint Designer,2007,,cpe:2.3:a:microsoft:sharepoint_designer:2007:*:*:*:*:*:*:*,0BC3968A-9024-4AC7-A32A-2B989ADBD16C,2009-11-25T18:26:38.717
vbulletin vbulletin 3.6,Application,Vbulletin,Vbulletin,3.6,,cpe:2.3:a:vbulletin:vbulletin:3.6:*:*:*:*:*:*:*,BCB1ED12-576A-40F2-894F-193F4A788FE7,2016-08-31T18:16:45.037
scripteen Free Image Hosting Script 1.2,Application,Scripteen,Free Image Hosting Script,1.2,,cpe:2.3:a:scripteen:free_image_hosting_script:1.2:*:*:*:*:*:*:*,00989123-3098-4E85-AE66-960FCB956A28,2010-08-31T01:29:10.203
thekelleys dnsmasq 2.25,Application,Thekelleys,Dnsmasq,2.25,,cpe:2.3:a:thekelleys:dnsmasq:2.25:*:*:*:*:*:*:*,D8F51C78-5EED-44F7-B7FF-B15C25217EE9,2013-03-07T18:42:23.233
XMLSoft libxslt 1.1.24,Application,Xmlsoft,Libxslt,1.1.24,,cpe:2.3:a:xmlsoft:libxslt:1.1.24:*:*:*:*:*:*:*,8790CE1D-69D7-4D8E-ABF9-BB9297016051,2013-04-15T19:03:48.397
impresscms impresscms 1.0,Application,Impresscms,Impresscms,1.0,,cpe:2.3:a:impresscms:impresscms:1.0:*:*:*:*:*:*:*,26C352EB-F4BA-452B-901B-A4F2248C7625,2012-10-09T01:06:41.573
coppermine-gallery Coppermine Photo Gallery 1.4.18,Application,Coppermine-Gallery,Coppermine Photo Gallery,1.4.18,,cpe:2.3:a:coppermine-gallery:coppermine_photo_gallery:1.4.18:*:*:*:*:*:*:*,9BE08671-0C1A-4EB6-A120-5BBDDC13A331,2012-09-06T18:49:48.113
Plogger 2.0,Application,Plogger,Plogger,2.0,,cpe:2.3:a:plogger:plogger:2.0:*:*:*:*:*:*:*,03C77B87-FA0B-425F-B574-60E8655E320A,2012-10-05T18:29:16.817
Maxthon Browser 2.0,Application,Maxthon,Maxthon Browser,2.0,,cpe:2.3:a:maxthon:maxthon_browser:2.0:*:*:*:*:*:*:*,29C1AA68-96E1-4217-B081-36EC45960A15,2009-05-14T15:09:08.280
postfix 2.6,Application,Postfix,Postfix,2.6,,cpe:2.3:a:postfix:postfix:2.6:*:*:*:*:*:*:*,878C7213-43CF-4F61-ADF6-3E566B5E693B,2011-06-30T15:05:47.427
Microsoft Server 2008,Application,Microsoft,Server,2008,,cpe:2.3:a:microsoft:server:2008:*:*:*:*:*:*:*,EE22CF62-54F2-4837-8A5C-88BD199CCEC4,2008-09-11T14:21:29.367
Microsoft SQL Server Reporting Services 2000 Service Pack 2,Application,Microsoft,Sql Server Reporting Services,2000,sp2,cpe:2.3:a:microsoft:sql_server_reporting_services:2000:sp2:*:*:*:*:*:*,3A800822-A958-4C58-867C-2440B5C88BC8,2012-10-10T16:14:32.033
Microsoft Report Viewer 2005 Service Pack 1,Application,Microsoft,Report Viewer,2005,sp1,cpe:2.3:a:microsoft:report_viewer:2005:sp1:*:*:*:*:*:*,9177DFF0-1555-490C-AB7E-321788DFA0F8,2011-08-29T14:21:31.143
Microsoft Forefront Client Security 1.0,Application,Microsoft,Forefront Client Security,1.0,,cpe:2.3:a:microsoft:forefront_client_security:1.0:*:*:*:*:*:*:*,24D7D387-40D4-47E2-8500-E062F127F90C,2008-09-11T14:21:30.367
Microsoft Windows Media Encoder 9 Series,Application,Microsoft,Windows Media Encoder,9_series,,cpe:2.3:a:microsoft:windows_media_encoder:9_series:*:*:*:*:*:*:*,6F71ED81-DD12-4AE8-9E2A-9D6C87481714,2008-09-11T14:58:24.413
LANDesk Software LANDesk Security Suite:8.8,Application,Landesk,Landesk Security Suite,8.8,,cpe:2.3:a:landesk:landesk_security_suite:8.8:*:*:*:*:*:*:*,B5010503-252B-48F9-9A12-7CC3FDE2AF96,2008-09-18T16:34:02.843
Vim 5.6,Application,Vim,Vim,5.6,,cpe:2.3:a:vim:vim:5.6:*:*:*:*:*:*:*,40D7703C-1852-4EBA-818F-876787C70D1C,2012-08-01T21:33:18.297
ComponentOne VSFlexGrid 7.0.1.151,Application,Componentone,Vsflexgrid,7.0.1.151,,cpe:2.3:a:componentone:vsflexgrid:7.0.1.151:*:*:*:*:*:*:*,E6F1F8D2-DD26-4193-A716-258E3841DFC2,2008-09-22T14:53:20.827
x10Media x10 Automatic MP3 Script 1.5.5,Application,X10Media,.X10 Automatic Mp3 Script,1.5.5,,cpe:2.3:a:x10media:.x10_automatic_mp3_script:1.5.5:*:*:*:*:*:*:*,E47DAAEB-A009-4C68-A95B-44D88F99F2BB,2008-09-24T12:45:05.910
IBM Tivoli Netcool Webtop 2.1.0,Application,Ibm,Tivoli Netcool Webtop,2.1.0,,cpe:2.3:a:ibm:tivoli_netcool_webtop:2.1.0:*:*:*:*:*:*:*,0B10F8C9-2084-4BB7-ACB0-3F471D5D095D,2008-09-30T00:35:57.120
FlatPress FlatPress 0.804,Application,Flatpress,Flatpress,0.804,,cpe:2.3:a:flatpress:flatpress:0.804:*:*:*:*:*:*:*,5D8CE75E-4A73-4794-92D1-694DF34015B7,2008-09-30T12:59:04.393
Microsoft Microsoft Internet Authentication Service (IAS) Helper COM Component,Application,Microsoft,Internet Authentication Service Helper Com Component,-,,cpe:2.3:a:microsoft:internet_authentication_service_helper_com_component:-:*:*:*:*:*:*:*,DA4D4F59-F220-4FBC-A247-0F4F5721FB3D,2008-09-30T13:47:08.530
LanSuite LanSuite 3.3.2,Application,Lansuite,Lansuite,3.3.2,,cpe:2.3:a:lansuite:lansuite:3.3.2:*:*:*:*:*:*:*,8995E1B0-9B07-43AB-B0E9-AF74076B7631,2008-10-01T13:28:24.987
Symantec Veritas NetBackup Enterprise Server 5.1,Application,Symantec,Netbackup Enterprise Server,5.1,,cpe:2.3:a:symantec:netbackup_enterprise_server:5.1:*:*:*:*:*:*:*,25F0A698-3732-4A79-9752-9956AD075540,2008-10-01T14:06:43.933
Symantec Veritas NetBackup Server 6.5,Application,Symantec,Netbackup Server,6.5,,cpe:2.3:a:symantec:netbackup_server:6.5:*:*:*:*:*:*:*,EA2719A3-45F6-4FB2-A68A-E718DDE1DE9E,2008-10-01T14:06:44.293
Google Chrome 0.2.149.29,Application,Google,Chrome,0.2.149.29,,cpe:2.3:a:google:chrome:0.2.149.29:*:*:*:*:*:*:*,90E98309-6AA5-4A22-BDFF-A21DF8841AEA,2012-05-10T15:20:34.347
Chilkat XML ActiveX control 3.0.3.0,Application,Chilkat Software,Chilkat Xml Activex Control,3.0.3.0,,cpe:2.3:a:chilkat_software:chilkat_xml_activex_control:3.0.3.0:*:*:*:*:*:*:*,6A9F6A84-07B4-4886-A583-B9BA76FC1C4B,2008-10-01T14:26:55.317
ParsaGostar ParsaWeb,Application,Parsagostar,Parsaweb,-,,cpe:2.3:a:parsagostar:parsaweb:-:*:*:*:*:*:*:*,1C0D7FD6-7D2A-4C40-AA75-8308491B3254,2008-10-01T15:38:57.820
ParsaGostar ParsaWeb CMS,Application,Parsagostar,Parsaweb Cms,-,,cpe:2.3:a:parsagostar:parsaweb_cms:-:*:*:*:*:*:*:*,75243A31-5EAF-4394-AFF0-B5E475199BA7,2008-10-01T20:19:13.027
Jasper Project Jasper 1.900.1,Application,Jasper Project,Jasper,1.900.1,,cpe:2.3:a:jasper_project:jasper:1.900.1:*:*:*:*:*:*:*,F5846DDB-3C36-4BE8-95BA-2FD84959A1AC,2016-01-25T14:36:21.423
Safer Networking FileAlyzer 1.6.0.0,Application,Safer Networking,Filealyzer,1.6.0.0,,cpe:2.3:a:safer_networking:filealyzer:1.6.0.0:*:*:*:*:*:*:*,50391896-E89C-4F56-97FA-288561C986D8,2008-10-03T13:46:57.073
HP Insight Diagnostics 7.9.0 Offline Edition,Application,Hp,Insight Diagnostics,7.9.0,offline,cpe:2.3:a:hp:insight_diagnostics:7.9.0:offline:*:*:*:*:*:*,793624C0-676E-4C69-ABE7-EDA2921BBE11,2008-10-03T15:21:48.053
Wind River VxWorks 6.4,Operating System,Windriver,Vxworks,6.4,,cpe:2.3:o:windriver:vxworks:6.4:*:*:*:*:*:*:*,A9B7701C-9896-4AB7-8BE9-1CE59E823CB0,2010-08-05T20:47:19.843
Debian Xsabre 0.2.4b,Application,Debian,Xsabre,0.2.4b,,cpe:2.3:a:debian:xsabre:0.2.4b:*:*:*:*:*:*:*,D27DEA9B-DDB3-46FC-A6FA-1986F5A24B17,2008-10-03T19:56:22.300
VMWare Virtual Infrastructure Client,Application,Vmware,Virtual Infrastructure Client,-,,cpe:2.3:a:vmware:virtual_infrastructure_client:-:*:*:*:*:*:*:*,5BD8B8A7-B8D0-4521-AD28-EF55E2AA5870,2008-10-07T14:33:57.997
Redmine 0.7.2,Application,Redmine,Redmine,0.7.2,,cpe:2.3:a:redmine:redmine:0.7.2:*:*:*:*:*:*:*,886BE34A-F416-474E-B3A7-B1B790F6EAF2,2011-04-29T15:35:43.200
Microsoft Digital Image 2006 Starter Edition,Application,Microsoft,Digital Image,2006,unknown,cpe:2.3:a:microsoft:digital_image:2006:unknown:starter:*:*:*:*:*,C387639B-AC14-4DC9-8B1A-3C036862D8D5,2008-10-09T14:07:14.073
PHP-Fusion World of Warcraft tracker infusion module 2.0,Application,Php-Fusion,World Of Warcraft Tracker Infusion Module,2.0,,cpe:2.3:a:php-fusion:world_of_warcraft_tracker_infusion_module:2.0:*:*:*:*:*:*:*,51F325AB-6F31-4588-821E-0301AD77EB22,2008-10-10T13:46:09.843
PHP-Fusion Recepies Module 1.1,Application,Php-Fusion,Recepies Module,1.1,,cpe:2.3:a:php-fusion:recepies_module:1.1:*:*:*:*:*:*:*,37A01770-5F18-40F2-A8E6-73AC811A80F2,2008-10-10T14:01:36.730
Oracle WebLogic Workshop 8.1 SP5,Application,Oracle,Weblogic Workshop,8.1,sp5,cpe:2.3:a:oracle:weblogic_workshop:8.1:sp5:*:*:*:*:*:*,5E09FC5A-CD75-4D10-AFCD-BC8B5D6880AA,2008-10-15T18:34:47.133
HP SiteScope 9.0,Application,Hp,Sitescope,9.0,,cpe:2.3:a:hp:sitescope:9.0:*:*:*:*:*:*:*,31556746-E019-440E-9257-D03C365EA2B8,2008-10-21T22:24:11.353
HP Performance Agent 4.70,Application,Hp,Performance Agent,4.70,,cpe:2.3:a:hp:performance_agent:4.70:*:*:*:*:*:*:*,6F430B45-8D00-43C3-A203-4CFADED24F7C,2008-10-24T16:14:27.987
Hummingbird Deployment Wizard 2008,Application,Hummingbird,Deployment Wizard,2008,,cpe:2.3:a:hummingbird:deployment_wizard:2008:*:*:*:*:*:*:*,06433B42-66DF-44E7-A720-DA94A101E36F,2008-10-24T20:12:12.017
Hummingbird Exceed PowerSuite,Application,Hummingbird,Exceed Powersuite,-,,cpe:2.3:a:hummingbird:exceed_powersuite:-:*:*:*:*:*:*:*,948FC0E3-E2AA-4B07-9CF8-7618582DCE8D,2008-10-24T20:20:39.237
KVirc 3.4.0,Application,Kvirc,Kvirc,3.4.0,,cpe:2.3:a:kvirc:kvirc:3.4.0:*:*:*:*:*:*:*,772D9ADD-1A72-43BC-9076-107116BBB0EB,2010-08-04T16:00:02.817
PHP-Nuke DownloadsPlus Module,Application,Php-Nuke,Downloadsplus Module,-,,cpe:2.3:a:php-nuke:downloadsplus_module:-:*:*:*:*:*:*:*,56D185AC-9A4B-4D47-B7C9-0C89ABEA1D77,2008-10-28T18:53:06.563
Tribiq Tribiq CMS 5.0.10a,Application,Tribiq,Tribiq Cms,5.0.10a,,cpe:2.3:a:tribiq:tribiq_cms:5.0.10a:*:*:*:*:*:*:*,6A05E607-388B-4F3D-8EDE-E321FEA78BD8,2012-10-12T13:29:41.693
Chilkat Crypt ActiveX control 2.1,Application,Chilkat Software,Chilkat Crypt Activex Control,2.1,,cpe:2.3:a:chilkat_software:chilkat_crypt_activex_control:2.1:*:*:*:*:*:*:*,469AE78A-57BA-4B4F-9F87-EBFAF89C7032,2008-11-10T18:09:19.000
Sun Solstice X.25 9.2 SPARC,Application,Sun,Solstice X.25,9.2,unknown,cpe:2.3:a:sun:solstice_x.25:9.2:unknown:sparc:*:*:*:*:*,9116F1BB-6576-4185-BE55-AA7BD47BFAE2,2008-11-11T14:02:27.190
Nagios 3.0.4,Application,Nagios,Nagios,3.0.4,,cpe:2.3:a:nagios:nagios:3.0.4:*:*:*:*:*:*:*,125E0708-B5D2-43C9-B8ED-B681899EE138,2013-01-23T20:04:49.277
Microsoft Expression Web,Application,Microsoft,Expression Web,-,,cpe:2.3:a:microsoft:expression_web:-:*:*:*:*:*:*:*,BB3A228C-1E32-4EFD-8185-86BEC343796C,2008-11-13T16:01:04.317
PHP-Fusion Fresh Links Module 1.0 RC1,Application,Php-Fusion,Freshlinks Module,1.0,rc1,cpe:2.3:a:php-fusion:freshlinks_module:1.0:rc1:*:*:*:*:*:*,CDB7F19E-98A1-4A8C-A8E0-A76AF7C5AFA7,2008-11-14T20:30:09.597
Microsoft Office Communications Server (OCS),Application,Microsoft,Office Communications Server,-,,cpe:2.3:a:microsoft:office_communications_server:-:*:*:*:*:*:*:*,B4F26E77-7626-41AF-AE00-FC88B41C96CC,2008-11-20T20:56:17.263
Sphider 1.3.4,Application,Sphider,Sphider,1.3.4,,cpe:2.3:a:sphider:sphider:1.3.4:*:*:*:*:*:*:*,40CF6F80-FFC9-4156-A50C-DD72499ACA0C,2014-08-21T22:40:11.863
Microsoft Data Protection Manager 2006,Application,Microsoft,Data Protection Manager,2006,,cpe:2.3:a:microsoft:data_protection_manager:2006:*:*:*:*:*:*:*,21335E3A-5F4A-4ED9-95D8-78869F163D75,2008-11-25T19:12:39.300
BigFix Discovery Platform 6.0,Application,Bigfix,Discovery Platform,6.0,,cpe:2.3:a:bigfix:discovery_platform:6.0:*:*:*:*:*:*:*,81EE5F65-C024-47F9-B862-F7816807A75C,2008-11-25T19:12:40.127
Skybox Security Skybox View 3.0,Application,Skyboxsecurity,Skybox View,3.0,,cpe:2.3:a:skyboxsecurity:skybox_view:3.0:*:*:*:*:*:*:*,726F09BF-5629-410C-9249-806D3738A0CB,2008-11-25T19:12:40.580
Claris Emailer 2.0v2,Application,Claris,Claris Emailer,2.0v2,,cpe:2.3:a:claris:claris_emailer:2.0v2:*:*:*:*:*:*:*,18D62BDF-F565-4EDA-98AF-E08C774C7A67,2008-11-25T19:12:41.003
Stronghold 4.0 for Red Hat Enterprise Linux AS (version 2.1),Application,Redhat,Rhel Stronghold,4.0,,cpe:2.3:a:redhat:rhel_stronghold:4.0:*:*:*:*:*:*:*,7703FEE8-8920-4257-BCAC-44182EAA30EF,2008-11-25T19:12:42.520
RHX (v. 5 EnterpriseDB),Application,Redhat,Rhx Enterprisedb Advanced Server,7.2,,cpe:2.3:a:redhat:rhx_enterprisedb_advanced_server:7.2:*:*:*:*:*:*:*,627CB1AA-72D4-44CD-818E-0B78A742C350,2008-11-25T19:12:42.677
ISS BlackICE Agent for Server 3.0,Application,Iss,Blackice Agent For Server,3.0,,cpe:2.3:a:iss:blackice_agent_for_server:3.0:*:*:*:*:*:*:*,B1E35D5D-1B5A-4A1F-8354-36D635D74F79,2008-11-25T19:12:42.783
ISS BlackICE Agent for Workstation 3.0,Application,Iss,Blackice Agent For Workstation,3.0,,cpe:2.3:a:iss:blackice_agent_for_workstation:3.0:*:*:*:*:*:*:*,627CDDBA-1EBB-49AB-A6ED-7895C42275C3,2008-11-25T19:12:43.987
IBM ISS BlackICE PC Protection 3.6,Application,Ibm,Iss Blackice Pc Protection,3.6,,cpe:2.3:a:ibm:iss_blackice_pc_protection:3.6:*:*:*:*:*:*:*,984CBEE4-A166-4276-91BE-10E65CE9587C,2008-11-25T19:12:44.787
IBM ISS BlackICE Server Protection 3.6 cca,Application,Ibm,Iss Blackice Server Protection,3.6,cca,cpe:2.3:a:ibm:iss_blackice_server_protection:3.6:cca:*:*:*:*:*:*,5F970AA3-082E-4350-BE4D-9AB7AA5690BC,2008-11-25T19:12:47.597
IBM ISS Internet Scanner Software 5.3,Application,Ibm,Iss Internet Scanner Software,5.3,,cpe:2.3:a:ibm:iss_internet_scanner_software:5.3:*:*:*:*:*:*:*,6948B45A-DE6C-4DE0-9B1F-CCD23F225923,2008-11-25T19:12:49.817
IBM ISS Internet Scanner Software 7.0,Application,Ibm,Iss Internet Scanner,7.0,,cpe:2.3:a:ibm:iss_internet_scanner:7.0:*:*:*:*:*:*:*,F6D20785-C1A7-41FA-9957-8FE83421EBEB,2008-11-25T19:12:50.127
IBM ISS Proventia Desktop 1780,Application,Ibm,Iss Proventia Desktop,1780,,cpe:2.3:a:ibm:iss_proventia_desktop:1780:*:*:*:*:*:*:*,6A45DC25-A8F4-4F14-BBB3-29B0E8416767,2008-11-25T19:12:50.627
IBM ISS Proventia Server IPS for Windows 1.0.914.1780,Application,Ibm,Iss Proventia Server Ips For Windows,1.0.914.1780,,cpe:2.3:a:ibm:iss_proventia_server_ips_for_windows:1.0.914.1780:*:*:*:*:*:*:*,95BED756-3F16-4C89-AAD2-D09CE1A3ACE2,2008-11-25T19:12:51.393
IBM ISS RealSecure Desktop 3.6,Application,Ibm,Iss Realsecure Desktop,3.6,,cpe:2.3:a:ibm:iss_realsecure_desktop:3.6:*:*:*:*:*:*:*,68ED66E7-1921-4FB0-9B21-2794EB23C99F,2008-11-25T19:12:51.583
IBM ISS RealSecure Network 3.2,Application,Ibm,Iss Realsecure Network,3.2,,cpe:2.3:a:ibm:iss_realsecure_network:3.2:*:*:*:*:*:*:*,2A88B994-F9BD-49AA-880E-EB1127C031B4,2008-11-25T19:12:56.847
IBM ISS RealSecure Server Sensor 5.5,Application,Ibm,Iss Realsecure Server Sensor,5.5,,cpe:2.3:a:ibm:iss_realsecure_server_sensor:5.5:*:*:*:*:*:*:*,4E2833DE-29F8-4BAA-B271-F7B69D078365,2008-11-25T19:13:01.333
Apple iPhone OS 2.1,Operating System,Apple,Iphone Os,2.1,,cpe:2.3:o:apple:iphone_os:2.1:*:*:*:*:*:*:*,69CF75B9-7F57-4EFB-B15B-9985BAC7D80E,2010-08-09T22:08:15.223
Adobe Flash Media Server 3.0,Application,Adobe,Flash Media Server,3.0,,cpe:2.3:a:adobe:flash_media_server:3.0:*:*:*:*:*:*:*,F706556F-23D7-4102-9AE1-2CF2CB1759A6,2010-11-19T18:30:39.873
SuSE YaST2 Backup 2.16.6,Operating System,Suse,Yast2-Backup,2.16.6,,cpe:2.3:o:suse:yast2-backup:2.16.6:*:*:*:*:*:*:*,AA3FD7E3-854C-442E-BDB5-D7B75EDABA4F,2008-12-01T14:59:55.247
NetArt Media Car Portal 2.0,Application,Netartmedia,Car Portal,2.0,,cpe:2.3:a:netartmedia:car_portal:2.0:*:*:*:*:*:*:*,99470561-3B0D-43F5-A2AA-8D08B06FBADC,2010-10-13T02:42:32.430
Microsoft Open XML File Format Converter for Mac,Application,Microsoft,Open Xml File Format Converter,-,,cpe:2.3:a:microsoft:open_xml_file_format_converter:-:*:mac:*:*:*:*:*,30F12FC2-5814-4446-B85C-ABA0B52BE240,2010-11-19T18:30:09.547
EMC Control Center 5.2 SP5,Application,Emc,Control Center,5.2,sp5,cpe:2.3:a:emc:control_center:5.2:sp5:*:*:*:*:*:*,0307ABC9-E6FD-4287-AAD6-8DDF3D6CF410,2008-12-11T18:19:18.427
SuSE Linux Enterprise Server 8,Operating System,Suse,Linux Enterprise Server,8,,cpe:2.3:o:suse:linux_enterprise_server:8:*:*:*:*:*:*:*,79CA38A2-ECBB-4927-9711-542A5941AAFA,2008-12-12T16:13:44.473
Sun Ray Windows Connector 1.1 SPARC,Application,Sun,Ray Windows Connector,1.1,,cpe:2.3:a:sun:ray_windows_connector:1.1:*:sparc:*:*:*:*:*,418F17AA-C03E-4826-86A3-222381506AB2,2008-12-12T17:02:42.530
ClamAV 0.94.1,Application,Clamav,Clamav,0.94.1,,cpe:2.3:a:clamav:clamav:0.94.1:*:*:*:*:*:*:*,582E6ED6-8E5D-4397-A0F5-1978781AD06E,2011-12-19T19:57:35.010
Adobe Flash Player 10.0.12.36 Linux,Application,Adobe,Flash Player For Linux,10.0.12.36,,cpe:2.3:a:adobe:flash_player_for_linux:10.0.12.36:*:*:*:*:*:*:*,ECC1B54A-BFE6-46F2-BC39-27B0E5891231,2008-12-18T20:33:47.910
TextPattern CMS 4.0.5,Application,Textpattern,Textpattern,4.0.5,,cpe:2.3:a:textpattern:textpattern:4.0.5:*:*:*:*:*:*:*,BD3E4142-71FF-468E-9A93-51A9CB02FA83,2010-10-13T02:38:21.960
HP Performance Agent C.04.60,Application,Hp,Openview Performance Agent,c.04.60,,cpe:2.3:a:hp:openview_performance_agent:c.04.60:*:*:*:*:*:*:*,C84BAEF8-36B0-48D7-B01F-0A8B9E44C968,2008-12-22T18:39:51.923
HP OpenView Reporter 3.70,Application,Hp,Openview Reporter,3.70,,cpe:2.3:a:hp:openview_reporter:3.70:*:*:*:*:*:*:*,AF0ECC5F-D256-44C3-A822-63370833AED3,2008-12-22T18:39:52.110
HP OpenView Reporter 3.8,Application,Hp,Reporter,3.8,,cpe:2.3:a:hp:reporter:3.8:*:*:*:*:*:*:*,E7A0A6A4-7A35-4FB3-89C7-C54E642D2010,2008-12-22T18:39:52.203
Microsoft Internet Information Services (IIS) 5.0,Application,Microsoft,Internet Information Services,5.0,,cpe:2.3:a:microsoft:internet_information_services:5.0:*:*:*:*:*:*:*,2F9DA731-21E3-47D8-BF8A-6729EE8DAC5F,2008-12-24T15:00:29.623
Flatnux CMS 2008-12-11,Application,Flatnux,Flatnux,2008-12-11,,cpe:2.3:a:flatnux:flatnux:2008-12-11:*:*:*:*:*:*:*,AD8A8DD2-352D-41D8-AC6E-77CF096D5320,2012-09-18T14:15:31.257
Prestashop E-Commerce Solution 1.0,Application,Prestashop,Prestashop,1.0,,cpe:2.3:a:prestashop:prestashop:1.0:*:*:*:*:*:*:*,364CBD64-7C57-4B43-9234-856431852A59,2012-11-13T23:57:15.077
Teamst Testlink 1.8 beta3,Application,Teamst,Testlink,1.8,beta3,cpe:2.3:a:teamst:testlink:1.8:beta3:*:*:*:*:*:*,6E5CC6E9-452E-4EB6-B955-EF15DF5287F4,2012-09-18T14:10:36.677
SPIP 2.0.0,Application,Spip,Spip,2.0.0,,cpe:2.3:a:spip:spip:2.0.0:*:*:*:*:*:*:*,96F7F7B5-9E6E-4928-83A5-E4CD3BEA3C63,2023-03-06T23:18:47.037
Six Apart Movable Type 4.21,Application,Sixapart,Movable Type,4.21,,cpe:2.3:a:sixapart:movable_type:4.21:*:*:*:*:*:*:*,54648733-4F89-4646-8C63-FAFCA55730AB,2012-03-01T00:57:19.300
NTP 4.2.2,Application,Ntp,Ntp,4.2.2,,cpe:2.3:a:ntp:ntp:4.2.2:*:*:*:*:*:*:*,69752BFC-C05E-42AF-89F3-3E55E1282D4B,2016-01-28T23:50:13.243
ComponentOne SizerOne 8.0.20081.140,Application,Componentone,Sizerone,8.0.20081.140,,cpe:2.3:a:componentone:sizerone:8.0.20081.140:*:*:*:*:*:*:*,A7206891-AAD2-427A-8EBB-72F0EA128578,2009-01-08T20:29:06.747
Citrix Broadcast Server (Cisco) 6.0,Application,Citrix,Broadcast Server,6.0,,cpe:2.3:a:citrix:broadcast_server:6.0:*:cisco:*:*:*:*:*,F97B0F61-B9C7-4EF9-9203-CF8D102496E8,2009-01-09T21:11:44.343
Oracle Secure Backup 10.1.0.1,Application,Oracle,Secure Backup,10.1.0.1,,cpe:2.3:a:oracle:secure_backup:10.1.0.1:*:*:*:*:*:*:*,BC631B6D-F5B8-4D3B-B512-A6E22208EFC7,2009-01-14T14:56:52.417
Oracle Collaboration Suite 10g 10.1.2,Application,Oracle,Collaboration Suite 10G,10.1.2,,cpe:2.3:a:oracle:collaboration_suite_10g:10.1.2:*:*:*:*:*:*:*,CE5B180E-C15C-43DB-9A96-743460EB4EED,2009-01-14T15:31:30.923
Oracle Enterprise Manager Grid Control 10g 10.2.0.4,Application,Oracle,Enterprise Manager Grid Control 10G,10.2.0.4,,cpe:2.3:a:oracle:enterprise_manager_grid_control_10g:10.2.0.4:*:*:*:*:*:*:*,701F670C-E134-4CCD-B747-4B9C5596E925,2009-01-14T15:45:20.260
Oracle E-Business Suite 11i 11.5.10 CU2,Application,Oracle,E-Business Suite 11I,11.5.10,cu2,cpe:2.3:a:oracle:e-business_suite_11i:11.5.10:cu2:*:*:*:*:*:*,12934C27-37CD-4C77-938E-A54B68FDFC12,2009-01-14T16:06:41.567
AVScripts AV Arcade 2.1b,Application,Avscripts,Av Arcade,2.1b,,cpe:2.3:a:avscripts:av_arcade:2.1b:*:*:*:*:*:*:*,73DF2BB0-A64E-450A-B5EC-270CC567232D,2010-08-05T20:47:29.627
Apache Software Foundation Jackrabbit 1.5.0,Application,Apache,Jackrabbit,1.5.0,,cpe:2.3:a:apache:jackrabbit:1.5.0:*:*:*:*:*:*:*,BC1C0D3F-5E4D-440A-A7B4-60DDA28BB69E,2009-01-22T15:20:54.537
Cisco Security Manager,Application,Cisco,Security Manager,-,,cpe:2.3:a:cisco:security_manager:-:*:*:*:*:*:*:*,63C43809-167B-4CEA-B21C-2458D6DE1324,2009-01-22T18:45:23.257
Mandriva Corporate Server 3.0,Operating System,Mandriva,Corporate Server,3.0,,cpe:2.3:o:mandriva:corporate_server:3.0:*:*:*:*:*:*:*,40FA9E44-EFA3-4438-983B-7CCF18E1D95D,2009-01-28T13:45:56.730
Mandriva Multi Network Firewall 2.0,Operating System,Mandriva,Multi Network Firewall,2.0,,cpe:2.3:o:mandriva:multi_network_firewall:2.0:*:*:*:*:*:*:*,D6EC6A25-1F63-4D26-A7A1-EC0FCCBACCAC,2009-01-28T13:45:57.403
openx 2.6.3,Application,Openx,Openx,2.6.3,,cpe:2.3:a:openx:openx:2.6.3:*:*:*:*:*:*:*,AAFAF244-5DF9-4889-851B-54326249D574,2012-10-23T21:04:13.877
PHP-Nuke Downloads Module 8.0,Application,Php-Nuke,Downloads Module,8.0,,cpe:2.3:a:php-nuke:downloads_module:8.0:*:*:*:*:*:*:*,ED370322-1CB6-4DF0-A123-CDB4FE257D8F,2009-01-28T15:50:30.497
HP Select Access 6.1,Application,Hp,Select Access,6.1,,cpe:2.3:a:hp:select_access:6.1:*:*:*:*:*:*:*,33F3E3E1-66BB-4D0A-BC5A-9FD1852AE971,2009-02-02T14:41:28.437
NetArt Media Real Estate Portal 2.0,Application,Netartmedia,Real Estate Portal,2.0,,cpe:2.3:a:netartmedia:real_estate_portal:2.0:*:*:*:*:*:*:*,381C77FE-D5B7-47A8-A891-902B4C297932,2011-08-16T15:01:01.083
bioinformatics htmlawed 1.1.2,Application,Bioinformatics,Htmlawed,1.1.2,,cpe:2.3:a:bioinformatics:htmlawed:1.1.2:*:*:*:*:*:*:*,F05ED14C-711D-4CA6-96EC-623BC368AE96,2012-12-21T16:29:28.910
Techsmith Camtasia Studio 6.0.1,Application,Techsmith,Camtasia Studio,6.0.1,,cpe:2.3:a:techsmith:camtasia_studio:6.0.1:*:*:*:*:*:*:*,526ED8DC-300C-42FE-A3A0-C27991BE71B3,2012-04-16T14:12:14.667
GoAhead Software GoAhead WebServer 2.1,Application,Goahead,Goahead Webserver,2.1,,cpe:2.3:a:goahead:goahead_webserver:2.1:*:*:*:*:*:*:*,DC961BBD-8C51-48FF-AC81-F7B6F92E5836,2011-11-17T21:10:26.877
Apple MPEG2 Codec for Windows 6.0,Application,Apple,Mpeg2 Codec,6.0,-,cpe:2.3:a:apple:mpeg2_codec:6.0:-:windows:*:*:*:*:*,6963F507-8D53-41EC-8A00-35015BD31674,2009-02-09T20:53:20.127
ProFTPD 1.3.1,Application,Proftpd,Proftpd,1.3.1,,cpe:2.3:a:proftpd:proftpd:1.3.1:*:*:*:*:*:*:*,DF5A129E-117B-4A18-8079-7B843405001E,2010-11-19T18:30:56.607
IBM WebSphere Message Broker 6.1,Application,Ibm,Websphere Message Broker,6.1,,cpe:2.3:a:ibm:websphere_message_broker:6.1:*:*:*:*:*:*:*,98B88911-0B13-4207-BA3D-58599092C43C,2009-02-16T13:07:59.987
Phpyabs Phpyabs 0.1.2,Application,Phpyabs,Phpyabs,0.1.2,,cpe:2.3:a:phpyabs:phpyabs:0.1.2:*:*:*:*:*:*:*,A753752A-6A6B-4F34-BDC9-99B8E64A05AF,2009-02-19T14:36:03.567
Pluck-cms Pluck 4.5.3,Application,Pluck-Cms,Pluck,4.5.3,,cpe:2.3:a:pluck-cms:pluck:4.5.3:*:*:*:*:*:*:*,BB913151-81E3-4573-A9A7-B989A53F27D7,2012-03-01T00:21:05.110
IBM z/OS,Operating System,Ibm,Z\/Os,-,,cpe:2.3:o:ibm:z\/os:-:*:*:*:*:*:*:*,0B23E62E-759B-4691-88B4-9427B758E1E7,2011-01-25T15:30:12.417
Simon Brown Pebble 2.3.1,Application,Simon Brown,Pebble,2.3.1,,cpe:2.3:a:simon_brown:pebble:2.3.1:*:*:*:*:*:*:*,E1FD0E8C-0C42-44E1-9EEF-CE9E0745244B,2012-11-13T18:56:29.967
Apple Remote Desktop 1.2.4,Application,Apple,Apple Remote Desktop,1.2.4,,cpe:2.3:a:apple:apple_remote_desktop:1.2.4:*:*:*:*:*:*:*,37B56A39-830F-4755-9719-F720EEA03FF0,2009-03-04T13:01:20.827
Apple Java 1.3.1_15 for Mac OS X,Application,Apple,Java 1.3,1,15,cpe:2.3:a:apple:java_1.3:1:15:*:*:*:*:*:*,3DD82E8F-0C32-4BE9-8734-59889511096B,2009-03-04T13:01:36.297
Apple Java 1.4.0 for Mac OS X,Application,Apple,Java 1.4,0,,cpe:2.3:a:apple:java_1.4:0:*:*:*:*:*:*:*,CAC79872-E2A1-40CD-9F1B-D5CD554476B9,2009-03-04T13:01:36.500
Apple Java 1.5 for Mac OS X,Application,Apple,Java 1.5,-,,cpe:2.3:a:apple:java_1.5:-:*:*:*:*:*:*:*,558102DD-3B02-43B1-AB80-1C5376D45C50,2009-03-04T13:01:36.983
Apple Java 1.6 for Mac OS X,Application,Apple,Java 1.6,-,,cpe:2.3:a:apple:java_1.6:-:*:*:*:*:*:*:*,35656703-2ABE-4B13-8B59-F1068A642443,2009-03-04T13:01:37.327
Koz.com iChat ROOMS Server 3.0,Application,Koz.Com,Ichat Rooms Server,3.0,,cpe:2.3:a:koz.com:ichat_rooms_server:3.0:*:*:*:*:*:*:*,30954147-2F5D-4057-961C-65D9432554D7,2009-03-04T13:01:49.267
AppleShare IP for Mac OS 9,Operating System,Apple,Mac Os Appleshare Ip,9,,cpe:2.3:o:apple:mac_os_appleshare_ip:9:*:*:*:*:*:*:*,E87FA895-D8A5-437F-B375-C3120E302FA7,2009-03-04T13:01:53.157
PHP-Fusion Team Impact TI Blog System Module,Application,Php-Fusion,Team Impact Ti Blog System Module,-,,cpe:2.3:a:php-fusion:team_impact_ti_blog_system_module:-:*:*:*:*:*:*:*,20AEBA8F-32EA-44C2-9937-52EED97E3FEE,2009-03-05T17:19:03.203
Foxitsoftware Foxit Reader 2.3,Application,Foxitsoftware,Foxit Reader,2.3,,cpe:2.3:a:foxitsoftware:foxit_reader:2.3:*:*:*:*:*:*:*,7A3AAB4A-6FC5-45E0-A25F-044E736249D5,2012-08-31T18:31:23.263
Kurt Gusbeth My quiz and poll 0.1.3,Application,Kurt Gusbeth,Myquizpoll,0.1.3,,cpe:2.3:a:kurt_gusbeth:myquizpoll:0.1.3:*:*:*:*:*:*:*,619E1A32-74B4-4A91-8088-6563E18AFAD7,2013-07-12T18:31:31.410
GNOME Glib 2.16.4,Application,Gnome,Glib,2.16.4,,cpe:2.3:a:gnome:glib:2.16.4:*:*:*:*:*:*:*,2A6361B3-8CE8-4C19-91C1-E4E7E04D1BAC,2012-01-16T20:28:58.177
Microsoft Windows 7,Operating System,Microsoft,Windows 7,-,,cpe:2.3:o:microsoft:windows_7:-:*:*:*:*:*:*:*,5D6FF092-2E41-431F-A49F-45FA9AA668CD,2010-03-09T17:05:27.740
GIMP 2.6.6,Application,Gimp,Gimp,2.6.6,,cpe:2.3:a:gimp:gimp:2.6.6:*:*:*:*:*:*:*,124F52DA-63B8-43E4-B51B-833582540D39,2012-07-25T18:31:55.557
nlnetlabs  ldns 1.4.1,Application,Nlnetlabs,Ldns,1.4.1,,cpe:2.3:a:nlnetlabs:ldns:1.4.1:*:*:*:*:*:*:*,C998E4B2-D869-4708-8420-88F132C4526F,2011-11-09T20:45:56.537
7-Zip 4.57,Application,7-Zip,7-Zip,4.57,,cpe:2.3:a:7-zip:7-zip:4.57:*:*:*:*:*:*:*,FBE09687-0C4D-4337-8579-3C58FD11658F,2010-01-07T16:08:28.293
moinmo MoinMoin 1.6.1,Application,Moinmo,Moinmoin,1.6.1,,cpe:2.3:a:moinmo:moinmoin:1.6.1:*:*:*:*:*:*:*,97D32BDF-C44F-465C-BBE6-B47AE7AB8E92,2010-09-24T01:20:14.787
Cybozu Garoon 2.1.3,Application,Cybozu,Garoon,2.1.3,,cpe:2.3:a:cybozu:garoon:2.1.3:*:*:*:*:*:*:*,CC7E7C13-56EA-4D0E-B085-E8689D659B6B,2014-04-29T19:37:55.480
Microsoft System Center Virtual Machine Manager 2007,Application,Microsoft,Virtual Machine Manager,2007,,cpe:2.3:a:microsoft:virtual_machine_manager:2007:*:*:*:*:*:*:*,929DB0EF-6FD1-48CB-92EC-FE64732A7BA0,2009-04-02T19:04:17.797
Zen Cart,Application,Zen-Cart,Zen Cart,2008,,cpe:2.3:a:zen-cart:zen_cart:2008:*:*:*:*:*:*:*,7530AD21-E7A9-4EB0-9BBA-4A410092F168,2012-11-13T23:59:55.060
AjaXplorer 2.3.3,Application,Ajaxplorer,Ajaxplorer,2.3.3,,cpe:2.3:a:ajaxplorer:ajaxplorer:2.3.3:*:*:*:*:*:*:*,9323666B-CDEF-42BC-8D1D-2827EB00C840,2012-03-22T19:01:36.440
Stanislas Rolland Frontend User Registration 2.5,Application,Stanislas Rolland,Sr Feuser Register,2.5,,cpe:2.3:a:stanislas_rolland:sr_feuser_register:2.5:*:*:*:*:*:*:*,F4F00AAB-6E27-4BF5-AC08-68CC25C153D0,2012-11-26T16:40:34.080
Argyll Color Management System (CMS) 1.0.3,Application,Argyllcms,Argyllcms,1.0.3,,cpe:2.3:a:argyllcms:argyllcms:1.0.3:*:*:*:*:*:*:*,68AECAAE-269F-4780-B2E0-F0BCAB1CEF2E,2012-06-29T14:43:41.453
IBM Rational Clearcase 7.0.1.1,Application,Ibm,Rational Clearcase,7.0.1.1,,cpe:2.3:a:ibm:rational_clearcase:7.0.1.1:*:*:*:*:*:*:*,FCF05458-679A-436E-89F5-688EC2FC905E,2012-06-21T19:06:37.253
Pageplanetsoftware MGI Server 2.1.13,Application,Pageplanetsoftware,Mgi Server,2.1.13,,cpe:2.3:a:pageplanetsoftware:mgi_server:2.1.13:*:*:*:*:*:*:*,578F4AE7-A067-492B-B4FC-1916D1AEEB03,2009-04-24T19:04:10.640
Apache Software Foundation Nutch 0.8.1,Application,Apache,Nutch,0.8.1,,cpe:2.3:a:apache:nutch:0.8.1:*:*:*:*:*:*:*,D845DEFD-EDE4-45E8-BD99-47E59401E97D,2010-01-22T14:06:18.010
Zope Zserver 11.1,Application,Zope,Zserver,11.1,,cpe:2.3:a:zope:zserver:11.1:*:*:*:*:*:*:*,F8D22E46-1559-4284-8FC2-E6B036CFCFB3,2009-04-24T19:04:11.063
Aprelium Abyss Web Server X1 2.3.2 Windows Edition,Application,Aprelium,Abyss Web Server X1,2.3.2,-,cpe:2.3:a:aprelium:abyss_web_server_x1:2.3.2:-:win32:*:*:*:*:*,0A8B96C0-DCEF-43D7-A214-E9501A0219EE,2009-04-24T19:04:11.187
Atlassolutions Accipiter Direct Server 4.0.2.17,Application,Atlassolutions,Accipiter Direct Server,4.0.2.17,,cpe:2.3:a:atlassolutions:accipiter_direct_server:4.0.2.17:*:*:*:*:*:*:*,C52832B6-C1D2-48DD-9FE4-6EE84EAD4667,2009-04-24T19:04:11.563
Nextit Activeagent 4.0,Application,Nextit,Activeagent,4.0,,cpe:2.3:a:nextit:activeagent:4.0:*:*:*:*:*:*:*,FE4B2E84-4443-48F8-9FFD-D8623D44D48D,2009-04-24T19:04:12.377
Adobe Update Manager 5,Application,Adobe,Update Manager,5,,cpe:2.3:a:adobe:update_manager:5:*:*:*:*:*:*:*,3B21E046-5AAD-4651-8FFC-B1B5082ED64D,2009-04-24T19:04:12.563
Advancedsearchbar Advanced Search Bar 3.23,Application,Advancedsearchbar,Advanced Search Bar,3.23,,cpe:2.3:a:advancedsearchbar:advanced_search_bar:3.23:*:*:*:*:*:*:*,4AB941D8-64A2-4A87-A6AE-F7BD71C1341C,2009-04-24T19:04:12.717
AOL Browser 1.1,Application,Aol,Browser,1.1,,cpe:2.3:a:aol:browser:1.1:*:*:*:*:*:*:*,0708793D-FF5B-446B-8878-E210C3E4AAD9,2009-04-24T19:04:12.907
AOL Internet Software 4.0,Application,Aol,Internet Software,4.0,,cpe:2.3:a:aol:internet_software:4.0:*:*:*:*:*:*:*,1418F30D-23BE-432F-A67E-2D6A0BDADFEE,2009-04-24T19:04:13.377
AOL AOLserver 3.3.1,Application,Aol,Aolserver,3.3.1,,cpe:2.3:a:aol:aolserver:3.3.1:*:*:*:*:*:*:*,37E3E968-40B6-45E9-BA7D-217DAA64D00D,2009-04-24T19:04:13.920
Apexoo Spider 1.1,Application,Apexoo,Spider,1.1,,cpe:2.3:a:apexoo:spider:1.1:*:*:*:*:*:*:*,90C73D78-182E-41B0-ABCA-F07E72C4CC44,2009-04-24T19:04:16.250
Mod_ssl 2.0.54,Application,Modssl,Mod Ssl,2.0.54,,cpe:2.3:a:modssl:mod_ssl:2.0.54:*:*:*:*:*:*:*,2D40B9B7-1A76-4B56-B6B9-972CB2C34635,2009-04-24T19:04:20.627
Backhand mod_backhand 1.1.0,Application,Backhand,Mod Backhand,1.1.0,,cpe:2.3:a:backhand:mod_backhand:1.1.0:*:*:*:*:*:*:*,9542E304-0B74-4669-B3E9-F1B72433780B,2009-04-24T19:04:20.983
Bearshare:5.2.1.9,Application,Musiclab-Llc,Bearshare,5.2.1.9,,cpe:2.3:a:musiclab-llc:bearshare:5.2.1.9:*:*:*:*:*:*:*,BF87D35A-7ED8-4E7F-8AB9-BBA9146A1F75,2009-04-24T19:04:21.077
Become BecomeBot 3.0,Application,Become,Becomebot,3.0,,cpe:2.3:a:become:becomebot:3.0:*:*:*:*:*:*:*,82C3E509-5C97-4534-8E33-5EF3ACEF758C,2009-04-24T19:04:21.170
Apache Software Foundation Apache Apache-SSL 1.37,Application,Apache,Apache-Ssl,1.37,,cpe:2.3:a:apache:apache-ssl:1.37:*:*:*:*:*:*:*,CC7D74DB-1BAB-4658-89F4-16F74AD4E723,2010-01-22T14:06:16.277
Cachefly Besthop 3.5.10,Application,Cachefly,Besthop,3.5.10,,cpe:2.3:a:cachefly:besthop:3.5.10:*:*:*:*:*:*:*,D90D407C-E79B-4798-9AAD-A774CA69B6AC,2009-04-24T19:04:21.843
Palm blazer 3.0,Application,Palm,Blazer,3.0,,cpe:2.3:a:palm:blazer:3.0:*:*:*:*:*:*:*,D23BFE12-4272-4D66-B770-3BB55A0ECBA8,2009-04-24T19:04:21.937
Blingo Toolbar 1.0,Application,Blingo,Blingo Toolbar,1.0,,cpe:2.3:a:blingo:blingo_toolbar:1.0:*:*:*:*:*:*:*,4581CF0D-0BE5-4305-8A79-E92689FAE26A,2009-04-24T19:04:22.420
Boa 0.94.13,Application,Boa,Boa,0.94.13,,cpe:2.3:a:boa:boa:0.94.13:*:*:*:*:*:*:*,71EB2A37-7C48-4DC6-9B58-EBF8C7C1EB0B,2009-04-24T19:04:22.517
Sheepsystems Bookdog 4.0,Application,Sheepsystems,Bookdog,4.0,,cpe:2.3:a:sheepsystems:bookdog:4.0:*:*:*:*:*:*:*,A25348DD-504D-4A06-88DF-58E5E930DD5F,2009-04-24T19:04:23.127
Opera Brew Browser 6.0 sp1,Application,Opera,Brew Browser,6.0,sp1,cpe:2.3:a:opera:brew_browser:6.0:sp1:*:*:*:*:*:*,EB243A9E-17AE-4382-8B00-DE3999D676DF,2009-04-24T19:04:23.217
Logitech Backweb 1.0,Application,Logitech,Backweb,1.0,,cpe:2.3:a:logitech:backweb:1.0:*:*:*:*:*:*:*,7C58FDAE-8102-4840-B85E-69D7F78A2368,2009-04-24T19:04:23.313
Byond Byond 3.5,Application,Byond,Byond,3.5,,cpe:2.3:a:byond:byond:3.5:*:*:*:*:*:*:*,45DB82B3-49F1-406A-A7F7-24C1DAD0486C,2009-04-24T19:04:23.420
Cazoodle Nutch 0.9,Application,Cazoodle,Nutch,0.9,,cpe:2.3:a:cazoodle:nutch:0.9:*:*:*:*:*:*:*,4216058C-CD97-4C35-B649-5AD11F2F1009,2009-04-24T19:04:23.517
Degraaff Checkbot 1.75,Application,Degraaff,Checkbot,1.75,,cpe:2.3:a:degraaff:checkbot:1.75:*:*:*:*:*:*:*,23AF1756-48FC-4E4C-B876-B21924B72B81,2009-04-24T19:04:23.610
Bsalsa Embeddedwb 14.57,Application,Bsalsa,Embeddedwb,14.57,,cpe:2.3:a:bsalsa:embeddedwb:14.57:*:*:*:*:*:*:*,86DE4B7E-1FC7-4296-9E39-404912587268,2009-04-24T19:04:24.127
Crazybrowser Crazybrowser 1.0.5,Application,Crazybrowser,Crazybrowser,1.0.5,,cpe:2.3:a:crazybrowser:crazybrowser:1.0.5:*:*:*:*:*:*:*,112E6FCF-E425-40BB-BDBA-D3FF3ACAFD3D,2009-04-24T19:04:24.327
Zencast Zencast 1.00.12,Application,Zencast,Zencast,1.00.12,,cpe:2.3:a:zencast:zencast:1.00.12:*:*:*:*:*:*:*,4F86FBF7-F705-486B-B560-7FC5EE56542F,2009-04-24T19:04:24.593
Deepnetexplorer Deepnet Explorer 1.5.3,Application,Deepnetexplorer,Deepnet Explorer,1.5.3,,cpe:2.3:a:deepnetexplorer:deepnet_explorer:1.5.3:*:*:*:*:*:*:*,89CE4743-4BDB-4908-8FBF-C5A0DD7B4D44,2009-04-24T19:04:25.593
Keywen Easydl 3.04,Application,Keywen,Easydl,3.04,,cpe:2.3:a:keywen:easydl:3.04:*:*:*:*:*:*:*,6B18C688-519F-4033-979F-AB40C36D855F,2009-04-24T19:04:25.687
Ecos Embperl 1.3.4,Application,Ecos,Embperl,1.3.4,,cpe:2.3:a:ecos:embperl:1.3.4:*:*:*:*:*:*:*,6756D7C7-948B-476A-98A3-807C61F26A19,2009-04-24T19:04:25.780
Enhydra Director 4,Application,Enhydra,Director,4,,cpe:2.3:a:enhydra:director:4:*:*:*:*:*:*:*,A627EA26-58D5-40E6-93B6-850BBD065209,2009-04-24T19:04:26.047
Gnome Epiphany 1.2.10,Application,Gnome,Epiphany,1.2.10,,cpe:2.3:a:gnome:epiphany:1.2.10:*:*:*:*:*:*:*,6FD0CE04-37B5-4F0B-A675-C7C9A05568A3,2009-04-24T19:04:26.140
Python Python 2.4.3,Application,Python,Python,2.4.3,,cpe:2.3:a:python:python:2.4.3:*:*:*:*:*:*:*,A7799594-7314-4952-A343-27A9175DE7F9,2009-04-24T19:04:26.437
Exabot Exabot 3.0,Application,Exabot,Exabot,3.0,,cpe:2.3:a:exabot:exabot:3.0:*:*:*:*:*:*:*,49291F76-5E68-4E0A-8C0A-8A44F83ADB76,2009-04-24T19:04:26.530
Facebook Platform 1.0,Application,Facebook,Facebook Platform,1.0,,cpe:2.3:a:facebook:facebook_platform:1.0:*:*:*:*:*:*:*,9AA721F0-123D-4068-81F3-1C8982829315,2009-04-24T19:04:26.627
Factbites Factbot 1.09,Application,Factbites,Factbot,1.09,,cpe:2.3:a:factbites:factbot:1.09:*:*:*:*:*:*:*,CF0F7D70-1C1D-422D-BBB4-30F5683BB601,2009-04-24T19:04:26.717
Filemaker Filemaker pro 4.0,Application,Filemaker,Filemaker Pro,4.0,,cpe:2.3:a:filemaker:filemaker_pro:4.0:*:*:*:*:*:*:*,9DFA1EF4-9E71-4BA3-AE0D-5350BB153032,2009-04-24T19:04:26.907
Flock 0.7.14,Application,Flock,Flock,0.7.14,,cpe:2.3:a:flock:flock:0.7.14:*:*:*:*:*:*:*,E0B9F233-ACE6-44C8-BA0C-4B959E067A4D,2010-09-14T15:44:12.713
Formsplayer Formsplayer 1.3,Application,Formsplayer,Formsplayer,1.3,,cpe:2.3:a:formsplayer:formsplayer:1.3:*:*:*:*:*:*:*,B0235D6F-D4C5-4D11-839B-41A4B75945EE,2009-04-24T19:04:27.217
Headlightinc Getright 6.1,Application,Headlightinc,Getright,6.1,,cpe:2.3:a:headlightinc:getright:6.1:*:*:*:*:*:*:*,B2C61E3C-BECD-4B40-AD9D-C44E8503F61F,2009-04-24T19:04:27.420
Gigablast Gigabot 2.0,Application,Gigablast,Gigabot,2.0,,cpe:2.3:a:gigablast:gigabot:2.0:*:*:*:*:*:*:*,6460EBCA-0ADE-4FC8-9DD9-AE6E5213024E,2009-04-24T19:04:27.517
Google Googlebot 2.1,Application,Google,Googlebot,2.1,,cpe:2.3:a:google:googlebot:2.1:*:*:*:*:*:*:*,F29A3D9E-6451-44C8-B721-C90ED71226DA,2009-04-24T19:04:27.687
Google Googlebot-image 1.0,Application,Google,Googlebot-Image,1.0,,cpe:2.3:a:google:googlebot-image:1.0:*:*:*:*:*:*:*,3F20DA2C-2427-4440-B721-159DEDB6AE52,2009-04-24T19:04:27.813
Google Chart Server 1.0,Application,Google,Google Chart Server,1.0,,cpe:2.3:a:google:google_chart_server:1.0:*:*:*:*:*:*:*,5BAA3EBD-B3F5-4B5E-A4D4-A808BA3EC37C,2009-04-24T19:04:27.907
Google Web Server (GWT) 2.1,Application,Google,Web Server,2.1,,cpe:2.3:a:google:web_server:2.1:*:*:*:*:*:*:*,FD2D2BD5-388E-4E27-B18B-4D8EC93D72A2,2012-11-20T16:14:32.673
Hotbar HBtools 4.6.2,Application,Hotbar,Hbtools,4.6.2,,cpe:2.3:a:hotbar:hbtools:4.6.2:*:*:*:*:*:*:*,75865AE8-2E07-4DC9-BA6D-57D896590486,2009-04-24T19:04:28.093
Hotlingo 2.0,Application,Hotlingo,Hotlingo,2.0,,cpe:2.3:a:hotlingo:hotlingo:2.0:*:*:*:*:*:*:*,D09B88D4-AA07-436C-BEAB-8FF8BFB98EB9,2009-04-24T19:04:29.157
Visualsoftru Visual Quickbar 3.0,Application,Visualsoftru,Visual Quickbar,3.0,,cpe:2.3:a:visualsoftru:visual_quickbar:3.0:*:*:*:*:*:*:*,64D105B1-A537-49FD-BD7A-A7023312B5AE,2009-04-24T19:04:31.687
Httrack 3.0,Application,Httrack,Httrack,3.0,,cpe:2.3:a:httrack:httrack:3.0:*:*:*:*:*:*:*,05192E86-DA3C-428B-A824-5EA3CC6729C3,2009-04-24T19:04:33.577
Debian Iceape 1.0.9,Application,Debian,Iceape,1.0.9,,cpe:2.3:a:debian:iceape:1.0.9:*:*:*:*:*:*:*,4B829ADA-F314-4C6D-887F-7A498F42159E,2009-04-24T19:04:33.703
Icewarp WebMail 4.1,Application,Icewarp,Webmail,4.1,,cpe:2.3:a:icewarp:webmail:4.1:*:*:*:*:*:*:*,AFEFF3DE-8FCC-4ACD-9363-EBFADAABCCD7,2009-04-24T19:04:33.797
GNU IceCat 2.0.0.1,Application,Gnu,Icecat,2.0.0.1,,cpe:2.3:a:gnu:icecat:2.0.0.1:*:*:*:*:*:*:*,28D48761-0180-459B-8413-B7A955EB1279,2009-04-24T19:04:33.907
Microsoft Internet Explorer Mobile 6.12,Application,Microsoft,Iemobile,6.12,,cpe:2.3:a:microsoft:iemobile:6.12:*:*:*:*:*:*:*,1AE8151A-88A8-4EF9-905A-E23F2C2604D2,2009-04-24T19:04:34.217
Irider 2.21.1108,Application,Irider,Irider,2.21.1108,,cpe:2.3:a:irider:irider:2.21.1108:*:*:*:*:*:*:*,F347E4ED-6E6D-4C9E-B238-D43651652E0A,2009-04-24T19:04:34.530
Tenon iTools 8.0.5,Application,Tenon,Itools,8.0.5,,cpe:2.3:a:tenon:itools:8.0.5:*:*:*:*:*:*:*,7DCE8A3E-C38A-4E2C-8F68-0AFD496EEF70,2009-04-24T19:04:34.627
JetBrains Omea Reader 2.2,Application,Jetbrains,Omea Reader,2.2,,cpe:2.3:a:jetbrains:omea_reader:2.2:*:*:*:*:*:*:*,45C46659-3010-41B7-9DE2-2AC40E32D358,2009-04-24T19:04:35.967
Mortbay Jetty 3.0,Application,Mortbay,Jetty,3.0,,cpe:2.3:a:mortbay:jetty:3.0:*:*:*:*:*:*:*,65CF2852-2C9E-41D9-A912-DCC2F0FCAF0B,2009-04-24T19:04:36.063
W3C Jigsaw 2.2.5,Application,W3,Jigsaw,2.2.5,,cpe:2.3:a:w3:jigsaw:2.2.5:*:*:*:*:*:*:*,4D10403E-0CB1-4B76-9D5E-49BD264262EA,2009-04-24T19:04:37.157
Konqueror 3.0 rc1,Application,Konqueror,Konqueror,3.0,rc1,cpe:2.3:a:konqueror:konqueror:3.0:rc1:*:*:*:*:*:*,126DB948-4987-4B1C-BB36-705A6F272CBD,2009-04-24T19:04:37.267
SilverStripe SilverStripe 2.3.0 release candidate 1,Application,Silverstripe,Silverstripe,2.3.0,rc1,cpe:2.3:a:silverstripe:silverstripe:2.3.0:rc1:*:*:*:*:*:*,DD24E363-FBC4-4DA2-8468-A95471EAA7F3,2012-11-29T03:38:12.687
Konstanty Bialkowski libmodplug 0.8,Application,Konstanty Bialkowski,Libmodplug,0.8,,cpe:2.3:a:konstanty_bialkowski:libmodplug:0.8:*:*:*:*:*:*:*,C99274B5-5E9F-4EDA-B758-6C1740371FFB,2012-06-15T15:12:49.657
Andrew Simpson WebCollab 2.40,Application,Andrew Simpson,Webcollab,2.40,,cpe:2.3:a:andrew_simpson:webcollab:2.40:*:*:*:*:*:*:*,86DF32BC-CC74-4F9C-9426-BDB632667D72,2013-11-12T17:37:35.563
razorCMS 0.3,Application,Razorcms,Razorcms,0.3,,cpe:2.3:a:razorcms:razorcms:0.3:*:*:*:*:*:*:*,44EF893A-695F-44EC-B7BF-B67C00DBACDF,2012-10-23T20:59:25.503
Symantec Endpoint Protection Version 11.0,Application,Symantec,Endpoint Protection,11.0,,cpe:2.3:a:symantec:endpoint_protection:11.0:*:*:*:*:*:*:*,4F7187D6-7D7A-4561-9429-48ECB4545B0B,2010-12-22T20:32:19.007
Gecad Technologies Axigen Mail Server 6.2.2,Application,Gecad,Axigen Mail Server,6.2.2,,cpe:2.3:a:gecad:axigen_mail_server:6.2.2:*:*:*:*:*:*:*,AFE78B5A-2A08-4EEE-8686-18F64C1C0F42,2010-10-13T02:44:30.697
Microsoft Windows Server 2008,Operating System,Microsoft,Windows Server 2008,-,,cpe:2.3:o:microsoft:windows_server_2008:-:*:*:*:*:*:*:*,D4415E05-4F1A-4838-941C-358536746768,2009-04-30T17:26:43.077
Foswiki 1.0.4,Application,Foswiki,Foswiki,1.0.4,,cpe:2.3:a:foswiki:foswiki:1.0.4:*:*:*:*:*:*:*,FA2FFBD5-4CB1-491A-83E1-A85FA40FD223,2013-01-16T19:26:42.373
Intelliants eLitius 1.0,Application,Intelliants,Elitius,1.0,,cpe:2.3:a:intelliants:elitius:1.0:*:*:*:*:*:*:*,85395FD7-E3BD-4C44-8B42-716E11C0C930,2012-10-23T20:59:14.503
Christos Zoulas file 5.00,Application,Christos Zoulas,File,5.00,,cpe:2.3:a:christos_zoulas:file:5.00:*:*:*:*:*:*:*,861549F0-438D-4C23-A906-DC311E9F85DC,2014-03-17T13:47:56.733
Pecio CMS  1.1.5,Application,Pecio-Cms,Pecio Cms,1.1.5,,cpe:2.3:a:pecio-cms:pecio_cms:1.1.5:*:*:*:*:*:*:*,AD780634-A5C0-471A-9511-295371C5F50A,2010-10-13T02:38:19.007
K-Meleon 0.8,Application,Christophe Thibault,K-Meleon,0.8,,cpe:2.3:a:christophe_thibault:k-meleon:0.8:*:*:*:*:*:*:*,584CB95A-B7A5-4ED8-AF0D-334FC1957DA4,2009-05-12T18:26:49.453
Lime Wire LimeWire 4.11.3,Application,Limewire,Limewire,4.11.3,,cpe:2.3:a:limewire:limewire:4.11.3:*:*:*:*:*:*:*,8B88BF11-8226-4975-B128-957B6FD4FA01,2009-05-12T18:26:49.953
LinkChecker 4.4,Application,Bastian Kleineidam,Linkchecker,4.4,,cpe:2.3:a:bastian_kleineidam:linkchecker:4.4:*:*:*:*:*:*:*,7AAA4B31-92F8-4B59-88E1-40BDCC5D366A,2009-05-12T18:26:50.047
Elsop LinkScan 11.5,Application,Elsop,Linkscan,11.5,,cpe:2.3:a:elsop:linkscan:11.5:*:*:*:*:*:*:*,DCBE2BAB-581C-4472-B016-9DF94B05556E,2009-05-12T18:26:50.250
Microsoft Background Intelligent Transfer Service 6.6,Application,Microsoft,Background Intelligent Transfer Service,6.6,,cpe:2.3:a:microsoft:background_intelligent_transfer_service:6.6:*:*:*:*:*:*:*,5FC7ADD6-CCB1-4C8F-AECF-56C853CCDF54,2009-05-12T18:26:50.767
Microsoft IIS 5.06,Application,Microsoft,Iis,5.06,,cpe:2.3:a:microsoft:iis:5.06:*:*:*:*:*:*:*,8DF79EC2-2680-4035-9F18-39A7DBEEAA24,2009-05-12T18:26:50.877
Opera Browser 7.60,Application,Opera,Opera Browser,7.60,,cpe:2.3:a:opera:opera_browser:7.60:*:*:*:*:*:*:*,2ADF166A-F1C0-42D5-89A5-42DBD7860A98,2009-05-12T18:27:05.187
Opera Mini 2.0.4719/1690,Application,Opera,Mini,2.0.4719,1690,cpe:2.3:a:opera:mini:2.0.4719:1690:*:*:*:*:*:*,8D03D229-6980-466A-85FD-4978D444D220,2009-05-12T18:27:07.343
Kaylon Technologies Powermarks 3.0,Application,Kaylon,Powermarks,3.0,,cpe:2.3:a:kaylon:powermarks:3.0:*:*:*:*:*:*:*,9762AFC3-F71B-468D-97B8-045724531919,2009-05-12T18:27:07.717
Mnenhy 0.7.5.0,Application,Karsten Dusterloh,Mnenhy,0.7.5.0,,cpe:2.3:a:karsten_dusterloh:mnenhy:0.7.5.0:*:*:*:*:*:*:*,F884ADFC-DEB6-4ED1-A45D-386E1759D7FA,2009-05-12T18:27:08.017
mod_layout 2.1,Application,Brian Akers,Mod Layout,2.1,,cpe:2.3:a:brian_akers:mod_layout:2.1:*:*:*:*:*:*:*,2433B9FE-3375-4A60-B353-32A529DD9E92,2009-05-12T18:27:08.203
Joomla!,Application,Joomla,Joomla\!,-,,cpe:2.3:a:joomla:joomla\!:-:*:*:*:*:*:*:*,A71478D6-2EBC-4710-98F4-D47EB63DE8F8,2010-11-19T18:33:30.890
Cisco CiscoWorks LAN Management Solution 3.0,Application,Cisco,Ciscoworks Lan Management Solution,3.0,,cpe:2.3:a:cisco:ciscoworks_lan_management_solution:3.0:*:*:*:*:*:*:*,667C61A9-C161-4952-9B90-98EFD1CC5132,2010-11-05T14:32:30.313
CiscoTelePresence Readiness Assessment Manager 1.0,Application,Cisco,Telepresence Readiness Assessment Manager,1.0,,cpe:2.3:a:cisco:telepresence_readiness_assessment_manager:1.0:*:*:*:*:*:*:*,C2632E06-1135-4E22-882D-8AE9C3C02AAE,2010-11-05T14:32:30.860
transmissionbt Transmission 1.50,Application,Transmissionbt,Transmission,1.50,,cpe:2.3:a:transmissionbt:transmission:1.50:*:*:*:*:*:*:*,FF8445CF-D58A-4F53-AA09-7FD67DB34CDC,2012-08-20T18:06:37.120
NLnet Labs NSD 3.2.1,Application,Nlnetlabs,Nsd,3.2.1,,cpe:2.3:a:nlnetlabs:nsd:3.2.1:*:*:*:*:*:*:*,0896E404-D1D0-4FC3-9CCB-160A1ADA27BD,2012-07-31T21:11:37.187
Redhat Dogtag Certificate System,Application,Redhat,Dogtag Certificate System,-,,cpe:2.3:a:redhat:dogtag_certificate_system:-:*:*:*:*:*:*:*,1F8526F3-B3EC-4E37-97B5-B754B68E9106,2010-11-19T18:31:16.483
Apple Bonjour for Windows 1.0.0,Application,Apple,Bonjour,1.0.0,-,cpe:2.3:a:apple:bonjour:1.0.0:-:windows:*:*:*:*:*,B1C48C44-D856-4073-B53D-ACC63D6C3CBD,2009-06-03T19:38:50.233
mod_bwshare 0.1.9,Application,Alan Kennington,Mod Bwshare,0.1.9,,cpe:2.3:a:alan_kennington:mod_bwshare:0.1.9:*:*:*:*:*:*:*,9127C2F6-40EC-45DF-8B35-CBE9667883A7,2009-06-03T20:01:03.577
mod_chroot 0.4,Application,Marek Gutkowski,Mod Chroot,0.4,,cpe:2.3:a:marek_gutkowski:mod_chroot:0.4:*:*:*:*:*:*:*,A39B0638-6BF4-4B7D-A8E0-64F6D9B7DA4D,2009-06-03T20:01:03.780
mod_ldap_userdir 0.9,Application,John Morrissey,Mod Ldap Userdir,0.9,,cpe:2.3:a:john_morrissey:mod_ldap_userdir:0.9:*:*:*:*:*:*:*,8EB96FD5-ABBC-4F08-A1CA-EB740C7FE9C3,2009-06-03T20:01:03.983
Fractal Concept mod_lisp 2.35,Application,Fractalconcept,Mod Lisp,2.35,,cpe:2.3:a:fractalconcept:mod_lisp:2.35:*:*:*:*:*:*:*,508FBA12-9BF3-4372-B335-B5AFA86F4CDD,2009-06-03T20:01:04.437
mod_macro 1.1.1,Application,Fabien Coelho,Mod Macro,1.1.1,,cpe:2.3:a:fabien_coelho:mod_macro:1.1.1:*:*:*:*:*:*:*,7C737306-F24F-448C-BAEA-34DA4C412081,2009-06-03T20:01:04.657
mod_mp3 0.40,Application,Brian Akers,Mod Mp3,0.40,,cpe:2.3:a:brian_akers:mod_mp3:0.40:*:*:*:*:*:*:*,FF0036D2-CAFE-4C32-844C-06DCDDC3D075,2009-06-03T20:01:05.017
mod_spambot 0.47,Application,Nigel Horne,Mod Spambot,0.47,,cpe:2.3:a:nigel_horne:mod_spambot:0.47:*:*:*:*:*:*:*,9484CA8A-84FB-47C9-96FC-74BA3527697B,2009-06-03T20:01:05.140
mod_vhs 1.0.30,Application,Xavier Beaudouin,Mod Vhs,1.0.30,,cpe:2.3:a:xavier_beaudouin:mod_vhs:1.0.30:*:*:*:*:*:*:*,EF26C104-182C-4686-833D-8CA19E7B4C65,2009-06-03T20:01:05.250
Mongrel 0.3.13.3,Application,Zed Shaw,Mongrel,0.3.13.3,,cpe:2.3:a:zed_shaw:mongrel:0.3.13.3:*:*:*:*:*:*:*,27357871-292F-4997-8131-72A62586670D,2009-06-04T22:12:56.827
Stilesoft Netcaptor 7.5.4,Application,Stilesoft,Netcaptor,7.5.4,,cpe:2.3:a:stilesoft:netcaptor:7.5.4:*:*:*:*:*:*:*,853418B3-E2B8-46BD-9C10-66A83FB92987,2009-06-03T20:01:05.577
Omni Group OmniWeb 5.1 563.34,Application,Omnigroup,Omniweb,5.1,563.34,cpe:2.3:a:omnigroup:omniweb:5.1:563.34:*:*:*:*:*:*,A2ABB81C-6CC6-462B-A381-F2CA2D3EF872,2009-06-03T20:01:06.157
PeoplePC PeoplePal 3.0,Application,Peoplepc,Peoplepal,3.0,,cpe:2.3:a:peoplepc:peoplepal:3.0:*:*:*:*:*:*:*,224AFAC1-3FF5-4614-B6F0-FAE2D5E834C2,2009-06-03T20:01:07.670
Ultraseek 5.1.1,Application,Ultraseek,Ultraseek,5.1.1,,cpe:2.3:a:ultraseek:ultraseek:5.1.1:*:*:*:*:*:*:*,1D73D393-3DC2-411F-AC42-679BA66BF654,2009-06-03T20:01:08.420
Plain Black WebGUI 6.8.8,Application,Plainblack,Webgui,6.8.8,,cpe:2.3:a:plainblack:webgui:6.8.8:*:*:*:*:*:*:*,8775C0C7-981F-473E-90E4-4AD0D63D17C7,2009-06-03T20:01:09.250
Xenu's Link Sleuth 1.2d,Application,Tilman Hausherr,Xenu Link Sleuth,1.2d,,cpe:2.3:a:tilman_hausherr:xenu_link_sleuth:1.2d:*:*:*:*:*:*:*,B3B2E12D-77B5-454D-BA7A-604652F8525C,2009-06-03T20:01:09.920
mod_auth_mda 2.0,Application,Heinz Richter,Mod Auth Mda,2.0,,cpe:2.3:a:heinz_richter:mod_auth_mda:2.0:*:*:*:*:*:*:*,839EB2BC-32A3-4C59-BB85-66B2A7CAC943,2009-06-04T22:12:56.767
Apache Software Foundation Apache Portable Runtime Utility library (aka APR-util) 0.9.1,Application,Apache,Apr-Util,0.9.1,,cpe:2.3:a:apache:apr-util:0.9.1:*:*:*:*:*:*:*,537E8D1B-ABA5-49D1-BC43-180D67D31841,2010-10-05T23:00:38.737
IBM FileNet Content Manager 4.0,Application,Ibm,Filenet Content Manager,4.0,,cpe:2.3:a:ibm:filenet_content_manager:4.0:*:*:*:*:*:*:*,0DF048E6-53BA-467F-A792-C2D87BC9F62A,2013-02-04T20:57:03.053
DokuWiki rc2009-02-06,Application,Dokuwiki,Dokuwiki,rc2009-02-06,,cpe:2.3:a:dokuwiki:dokuwiki:rc2009-02-06:*:*:*:*:*:*:*,DDA9EAF2-0A49-4274-88D3-457736DADABC,2012-12-21T16:43:33.627
Taxonomy Manager 5.x-1.0,Application,Mattias Hutterer,Taxonomy Manager,5.x-1.0,,cpe:2.3:a:mattias_hutterer:taxonomy_manager:5.x-1.0:*:*:*:*:*:*:*,D9A05C62-C680-4F51-BF3E-FD52DFD52FBD,2013-04-09T21:34:57.467
PHP-I-BOARD 1.2,Application,Php.S3.To,Php-I-Board,1.2,,cpe:2.3:a:php.s3.to:php-i-board:1.2:*:*:*:*:*:*:*,5C2EA4EC-3C81-4936-8707-3DABD7852B3C,2009-07-14T18:34:36.250
PGP Universal Server 2.6.1,Application,Pgp,Universal Server,2.6.1,,cpe:2.3:a:pgp:universal_server:2.6.1:*:*:*:*:*:*:*,A1C080AE-A112-4D5C-95C8-BB2AF288AA70,2009-07-09T15:25:38.953
AKTIV Phantom 2.5.1,Application,Aktiv,Phantom,2.5.1,,cpe:2.3:a:aktiv:phantom:2.5.1:*:*:*:*:*:*:*,9FF89B8D-E1E8-40C2-A357-97AF1A52B9D1,2009-07-09T15:25:39.843
BPVN Pipeboost 2.0.157,Application,Bpvn,Pipeboost,2.0.157,,cpe:2.3:a:bpvn:pipeboost:2.0.157:*:*:*:*:*:*:*,459D3435-BEDF-4FBC-B8E7-1AE4B410A37A,2009-07-09T15:25:39.937
IndigoRose Setup Factory 7.0,Application,Indigorose,Setup Factory,7.0,,cpe:2.3:a:indigorose:setup_factory:7.0:*:*:*:*:*:*:*,2562FF47-21C2-4314-B5E0-34A3776CDBC1,2009-07-09T15:25:41.187
Fenrir Inc. Sleipnir 2.5.10,Application,Fenrir-Inc,Sleipnir,2.5.10,,cpe:2.3:a:fenrir-inc:sleipnir:2.5.10:*:*:*:*:*:*:*,6FD13623-C11D-4774-898D-0AEC77DFA433,2009-07-09T15:25:41.377
ACME thttpd 1.95,Application,Acme,Thttpd,1.95,,cpe:2.3:a:acme:thttpd:1.95:*:*:*:*:*:*:*,032B8AB0-B2C5-425D-9D3A-664B4F611AA4,2009-07-09T15:25:44.530
Tumbleweed Validation Authority 4.9,Application,Tumbleweed,Validation Authority,4.9,,cpe:2.3:a:tumbleweed:validation_authority:4.9:*:*:*:*:*:*:*,F9524F52-47A5-4B9A-9464-44FB595A250F,2009-07-09T15:25:47.563
FirePHP 0.2.1,Application,Christoph Dorn,Firephp,0.2.1,,cpe:2.3:a:christoph_dorn:firephp:0.2.1:*:*:*:*:*:*:*,9E3397EF-F165-48CB-A2B0-EB9C7D02E156,2009-07-09T15:25:47.670
Twisted Matrix Labs Twisted Web 2.2.0,Application,Twistedmatrix,Twistedweb,2.2.0,,cpe:2.3:a:twistedmatrix:twistedweb:2.2.0:*:*:*:*:*:*:*,3CA69C81-6053-4DC8-AC9C-CCF59AF3C6A2,2009-07-09T15:25:47.877
UCWEB UC Browser 5.1,Application,Ucweb,Uc Browser,5.1,,cpe:2.3:a:ucweb:uc_browser:5.1:*:*:*:*:*:*:*,C05B580C-719A-45DE-B0EE-B6A8458296C0,2009-07-09T15:25:48.063
Inline iHTML 2.17,Application,Inline,Ihtml,2.17,,cpe:2.3:a:inline:ihtml:2.17:*:*:*:*:*:*:*,C34C8972-B397-4DC6-A8CC-AA738F1E8916,2009-07-09T15:25:48.157
REL Software Web Link Validator 4.0,Application,Relsoftware,Web Link Validator,4.0,,cpe:2.3:a:relsoftware:web_link_validator:4.0:*:*:*:*:*:*:*,1488F88E-C451-4898-8234-239183C54E66,2009-07-09T15:25:49.313
Zeus Web Server 3.3,Application,Zeus,Zeus Web Server,3.3,,cpe:2.3:a:zeus:zeus_web_server:3.3:*:*:*:*:*:*:*,62E3E825-F2FD-458A-A188-3AB2EE3EC91A,2009-07-09T15:25:49.610
Wysigot 5.40,Application,Wysigot,Wysigot,5.40,,cpe:2.3:a:wysigot:wysigot:5.40:*:*:*:*:*:*:*,922F93A3-9B28-45F9-80F7-A06A28BD9B19,2009-07-09T15:25:50.093
TuxFamily VHFFS 4.1.0,Application,Tuxfamily,Vhffs,4.1.0,,cpe:2.3:a:tuxfamily:vhffs:4.1.0:*:*:*:*:*:*:*,8C7FFC4F-7F74-4F26-8DEC-E698070D89B0,2009-07-09T15:25:50.767
webGobbler 1.2.2,Application,Sebastien Sauvage,Webgobbler,1.2.2,,cpe:2.3:a:sebastien_sauvage:webgobbler:1.2.2:*:*:*:*:*:*:*,C507E232-665D-44F9-8D36-2564810F491E,2009-07-09T15:25:50.877
PukiWikiMod 1.5.1,Application,Ishii,Pukiwikimod,1.5.1,,cpe:2.3:a:ishii:pukiwikimod:1.5.1:*:*:*:*:*:*:*,27024B0F-8686-4B1A-90D1-AD9D198AAF96,2009-07-09T20:19:12.577
Esoftpro Online Guestbook Pro 5.1,Application,Esoftpro,Online Guestbook Pro,5.1,,cpe:2.3:a:esoftpro:online_guestbook_pro:5.1:*:*:*:*:*:*:*,13B0E6F1-31BC-4458-BCB5-20E2D4C41BB3,2011-12-19T19:56:08.917
Tree BBS (2002/09/23),Application,Php.S3.To,Tree Bbs,2002\/09\/23,,cpe:2.3:a:php.s3.to:tree_bbs:2002\/09\/23:*:*:*:*:*:*:*,CA24E3FC-5DA2-4C98-9264-5A09A831C9C6,2009-07-14T18:34:36.360
Cisco Unified Contact Center Express 7.0(1),Application,Cisco,Unified Ccx,7.0\(1\),,cpe:2.3:a:cisco:unified_ccx:7.0\(1\):*:*:*:*:*:*:*,1492575E-EA6D-459D-95CF-AAB84837C9B1,2012-04-18T21:41:48.390
Cisco Unified IP Interactive Voice Response 7.0(1),Application,Cisco,Unified Ip Ivr,7.0\(1\),,cpe:2.3:a:cisco:unified_ip_ivr:7.0\(1\):*:*:*:*:*:*:*,EDD9A720-B79E-4612-8D01-C336FBEAE1B3,2012-04-18T21:41:50.047
Google V8 1.0,Application,Google,V8,1.0,,cpe:2.3:a:google:v8:1.0:*:*:*:*:*:*:*,25DC554E-7419-4B76-86F3-B0ED3DDF69D9,2016-12-06T14:58:45.900
Alt-N MDaemon 9.6.5,Application,Altn,Mdaemon,9.6.5,,cpe:2.3:a:altn:mdaemon:9.6.5:*:*:*:*:*:*:*,6C40D13A-35C4-4495-83DA-A70EFCC63ED1,2012-08-20T17:14:13.980
Chatelao PHP Address Book 4.0.2,Application,Chatelao,Php Address Book,4.0.2,,cpe:2.3:a:chatelao:php_address_book:4.0.2:*:*:*:*:*:*:*,B020905E-8AF2-46D2-8B8C-871A11F68AB7,2012-06-15T16:31:39.123
squid-cache.org Squid 3.1,Application,Squid-Cache,Squid,3.1,,cpe:2.3:a:squid-cache:squid:3.1:*:*:*:*:*:*:*,B0744CDD-D746-4F24-8D3E-8FDCA158AF94,2010-10-13T02:45:49.617
Apache Software Foundation  Roller 2.3,Application,Apache,Roller,2.3,,cpe:2.3:a:apache:roller:2.3:*:*:*:*:*:*:*,0BBEFAD5-C615-4E29-83FF-51F878A62DEC,2012-07-09T13:48:59.433
Cisco IOS XE 2.4.0,Operating System,Cisco,Ios Xe,2.4.0,,cpe:2.3:o:cisco:ios_xe:2.4.0:*:*:*:*:*:*:*,E7606F65-B37D-4C11-AF92-4246DA5F17CD,2013-04-12T14:18:04.070
XnView 1.92.1,Application,Xnview,Xnview,1.92.1,,cpe:2.3:a:xnview:xnview:1.92.1:*:*:*:*:*:*:*,8C7E6B63-B69E-4259-AAE7-541CF1CF3DD2,2012-07-31T21:12:49.950
Intelliants eSyndiCat Directory 2.2,Application,Intelliants,Esyndicat,2.2,,cpe:2.3:a:intelliants:esyndicat:2.2:*:*:*:*:*:*:*,B75465BC-589B-4BEA-AEFF-FEAE9B503601,2012-10-23T20:59:14.567
IBM WebSphere Commerce 6.0.0.1 (Fix Pack 1),Application,Ibm,Websphere Commerce,6.0.0.1,,cpe:2.3:a:ibm:websphere_commerce:6.0.0.1:*:*:*:*:*:*:*,C1C3830B-0443-428A-AD5C-FCD22C8183BC,2010-11-19T18:28:19.140
Artis Basilic 1.5.13,Application,Artis.Imag,Basilic,1.5.13,,cpe:2.3:a:artis.imag:basilic:1.5.13:*:*:*:*:*:*:*,BB873887-AD9E-4178-9152-C73E759797AE,2012-07-25T18:36:20.493
ntop 3.3.10,Application,Ntop,Ntop,3.3.10,,cpe:2.3:a:ntop:ntop:3.3.10:*:*:*:*:*:*:*,DB0DE8D0-D027-406F-AEC8-88CC1F46DFBB,2014-06-20T02:13:53.570
Efront Learning efront 3.5.1,Application,Efrontlearning,Efront,3.5.1,,cpe:2.3:a:efrontlearning:efront:3.5.1:*:*:*:*:*:*:*,A3B20367-5361-4DC5-A3D4-C7BBFD7A996E,2012-08-20T18:26:09.590
Piwigo 2.0,Application,Piwigo,Piwigo,2.0,,cpe:2.3:a:piwigo:piwigo:2.0:*:*:*:*:*:*:*,1B276D1A-6857-416A-80D3-A6C93665C102,2013-03-20T13:11:45.040
Snow Hall Silurus System (Classifieds) 1.0,Application,Snowhall,Silurus System,1.0,,cpe:2.3:a:snowhall:silurus_system:1.0:*:*:*:*:*:*:*,B5393D0C-AC6D-499E-A29F-F04716843AAA,2010-08-31T01:29:08.857
Pidgin Libpurple 2.6.1,Application,Pidgin,Libpurple,2.6.1,,cpe:2.3:a:pidgin:libpurple:2.6.1:*:*:*:*:*:*:*,AF63956D-833C-4066-82DF-9F28EC98465A,2011-11-09T20:46:09.913
HP Operations Manager 8.1,Application,Hp,Operations Manager,8.1,,cpe:2.3:a:hp:operations_manager:8.1:*:*:*:*:*:*:*,A00A0D0A-0E39-489B-B587-75C8D49F1996,2016-03-03T15:06:08.630
VMWare Movie Decoder 6.5.3,Application,Vmware,Movie Decoder,6.5.3,,cpe:2.3:a:vmware:movie_decoder:6.5.3:*:*:*:*:*:*:*,F17E6BFE-B8FE-44BC-8C7F-24F1A6B883AC,2010-12-14T19:40:11.990
Carnegie Mellon University Cyrus Imap Server 2.2.13,Application,Cmu,Cyrus Imap Server,2.2.13,,cpe:2.3:a:cmu:cyrus_imap_server:2.2.13:*:*:*:*:*:*:*,E5E0DAE5-E170-4B90-9E39-24DA637C50C0,2011-07-06T01:44:54.363
Cisco NX-OS 4.0,Operating System,Cisco,Nx-Os,4.0,,cpe:2.3:o:cisco:nx-os:4.0:*:*:*:*:*:*:*,C9BE7BFD-05F7-42A5-AC84-71D7A41303C3,2023-04-20T17:13:26.440
shiromuku(fs6)DIARY,Application,Shiromuku,Diary,-,,cpe:2.3:a:shiromuku:diary:-:*:fs6:*:*:*:*:*,92EDE6EA-8B1A-4EE5-BA60-B41AF5E72CE9,2009-09-10T18:53:17.983
